dataset,subject_id,model,seed,fingerprint,action,status,job_dir,checkpoint_id,subject_metric,num_recordings,error
weissbart_tf64,P00,ridge,0,078c41cd5c69fa045c4ff1ace40165110034e27c,skip_existing,success,experiments/gate0_gate2_full_subject_single_seed/jobs/weissbart_tf64/P00/ridge/seed_0,ridge_alpha_100.0,0.13254733446979064,15,
weissbart_tf64,P00,cca,0,2813954779217e3442c1fbc21c59c89c49e62484,skip_existing,success,experiments/gate0_gate2_full_subject_single_seed/jobs/weissbart_tf64/P00/cca/seed_0,cca_nc_2,0.06411140220705791,15,
weissbart_tf64,P00,fcnn,0,fbb3f626eadf3ce8fddb6b1cacfe86c1d2ee73ac,skip_existing,success,experiments/gate0_gate2_full_subject_single_seed/jobs/weissbart_tf64/P00/fcnn/seed_0,fcnn_epoch_7,0.06643642328319224,15,
weissbart_tf64,P00,adt,0,100bf2d8226940b8aee36801e36d5f7ffd82a201,skip_existing,success,experiments/gate0_gate2_full_subject_single_seed/jobs/weissbart_tf64/P00/adt/seed_0,adt_epoch_5,0.20621424426632606,15,
weissbart_tf64,P01,ridge,0,596f0f48f4bd54f7a2c229065da012bbde4e0361,skip_existing,success,experiments/gate0_gate2_full_subject_single_seed/jobs/weissbart_tf64/P01/ridge/seed_0,ridge_alpha_1.0,0.08419014163262838,15,
weissbart_tf64,P01,cca,0,42755543d370ac878168e854080e5fb4ffae3623,skip_existing,success,experiments/gate0_gate2_full_subject_single_seed/jobs/weissbart_tf64/P01/cca/seed_0,cca_nc_4,0.09495414914277106,15,
weissbart_tf64,P01,fcnn,0,58f5a4360366efe52f4bac2c97b8ba2b75cb1846,skip_existing,success,experiments/gate0_gate2_full_subject_single_seed/jobs/weissbart_tf64/P01/fcnn/seed_0,fcnn_epoch_5,0.09669471547538426,15,
weissbart_tf64,P01,adt,0,8d404560ac3c55ee9cdad503a0708c312357d61b,skip_existing,success,experiments/gate0_gate2_full_subject_single_seed/jobs/weissbart_tf64/P01/adt/seed_0,adt_epoch_5,0.0942752946739429,15,
weissbart_tf64,P02,ridge,0,2473ed07fd137282d03173b51febcd522fac1b87,skip_existing,success,experiments/gate0_gate2_full_subject_single_seed/jobs/weissbart_tf64/P02/ridge/seed_0,ridge_alpha_100.0,0.1461383795288638,15,
weissbart_tf64,P02,cca,0,f7bda9bb0d80147d02b50105937c0e583bc78097,skip_existing,success,experiments/gate0_gate2_full_subject_single_seed/jobs/weissbart_tf64/P02/cca/seed_0,cca_nc_4,0.04335437285897882,15,
weissbart_tf64,P02,fcnn,0,96177b2851d355dd3d6b826b823bb0570700d869,skip_existing,success,experiments/gate0_gate2_full_subject_single_seed/jobs/weissbart_tf64/P02/fcnn/seed_0,fcnn_epoch_3,0.11354478030750972,15,
weissbart_tf64,P02,adt,0,73720f3421974b0b9118aa383146e56528c8aa3e,skip_existing,success,experiments/gate0_gate2_full_subject_single_seed/jobs/weissbart_tf64/P02/adt/seed_0,adt_epoch_10,0.1335702987037615,15,
weissbart_tf64,P03,ridge,0,c0a80b3506163bc1be766c764663d27451277700,skip_existing,success,experiments/gate0_gate2_full_subject_single_seed/jobs/weissbart_tf64/P03/ridge/seed_0,ridge_alpha_100.0,0.15328675079009205,15,
weissbart_tf64,P03,cca,0,82c271b826d22414883a26ed717edd270a11da49,skip_existing,success,experiments/gate0_gate2_full_subject_single_seed/jobs/weissbart_tf64/P03/cca/seed_0,cca_nc_4,0.09235633099448197,15,
weissbart_tf64,P03,fcnn,0,e1c9f6740f393d36160d675b47db41913b7332dc,skip_existing,success,experiments/gate0_gate2_full_subject_single_seed/jobs/weissbart_tf64/P03/fcnn/seed_0,fcnn_epoch_0,0.09301722644919923,15,
weissbart_tf64,P03,adt,0,0ca4a04627618fb23d148331fdc2a2515c028960,skip_existing,success,experiments/gate0_gate2_full_subject_single_seed/jobs/weissbart_tf64/P03/adt/seed_0,adt_epoch_3,0.17165821755137783,15,
weissbart_tf64,P04,ridge,0,dcc88ecc980c04cdf9e5bf988f6ee84f26945fa0,skip_existing,success,experiments/gate0_gate2_full_subject_single_seed/jobs/weissbart_tf64/P04/ridge/seed_0,ridge_alpha_100.0,0.15641946834537293,15,
weissbart_tf64,P04,cca,0,e2fabba989ac00d73ad5774845e1df2acc2431e9,skip_existing,success,experiments/gate0_gate2_full_subject_single_seed/jobs/weissbart_tf64/P04/cca/seed_0,cca_nc_4,0.07927436820213123,15,
weissbart_tf64,P04,fcnn,0,8fe45c074dd2ec881ef768f54359da67f98a8398,skip_existing,success,experiments/gate0_gate2_full_subject_single_seed/jobs/weissbart_tf64/P04/fcnn/seed_0,fcnn_epoch_0,0.0941646004628128,15,
weissbart_tf64,P04,adt,0,e861ecd0c7f071f1f47f2b85ea437a4eee29982e,skip_existing,success,experiments/gate0_gate2_full_subject_single_seed/jobs/weissbart_tf64/P04/adt/seed_0,adt_epoch_1,0.10152927546619955,15,
weissbart_tf64,P05,ridge,0,bc01bdc7649270fd846e6c171c711a604f962482,skip_existing,success,experiments/gate0_gate2_full_subject_single_seed/jobs/weissbart_tf64/P05/ridge/seed_0,ridge_alpha_1.0,0.15318522294329492,15,
weissbart_tf64,P05,cca,0,31af4229449703a9ea87cc30423cd186bd3f026e,skip_existing,success,experiments/gate0_gate2_full_subject_single_seed/jobs/weissbart_tf64/P05/cca/seed_0,cca_nc_4,0.09124425320427514,15,
weissbart_tf64,P05,fcnn,0,33b186b93ec2a44ee927fd798a1b8d1c14dff2c4,skip_existing,success,experiments/gate0_gate2_full_subject_single_seed/jobs/weissbart_tf64/P05/fcnn/seed_0,fcnn_epoch_1,0.06978308367439218,15,
weissbart_tf64,P05,adt,0,b9530d3115f71710966f16c1bdefe08bc2e0cdd1,skip_existing,success,experiments/gate0_gate2_full_subject_single_seed/jobs/weissbart_tf64/P05/adt/seed_0,adt_epoch_12,0.10389705364696104,15,
weissbart_tf64,P06,ridge,0,ef1d15505f2d85bec634e773c3e6c40675a2f81f,skip_existing,success,experiments/gate0_gate2_full_subject_single_seed/jobs/weissbart_tf64/P06/ridge/seed_0,ridge_alpha_10.0,0.06673353980209834,15,
weissbart_tf64,P06,cca,0,bd64dc16620967a3e1dc0f2f6a4c7a3730a3b3c8,skip_existing,success,experiments/gate0_gate2_full_subject_single_seed/jobs/weissbart_tf64/P06/cca/seed_0,cca_nc_1,0.04920611017410582,15,
weissbart_tf64,P06,fcnn,0,1721fc4d0d580811b62933d52b3420af0eec97e3,skip_existing,success,experiments/gate0_gate2_full_subject_single_seed/jobs/weissbart_tf64/P06/fcnn/seed_0,fcnn_epoch_6,0.0022999500064735407,15,
weissbart_tf64,P06,adt,0,1b3ec96897e047e2473bafa38fc7adf480318afc,skip_existing,success,experiments/gate0_gate2_full_subject_single_seed/jobs/weissbart_tf64/P06/adt/seed_0,adt_epoch_2,0.11759718002086622,15,
weissbart_tf64,P07,ridge,0,14ac1de161707619e4f8660f7452a1cb14afd563,skip_existing,success,experiments/gate0_gate2_full_subject_single_seed/jobs/weissbart_tf64/P07/ridge/seed_0,ridge_alpha_10.0,0.13858419702944305,15,
weissbart_tf64,P07,cca,0,56cfc1f45b43f1a70f55a81c778bd2a9e27c70cf,skip_existing,success,experiments/gate0_gate2_full_subject_single_seed/jobs/weissbart_tf64/P07/cca/seed_0,cca_nc_2,0.11135284179342281,15,
weissbart_tf64,P07,fcnn,0,32f22ed8bd525175c69dbe6d0468dd2e4e987431,skip_existing,success,experiments/gate0_gate2_full_subject_single_seed/jobs/weissbart_tf64/P07/fcnn/seed_0,fcnn_epoch_1,0.1261473819149195,15,
weissbart_tf64,P07,adt,0,a6e74c272a617199798b356c22777bee26ab6363,skip_existing,success,experiments/gate0_gate2_full_subject_single_seed/jobs/weissbart_tf64/P07/adt/seed_0,adt_epoch_1,0.11841530013922809,15,
weissbart_tf64,P08,ridge,0,aa9f5c1cde338b52aca58d29f9d9da660fe21e64,skip_existing,success,experiments/gate0_gate2_full_subject_single_seed/jobs/weissbart_tf64/P08/ridge/seed_0,ridge_alpha_100.0,0.10332106633028906,15,
weissbart_tf64,P08,cca,0,1948017c728041621a0e846632295971a5cbe36b,skip_existing,success,experiments/gate0_gate2_full_subject_single_seed/jobs/weissbart_tf64/P08/cca/seed_0,cca_nc_4,0.10176183935137799,15,
weissbart_tf64,P08,fcnn,0,2092f0e2dcf61fa12df9127806309898c5e624be,skip_existing,success,experiments/gate0_gate2_full_subject_single_seed/jobs/weissbart_tf64/P08/fcnn/seed_0,fcnn_epoch_1,0.08469970304270623,15,
weissbart_tf64,P08,adt,0,a1be1712f1dbf10706ec9c36b2143ff502577b0f,skip_existing,success,experiments/gate0_gate2_full_subject_single_seed/jobs/weissbart_tf64/P08/adt/seed_0,adt_epoch_29,0.06968193262957317,15,
weissbart_tf64,P09,ridge,0,0bf0bba121a2c1ac9f4b329168ad4fc4d7dab8b0,skip_existing,success,experiments/gate0_gate2_full_subject_single_seed/jobs/weissbart_tf64/P09/ridge/seed_0,ridge_alpha_10.0,0.14148315889106838,15,
weissbart_tf64,P09,cca,0,4258ddafca9a2a068b1fc6343bf75976756061d4,skip_existing,success,experiments/gate0_gate2_full_subject_single_seed/jobs/weissbart_tf64/P09/cca/seed_0,cca_nc_4,0.1166026776245573,15,
weissbart_tf64,P09,fcnn,0,3548987224b59097be1997c4077a9513d28a18cf,skip_existing,success,experiments/gate0_gate2_full_subject_single_seed/jobs/weissbart_tf64/P09/fcnn/seed_0,fcnn_epoch_2,0.11950139632887627,15,
weissbart_tf64,P09,adt,0,70581757534e3f3613daf34f433651580c356356,skip_existing,success,experiments/gate0_gate2_full_subject_single_seed/jobs/weissbart_tf64/P09/adt/seed_0,adt_epoch_2,0.17893387249741985,15,
weissbart_tf64,P10,ridge,0,ebbb65e55c46f9c9885fd4fc121b23c74f7003fa,skip_existing,success,experiments/gate0_gate2_full_subject_single_seed/jobs/weissbart_tf64/P10/ridge/seed_0,ridge_alpha_100.0,0.13112665731121304,15,
weissbart_tf64,P10,cca,0,0832ba8acef313af17622ee00d2420205be05158,skip_existing,success,experiments/gate0_gate2_full_subject_single_seed/jobs/weissbart_tf64/P10/cca/seed_0,cca_nc_4,0.09218244704746066,15,
weissbart_tf64,P10,fcnn,0,6868906ae09b58630ceea6db64e6e82acbf85769,skip_existing,success,experiments/gate0_gate2_full_subject_single_seed/jobs/weissbart_tf64/P10/fcnn/seed_0,fcnn_epoch_2,0.06012010503899434,15,
weissbart_tf64,P10,adt,0,09b7d6a58400c9d310e29c5942df73efd4fbecc7,skip_existing,success,experiments/gate0_gate2_full_subject_single_seed/jobs/weissbart_tf64/P10/adt/seed_0,adt_epoch_7,0.0956011076730103,15,
weissbart_tf64,P11,ridge,0,f82ae79287da75ca7ff02e44467d60f4afbdb1cd,skip_existing,success,experiments/gate0_gate2_full_subject_single_seed/jobs/weissbart_tf64/P11/ridge/seed_0,ridge_alpha_10.0,0.1506067789566798,15,
weissbart_tf64,P11,cca,0,5602b856842aaa47a7a7b7d2d10084fd6d3de40f,skip_existing,success,experiments/gate0_gate2_full_subject_single_seed/jobs/weissbart_tf64/P11/cca/seed_0,cca_nc_4,0.08922455910492093,15,
weissbart_tf64,P11,fcnn,0,d105e05f7170faf416417398070f441f8ca87dbb,skip_existing,success,experiments/gate0_gate2_full_subject_single_seed/jobs/weissbart_tf64/P11/fcnn/seed_0,fcnn_epoch_1,0.09074733462673669,15,
weissbart_tf64,P11,adt,0,1b2064ad477c57e26b9059b45d180c258ddcc088,skip_existing,success,experiments/gate0_gate2_full_subject_single_seed/jobs/weissbart_tf64/P11/adt/seed_0,adt_epoch_2,0.1626934130193955,15,
weissbart_tf64,P12,ridge,0,f77d1ac4fd11bcc6ab4d1f3bd815de0b93eaeff6,skip_existing,success,experiments/gate0_gate2_full_subject_single_seed/jobs/weissbart_tf64/P12/ridge/seed_0,ridge_alpha_10.0,0.17372779956779152,15,
weissbart_tf64,P12,cca,0,ba45612d3f733058949a30c97bba48d80f5dc672,skip_existing,success,experiments/gate0_gate2_full_subject_single_seed/jobs/weissbart_tf64/P12/cca/seed_0,cca_nc_2,0.1363743607291315,15,
weissbart_tf64,P12,fcnn,0,e9cd65f5973c5d2cb42ddd91800c15fa6a994755,skip_existing,success,experiments/gate0_gate2_full_subject_single_seed/jobs/weissbart_tf64/P12/fcnn/seed_0,fcnn_epoch_1,0.17704273413877203,15,
weissbart_tf64,P12,adt,0,effa1bc3e741726d6c52c30f55358fa72fd8577c,skip_existing,success,experiments/gate0_gate2_full_subject_single_seed/jobs/weissbart_tf64/P12/adt/seed_0,adt_epoch_3,0.20441027148312615,15,
etard_tf64,P00,ridge,0,1dfdf5b7ec754269a57bb8756dae1f6edbffdc4b,skip_existing,success,experiments/gate0_gate2_full_subject_single_seed/jobs/etard_tf64/P00/ridge/seed_0,ridge_alpha_10.0,0.08856015451578379,24,
etard_tf64,P00,cca,0,b263427bd696fc8f243214fd73a63d4aca53226a,skip_existing,success,experiments/gate0_gate2_full_subject_single_seed/jobs/etard_tf64/P00/cca/seed_0,cca_nc_1,0.06378096758274915,24,
etard_tf64,P00,fcnn,0,d0cbd62b1a7b09fcab78865ced10055f22ea668d,skip_existing,success,experiments/gate0_gate2_full_subject_single_seed/jobs/etard_tf64/P00/fcnn/seed_0,fcnn_epoch_3,0.03089972592054757,24,
etard_tf64,P00,adt,0,16cff443ab2c1452c297c7107ea8aa3302d0648c,skip_existing,success,experiments/gate0_gate2_full_subject_single_seed/jobs/etard_tf64/P00/adt/seed_0,adt_epoch_2,0.09653654483556096,24,
etard_tf64,P01,ridge,0,7d08cb1e1d8eafc7ca2c60ca1af0cd24b1c7e8f5,skip_existing,success,experiments/gate0_gate2_full_subject_single_seed/jobs/etard_tf64/P01/ridge/seed_0,ridge_alpha_1.0,0.09348833170812972,24,
etard_tf64,P01,cca,0,3df45215eb93d2cd9c181f9b8b9664a85656c950,skip_existing,success,experiments/gate0_gate2_full_subject_single_seed/jobs/etard_tf64/P01/cca/seed_0,cca_nc_2,0.09750530042163968,24,
etard_tf64,P01,fcnn,0,93da2f61aae4d52acf99fd201739f68579488bbc,skip_existing,success,experiments/gate0_gate2_full_subject_single_seed/jobs/etard_tf64/P01/fcnn/seed_0,fcnn_epoch_4,0.05831217376563641,24,
etard_tf64,P01,adt,0,beca7a19439cb2c39ba9bf27caafb42fe6d2e124,skip_existing,success,experiments/gate0_gate2_full_subject_single_seed/jobs/etard_tf64/P01/adt/seed_0,adt_epoch_4,0.11405033885718106,24,
etard_tf64,P02,ridge,0,d0bc96c82aa617f5e8a3413df08cbf5eff6bc07b,skip_existing,success,experiments/gate0_gate2_full_subject_single_seed/jobs/etard_tf64/P02/ridge/seed_0,ridge_alpha_100.0,0.07709442757395554,40,
etard_tf64,P02,cca,0,71c22db39f608af7238d408af73ad003ad588820,skip_existing,success,experiments/gate0_gate2_full_subject_single_seed/jobs/etard_tf64/P02/cca/seed_0,cca_nc_4,0.06206988266056327,40,
etard_tf64,P02,fcnn,0,bfdd2293b38fe00970bdb065ce13cd9a24a24b8a,skip_existing,success,experiments/gate0_gate2_full_subject_single_seed/jobs/etard_tf64/P02/fcnn/seed_0,fcnn_epoch_0,0.058882610910616154,40,
etard_tf64,P02,adt,0,c5d9cc1cc62a4f78bafa0a643addb14beee08128,skip_existing,success,experiments/gate0_gate2_full_subject_single_seed/jobs/etard_tf64/P02/adt/seed_0,adt_epoch_8,0.06439682363379626,40,
etard_tf64,P03,ridge,0,b80caffb39b69471263fd6bca5203821ce06a677,skip_existing,success,experiments/gate0_gate2_full_subject_single_seed/jobs/etard_tf64/P03/ridge/seed_0,ridge_alpha_10.0,0.10405487391784017,24,
etard_tf64,P03,cca,0,97d214fcb093456d3924a06ca13f5549befab382,skip_existing,success,experiments/gate0_gate2_full_subject_single_seed/jobs/etard_tf64/P03/cca/seed_0,cca_nc_2,0.07301375262520356,24,
etard_tf64,P03,fcnn,0,5b9f8ed7e8a0606841adca2b2681a88bdb8c94ee,skip_existing,success,experiments/gate0_gate2_full_subject_single_seed/jobs/etard_tf64/P03/fcnn/seed_0,fcnn_epoch_4,0.06592539096571144,24,
etard_tf64,P03,adt,0,3c61116f2fde72fc31abd273f71d0eb0a8b335ed,skip_existing,success,experiments/gate0_gate2_full_subject_single_seed/jobs/etard_tf64/P03/adt/seed_0,adt_epoch_4,0.08146598680639984,24,
etard_tf64,P04,ridge,0,54bc9492e61751ba5672b5459ba77380880d267a,skip_existing,success,experiments/gate0_gate2_full_subject_single_seed/jobs/etard_tf64/P04/ridge/seed_0,ridge_alpha_10.0,0.175744230213875,24,
etard_tf64,P04,cca,0,ec2286bce6561f2abfd40e0f9c3f821703f8f602,skip_existing,success,experiments/gate0_gate2_full_subject_single_seed/jobs/etard_tf64/P04/cca/seed_0,cca_nc_1,0.10368267137331921,24,
etard_tf64,P04,fcnn,0,acf92bd9d4a477f0200a6bab291ec60f2e709722,skip_existing,success,experiments/gate0_gate2_full_subject_single_seed/jobs/etard_tf64/P04/fcnn/seed_0,fcnn_epoch_2,0.10726215165344466,24,
etard_tf64,P04,adt,0,d40c036d6428a45c21c19750a59eeb92cef1892d,skip_existing,success,experiments/gate0_gate2_full_subject_single_seed/jobs/etard_tf64/P04/adt/seed_0,adt_epoch_5,0.18624454274285965,24,
etard_tf64,P05,ridge,0,27c8edb2e501f54a9b790f9865591da1a35b462e,skip_existing,success,experiments/gate0_gate2_full_subject_single_seed/jobs/etard_tf64/P05/ridge/seed_0,ridge_alpha_1.0,0.16560623028155064,24,
etard_tf64,P05,cca,0,87642589de788c9eb4a0866c86f9366c713ceaac,skip_existing,success,experiments/gate0_gate2_full_subject_single_seed/jobs/etard_tf64/P05/cca/seed_0,cca_nc_2,0.08291126809368692,24,
etard_tf64,P05,fcnn,0,7927ae7a6b6bfcb3cdc16e4e74d6021476599b93,skip_existing,success,experiments/gate0_gate2_full_subject_single_seed/jobs/etard_tf64/P05/fcnn/seed_0,fcnn_epoch_4,0.0772836962806794,24,
etard_tf64,P05,adt,0,5195415a4d1110032e9f5b85c131d45e33de78bd,skip_existing,success,experiments/gate0_gate2_full_subject_single_seed/jobs/etard_tf64/P05/adt/seed_0,adt_epoch_14,0.09926028846651712,24,
etard_tf64,P06,ridge,0,6ea1fc8659a6bf444b059393208469a40d583b75,skip_existing,success,experiments/gate0_gate2_full_subject_single_seed/jobs/etard_tf64/P06/ridge/seed_0,ridge_alpha_100.0,0.07456562557998551,40,
etard_tf64,P06,cca,0,506beac4bc9f7502fa86f2c0724faa344ea6c180,skip_existing,success,experiments/gate0_gate2_full_subject_single_seed/jobs/etard_tf64/P06/cca/seed_0,cca_nc_4,0.05466787667077335,40,
etard_tf64,P06,fcnn,0,cd7f2a9dbd3c3c0607b0c9d7ed9bfc989bd1ed99,skip_existing,success,experiments/gate0_gate2_full_subject_single_seed/jobs/etard_tf64/P06/fcnn/seed_0,fcnn_epoch_2,0.04736025961039863,40,
etard_tf64,P06,adt,0,eb79644c1e75920be8e17d14bccb2a81d02364a3,skip_existing,success,experiments/gate0_gate2_full_subject_single_seed/jobs/etard_tf64/P06/adt/seed_0,adt_epoch_5,0.07824610586560414,40,
etard_tf64,P07,ridge,0,5e7e8e45ae2b618ae007812e8d59f63aa55ca267,skip_existing,success,experiments/gate0_gate2_full_subject_single_seed/jobs/etard_tf64/P07/ridge/seed_0,ridge_alpha_100.0,0.053227695766529526,40,
etard_tf64,P07,cca,0,11f6091665f237a59f3c024fdefbaa0366441c96,skip_existing,success,experiments/gate0_gate2_full_subject_single_seed/jobs/etard_tf64/P07/cca/seed_0,cca_nc_4,0.04813761913481267,40,
etard_tf64,P07,fcnn,0,048194b470a9e28ed748860903f4fc3246d520b8,skip_existing,success,experiments/gate0_gate2_full_subject_single_seed/jobs/etard_tf64/P07/fcnn/seed_0,fcnn_epoch_2,0.04177073348545885,40,
etard_tf64,P07,adt,0,290dd03e39692f3bb5bd20d066b87b20f070d380,skip_existing,success,experiments/gate0_gate2_full_subject_single_seed/jobs/etard_tf64/P07/adt/seed_0,adt_epoch_6,0.049861735416904696,40,
etard_tf64,P08,ridge,0,b02aa62926023714d9ef06fad4191a0585739e7f,skip_existing,success,experiments/gate0_gate2_full_subject_single_seed/jobs/etard_tf64/P08/ridge/seed_0,ridge_alpha_100.0,0.13968358567888628,40,
etard_tf64,P08,cca,0,2a6b6cd9e2b8eb9c44c3c103d842827040e0d759,skip_existing,success,experiments/gate0_gate2_full_subject_single_seed/jobs/etard_tf64/P08/cca/seed_0,cca_nc_4,0.07555111566470898,40,
etard_tf64,P08,fcnn,0,7f05f0ec13d5e155299d13fd8701c96e83485eb7,skip_existing,success,experiments/gate0_gate2_full_subject_single_seed/jobs/etard_tf64/P08/fcnn/seed_0,fcnn_epoch_3,0.08142240033347493,40,
etard_tf64,P08,adt,0,5b0f39a00090fa7fe6bd1c00af3f6cd52f2aeee3,skip_existing,success,experiments/gate0_gate2_full_subject_single_seed/jobs/etard_tf64/P08/adt/seed_0,adt_epoch_2,0.15441509786735494,40,
etard_tf64,P09,ridge,0,5495c53068be4168b075e6b1c9ca67e70acfab22,skip_existing,success,experiments/gate0_gate2_full_subject_single_seed/jobs/etard_tf64/P09/ridge/seed_0,ridge_alpha_100.0,0.10027054598356153,40,
etard_tf64,P09,cca,0,5107bd2b9d7a1eb5bd5cccd1412d7ef1c464f631,skip_existing,success,experiments/gate0_gate2_full_subject_single_seed/jobs/etard_tf64/P09/cca/seed_0,cca_nc_4,0.0699837192568564,40,
etard_tf64,P09,fcnn,0,e7f0761f65cf40cdcd8282cc79d1ac738618c88f,skip_existing,success,experiments/gate0_gate2_full_subject_single_seed/jobs/etard_tf64/P09/fcnn/seed_0,fcnn_epoch_4,0.06090749762007626,40,
etard_tf64,P09,adt,0,85b209b29aff1b58470bae55d5ffcc3eaf01fd65,skip_existing,success,experiments/gate0_gate2_full_subject_single_seed/jobs/etard_tf64/P09/adt/seed_0,adt_epoch_4,0.11294602654166166,40,
etard_tf64,P10,ridge,0,c744a60682ac763daaac433a8ecb585648a16dde,skip_existing,success,experiments/gate0_gate2_full_subject_single_seed/jobs/etard_tf64/P10/ridge/seed_0,ridge_alpha_100.0,0.14400813039919944,40,
etard_tf64,P10,cca,0,68578c7e4100e65b55ded375703902bad877c9e5,skip_existing,success,experiments/gate0_gate2_full_subject_single_seed/jobs/etard_tf64/P10/cca/seed_0,cca_nc_1,0.1052584234569652,40,
etard_tf64,P10,fcnn,0,9c38457f58ee397d6d3afc6908ea4f69b795b9d1,skip_existing,success,experiments/gate0_gate2_full_subject_single_seed/jobs/etard_tf64/P10/fcnn/seed_0,fcnn_epoch_1,0.09636906989887803,40,
etard_tf64,P10,adt,0,60a37a9460d63adc96c92e02b46f639e19a487e0,skip_existing,success,experiments/gate0_gate2_full_subject_single_seed/jobs/etard_tf64/P10/adt/seed_0,adt_epoch_3,0.1827733827426333,40,
etard_tf64,P11,ridge,0,f71a0d33d2846e82d53a6f5dfb88f652ebb5f260,skip_existing,success,experiments/gate0_gate2_full_subject_single_seed/jobs/etard_tf64/P11/ridge/seed_0,ridge_alpha_0.001,0.044848313231063586,16,
etard_tf64,P11,cca,0,2937b53e08933cc8d4b393fa6ff485051a91d103,skip_existing,success,experiments/gate0_gate2_full_subject_single_seed/jobs/etard_tf64/P11/cca/seed_0,cca_nc_1,0.01697478173375066,16,
etard_tf64,P11,fcnn,0,88b9361e756550a3a11526aaf43411976d5fde26,skip_existing,success,experiments/gate0_gate2_full_subject_single_seed/jobs/etard_tf64/P11/fcnn/seed_0,fcnn_epoch_1,0.05252191227174807,16,
etard_tf64,P11,adt,0,b3498cca8f460e7533b890e1f9e23c2f6b342510,skip_existing,success,experiments/gate0_gate2_full_subject_single_seed/jobs/etard_tf64/P11/adt/seed_0,adt_epoch_1,0.029016418840218917,16,
etard_tf64,P12,ridge,0,ad9dc316a5c1bbbc5b30a6580937c8699f6334b5,skip_existing,success,experiments/gate0_gate2_full_subject_single_seed/jobs/etard_tf64/P12/ridge/seed_0,ridge_alpha_1.0,0.051038192714147876,16,
etard_tf64,P12,cca,0,733012cd96a630303b6271a4f6879310c200bf6d,skip_existing,success,experiments/gate0_gate2_full_subject_single_seed/jobs/etard_tf64/P12/cca/seed_0,cca_nc_2,0.0477233194092052,16,
etard_tf64,P12,fcnn,0,839f1f8488f22da64074019b27e0e03c3cc8fcfb,skip_existing,success,experiments/gate0_gate2_full_subject_single_seed/jobs/etard_tf64/P12/fcnn/seed_0,fcnn_epoch_4,0.024303849912917456,16,
etard_tf64,P12,adt,0,8bdce4ec630cd06a626ab9b79d9e668cc007cd1b,skip_existing,success,experiments/gate0_gate2_full_subject_single_seed/jobs/etard_tf64/P12/adt/seed_0,adt_epoch_6,0.07405633867954906,16,
etard_tf64,P13,ridge,0,126c2ae7bbc378534740fc11d2b524f159f28604,skip_existing,success,experiments/gate0_gate2_full_subject_single_seed/jobs/etard_tf64/P13/ridge/seed_0,ridge_alpha_100.0,0.08236454245340001,40,
etard_tf64,P13,cca,0,ce9b358caf40969bd2d6dd6df46e5ae5101d3ba7,skip_existing,success,experiments/gate0_gate2_full_subject_single_seed/jobs/etard_tf64/P13/cca/seed_0,cca_nc_1,0.06220989017493215,40,
etard_tf64,P13,fcnn,0,ac57488f4a1491b7c0ea609d4ea193d8fbcc02c2,skip_existing,success,experiments/gate0_gate2_full_subject_single_seed/jobs/etard_tf64/P13/fcnn/seed_0,fcnn_epoch_2,0.05594610597871378,40,
etard_tf64,P13,adt,0,9e6e5f4dae7e8008b049b34e0056ad537ac58b0a,skip_existing,success,experiments/gate0_gate2_full_subject_single_seed/jobs/etard_tf64/P13/adt/seed_0,adt_epoch_4,0.08579810598113084,40,
etard_tf64,P14,ridge,0,707397c55c164038f7ec44d0058a89eaa9752160,skip_existing,success,experiments/gate0_gate2_full_subject_single_seed/jobs/etard_tf64/P14/ridge/seed_0,ridge_alpha_100.0,0.07104625573321281,40,
etard_tf64,P14,cca,0,bdf037255bf7aa110654474856b4be16c900fe44,skip_existing,success,experiments/gate0_gate2_full_subject_single_seed/jobs/etard_tf64/P14/cca/seed_0,cca_nc_4,0.05426455228402065,40,
etard_tf64,P14,fcnn,0,76da2f6882edf427f755186a127db8cde77029fc,skip_existing,success,experiments/gate0_gate2_full_subject_single_seed/jobs/etard_tf64/P14/fcnn/seed_0,fcnn_epoch_0,0.05190032498483782,40,
etard_tf64,P14,adt,0,b2b72709a2a38ca9180f4dc7384c1e7af04a73b7,skip_existing,success,experiments/gate0_gate2_full_subject_single_seed/jobs/etard_tf64/P14/adt/seed_0,adt_epoch_2,0.09911691622566152,40,
etard_tf64,P15,ridge,0,1a95494cdec2d42c931c13741ba7299325d6ef53,skip_existing,success,experiments/gate0_gate2_full_subject_single_seed/jobs/etard_tf64/P15/ridge/seed_0,ridge_alpha_10.0,0.06723994153100096,40,
etard_tf64,P15,cca,0,26b0a0a8e8e3c4ab87014b7f412aa9c5102f9abe,skip_existing,success,experiments/gate0_gate2_full_subject_single_seed/jobs/etard_tf64/P15/cca/seed_0,cca_nc_2,0.06403554735057461,40,
etard_tf64,P15,fcnn,0,fed83279b362d5d008083d86f86e0aeff74f06d8,skip_existing,success,experiments/gate0_gate2_full_subject_single_seed/jobs/etard_tf64/P15/fcnn/seed_0,fcnn_epoch_6,0.04354849531293719,40,
etard_tf64,P15,adt,0,4d9d3bd23d38bb72154d28034efa3a3e85698044,skip_existing,success,experiments/gate0_gate2_full_subject_single_seed/jobs/etard_tf64/P15/adt/seed_0,adt_epoch_6,0.048881689855330424,40,
etard_tf64,P16,ridge,0,e89bfbaac2f98137400a0c387a38025032298dd1,skip_existing,success,experiments/gate0_gate2_full_subject_single_seed/jobs/etard_tf64/P16/ridge/seed_0,ridge_alpha_100.0,0.11812743311029035,40,
etard_tf64,P16,cca,0,bfa556b6c68fbd734b2eef24fdea6b0dfda67681,skip_existing,success,experiments/gate0_gate2_full_subject_single_seed/jobs/etard_tf64/P16/cca/seed_0,cca_nc_1,0.0409265315396537,40,
etard_tf64,P16,fcnn,0,be2a8001f5ad233251176c765848fa03ebdc5c1d,skip_existing,success,experiments/gate0_gate2_full_subject_single_seed/jobs/etard_tf64/P16/fcnn/seed_0,fcnn_epoch_6,0.05465808152612578,40,
etard_tf64,P16,adt,0,c46de1db3d1d8402014b7f9ec30f54c5d454a37b,skip_existing,success,experiments/gate0_gate2_full_subject_single_seed/jobs/etard_tf64/P16/adt/seed_0,adt_epoch_5,0.1077967528328446,40,
etard_tf64,P17,ridge,0,175768a27f83fe10af54654015ec9173bc10324e,skip_existing,success,experiments/gate0_gate2_full_subject_single_seed/jobs/etard_tf64/P17/ridge/seed_0,ridge_alpha_10.0,0.1479816307863569,40,
etard_tf64,P17,cca,0,c1e9518049971157d667675f54ff718f874351f3,skip_existing,success,experiments/gate0_gate2_full_subject_single_seed/jobs/etard_tf64/P17/cca/seed_0,cca_nc_4,0.09540382930206373,40,
etard_tf64,P17,fcnn,0,ce085160822b338448dd7c3966cbbacdb5b9227a,skip_existing,success,experiments/gate0_gate2_full_subject_single_seed/jobs/etard_tf64/P17/fcnn/seed_0,fcnn_epoch_1,0.07856063094393025,40,
etard_tf64,P17,adt,0,a4e5d7bc4c8ae9a394d9d03c6188a8c4485be844,skip_existing,success,experiments/gate0_gate2_full_subject_single_seed/jobs/etard_tf64/P17/adt/seed_0,adt_epoch_3,0.10034419776260006,40,
etard_tf64,P18,ridge,0,8d4d03993a566fe3004023c49db60afc9c34995d,skip_existing,success,experiments/gate0_gate2_full_subject_single_seed/jobs/etard_tf64/P18/ridge/seed_0,ridge_alpha_1.0,0.10787007903537287,40,
etard_tf64,P18,cca,0,c22fb775f0bc76e34f7bd662a4a9e062a5db831a,skip_existing,success,experiments/gate0_gate2_full_subject_single_seed/jobs/etard_tf64/P18/cca/seed_0,cca_nc_1,0.07395422785112646,40,
etard_tf64,P18,fcnn,0,fd80af98e97cf30929b82890ba298051b7f60d09,skip_existing,success,experiments/gate0_gate2_full_subject_single_seed/jobs/etard_tf64/P18/fcnn/seed_0,fcnn_epoch_2,0.06845165032467324,40,
etard_tf64,P18,adt,0,c8bfe8cefbd099b4b64511b32d91660236884ed2,skip_existing,success,experiments/gate0_gate2_full_subject_single_seed/jobs/etard_tf64/P18/adt/seed_0,adt_epoch_5,0.08393450999416367,40,
etard_tf64,P19,ridge,0,791203947e60af9437228739dfce0f89f60cace0,skip_existing,success,experiments/gate0_gate2_full_subject_single_seed/jobs/etard_tf64/P19/ridge/seed_0,ridge_alpha_100.0,0.16145018933092758,40,
etard_tf64,P19,cca,0,7e1514ce56e38d8a480b169eda85a4252b045a3b,skip_existing,success,experiments/gate0_gate2_full_subject_single_seed/jobs/etard_tf64/P19/cca/seed_0,cca_nc_2,0.10494068293072975,40,
etard_tf64,P19,fcnn,0,c861b1f98c24ce69a24220a9e9f876eaea67e3bc,skip_existing,success,experiments/gate0_gate2_full_subject_single_seed/jobs/etard_tf64/P19/fcnn/seed_0,fcnn_epoch_2,0.0861283333444894,40,
etard_tf64,P19,adt,0,079d97615e6ddd99559d30d54ad5d6e51a9a2b2b,skip_existing,success,experiments/gate0_gate2_full_subject_single_seed/jobs/etard_tf64/P19/adt/seed_0,adt_epoch_6,0.17837210956403612,40,
