native_index_1based,channel_label,sensor_type,is_magnetometer,is_gradiometer,mag102_index_1based
1,MEG0111,megmag,1,0,1
2,MEG0112,megplanar,0,1,
3,MEG0113,megplanar,0,1,
4,MEG0121,megmag,1,0,2
5,MEG0122,megplanar,0,1,
6,MEG0123,megplanar,0,1,
7,MEG0131,megmag,1,0,3
8,MEG0132,megplanar,0,1,
9,MEG0133,megplanar,0,1,
10,MEG0141,megmag,1,0,4
11,MEG0142,megplanar,0,1,
12,MEG0143,megplanar,0,1,
13,MEG0211,megmag,1,0,5
14,MEG0212,megplanar,0,1,
15,MEG0213,megplanar,0,1,
16,MEG0221,megmag,1,0,6
17,MEG0222,megplanar,0,1,
18,MEG0223,megplanar,0,1,
19,MEG0231,megmag,1,0,7
20,MEG0232,megplanar,0,1,
21,MEG0233,megplanar,0,1,
22,MEG0241,megmag,1,0,8
23,MEG0242,megplanar,0,1,
24,MEG0243,megplanar,0,1,
25,MEG0311,megmag,1,0,9
26,MEG0312,megplanar,0,1,
27,MEG0313,megplanar,0,1,
28,MEG0321,megmag,1,0,10
29,MEG0322,megplanar,0,1,
30,MEG0323,megplanar,0,1,
31,MEG0331,megmag,1,0,11
32,MEG0332,megplanar,0,1,
33,MEG0333,megplanar,0,1,
34,MEG0341,megmag,1,0,12
35,MEG0342,megplanar,0,1,
36,MEG0343,megplanar,0,1,
37,MEG0411,megmag,1,0,13
38,MEG0412,megplanar,0,1,
39,MEG0413,megplanar,0,1,
40,MEG0421,megmag,1,0,14
41,MEG0422,megplanar,0,1,
42,MEG0423,megplanar,0,1,
43,MEG0431,megmag,1,0,15
44,MEG0432,megplanar,0,1,
45,MEG0433,megplanar,0,1,
46,MEG0441,megmag,1,0,16
47,MEG0442,megplanar,0,1,
48,MEG0443,megplanar,0,1,
49,MEG0511,megmag,1,0,17
50,MEG0512,megplanar,0,1,
51,MEG0513,megplanar,0,1,
52,MEG0521,megmag,1,0,18
53,MEG0522,megplanar,0,1,
54,MEG0523,megplanar,0,1,
55,MEG0531,megmag,1,0,19
56,MEG0532,megplanar,0,1,
57,MEG0533,megplanar,0,1,
58,MEG0541,megmag,1,0,20
59,MEG0542,megplanar,0,1,
60,MEG0543,megplanar,0,1,
61,MEG0611,megmag,1,0,21
62,MEG0612,megplanar,0,1,
63,MEG0613,megplanar,0,1,
64,MEG0621,megmag,1,0,22
65,MEG0622,megplanar,0,1,
66,MEG0623,megplanar,0,1,
67,MEG0631,megmag,1,0,23
68,MEG0632,megplanar,0,1,
69,MEG0633,megplanar,0,1,
70,MEG0641,megmag,1,0,24
71,MEG0642,megplanar,0,1,
72,MEG0643,megplanar,0,1,
73,MEG0711,megmag,1,0,25
74,MEG0712,megplanar,0,1,
75,MEG0713,megplanar,0,1,
76,MEG0721,megmag,1,0,26
77,MEG0722,megplanar,0,1,
78,MEG0723,megplanar,0,1,
79,MEG0731,megmag,1,0,27
80,MEG0732,megplanar,0,1,
81,MEG0733,megplanar,0,1,
82,MEG0741,megmag,1,0,28
83,MEG0742,megplanar,0,1,
84,MEG0743,megplanar,0,1,
85,MEG0811,megmag,1,0,29
86,MEG0812,megplanar,0,1,
87,MEG0813,megplanar,0,1,
88,MEG0821,megmag,1,0,30
89,MEG0822,megplanar,0,1,
90,MEG0823,megplanar,0,1,
91,MEG0911,megmag,1,0,31
92,MEG0912,megplanar,0,1,
93,MEG0913,megplanar,0,1,
94,MEG0921,megmag,1,0,32
95,MEG0922,megplanar,0,1,
96,MEG0923,megplanar,0,1,
97,MEG0931,megmag,1,0,33
98,MEG0932,megplanar,0,1,
99,MEG0933,megplanar,0,1,
100,MEG0941,megmag,1,0,34
101,MEG0942,megplanar,0,1,
102,MEG0943,megplanar,0,1,
103,MEG1011,megmag,1,0,35
104,MEG1012,megplanar,0,1,
105,MEG1013,megplanar,0,1,
106,MEG1021,megmag,1,0,36
107,MEG1022,megplanar,0,1,
108,MEG1023,megplanar,0,1,
109,MEG1031,megmag,1,0,37
110,MEG1032,megplanar,0,1,
111,MEG1033,megplanar,0,1,
112,MEG1041,megmag,1,0,38
113,MEG1042,megplanar,0,1,
114,MEG1043,megplanar,0,1,
115,MEG1111,megmag,1,0,39
116,MEG1112,megplanar,0,1,
117,MEG1113,megplanar,0,1,
118,MEG1121,megmag,1,0,40
119,MEG1122,megplanar,0,1,
120,MEG1123,megplanar,0,1,
121,MEG1131,megmag,1,0,41
122,MEG1132,megplanar,0,1,
123,MEG1133,megplanar,0,1,
124,MEG1141,megmag,1,0,42
125,MEG1142,megplanar,0,1,
126,MEG1143,megplanar,0,1,
127,MEG1211,megmag,1,0,43
128,MEG1212,megplanar,0,1,
129,MEG1213,megplanar,0,1,
130,MEG1221,megmag,1,0,44
131,MEG1222,megplanar,0,1,
132,MEG1223,megplanar,0,1,
133,MEG1231,megmag,1,0,45
134,MEG1232,megplanar,0,1,
135,MEG1233,megplanar,0,1,
136,MEG1241,megmag,1,0,46
137,MEG1242,megplanar,0,1,
138,MEG1243,megplanar,0,1,
139,MEG1311,megmag,1,0,47
140,MEG1312,megplanar,0,1,
141,MEG1313,megplanar,0,1,
142,MEG1321,megmag,1,0,48
143,MEG1322,megplanar,0,1,
144,MEG1323,megplanar,0,1,
145,MEG1331,megmag,1,0,49
146,MEG1332,megplanar,0,1,
147,MEG1333,megplanar,0,1,
148,MEG1341,megmag,1,0,50
149,MEG1342,megplanar,0,1,
150,MEG1343,megplanar,0,1,
151,MEG1411,megmag,1,0,51
152,MEG1412,megplanar,0,1,
153,MEG1413,megplanar,0,1,
154,MEG1421,megmag,1,0,52
155,MEG1422,megplanar,0,1,
156,MEG1423,megplanar,0,1,
157,MEG1431,megmag,1,0,53
158,MEG1432,megplanar,0,1,
159,MEG1433,megplanar,0,1,
160,MEG1441,megmag,1,0,54
161,MEG1442,megplanar,0,1,
162,MEG1443,megplanar,0,1,
163,MEG1511,megmag,1,0,55
164,MEG1512,megplanar,0,1,
165,MEG1513,megplanar,0,1,
166,MEG1521,megmag,1,0,56
167,MEG1522,megplanar,0,1,
168,MEG1523,megplanar,0,1,
169,MEG1531,megmag,1,0,57
170,MEG1532,megplanar,0,1,
171,MEG1533,megplanar,0,1,
172,MEG1541,megmag,1,0,58
173,MEG1542,megplanar,0,1,
174,MEG1543,megplanar,0,1,
175,MEG1611,megmag,1,0,59
176,MEG1612,megplanar,0,1,
177,MEG1613,megplanar,0,1,
178,MEG1621,megmag,1,0,60
179,MEG1622,megplanar,0,1,
180,MEG1623,megplanar,0,1,
181,MEG1631,megmag,1,0,61
182,MEG1632,megplanar,0,1,
183,MEG1633,megplanar,0,1,
184,MEG1641,megmag,1,0,62
185,MEG1642,megplanar,0,1,
186,MEG1643,megplanar,0,1,
187,MEG1711,megmag,1,0,63
188,MEG1712,megplanar,0,1,
189,MEG1713,megplanar,0,1,
190,MEG1721,megmag,1,0,64
191,MEG1722,megplanar,0,1,
192,MEG1723,megplanar,0,1,
193,MEG1731,megmag,1,0,65
194,MEG1732,megplanar,0,1,
195,MEG1733,megplanar,0,1,
196,MEG1741,megmag,1,0,66
197,MEG1742,megplanar,0,1,
198,MEG1743,megplanar,0,1,
199,MEG1811,megmag,1,0,67
200,MEG1812,megplanar,0,1,
201,MEG1813,megplanar,0,1,
202,MEG1821,megmag,1,0,68
203,MEG1822,megplanar,0,1,
204,MEG1823,megplanar,0,1,
205,MEG1831,megmag,1,0,69
206,MEG1832,megplanar,0,1,
207,MEG1833,megplanar,0,1,
208,MEG1841,megmag,1,0,70
209,MEG1842,megplanar,0,1,
210,MEG1843,megplanar,0,1,
211,MEG1911,megmag,1,0,71
212,MEG1912,megplanar,0,1,
213,MEG1913,megplanar,0,1,
214,MEG1921,megmag,1,0,72
215,MEG1922,megplanar,0,1,
216,MEG1923,megplanar,0,1,
217,MEG1931,megmag,1,0,73
218,MEG1932,megplanar,0,1,
219,MEG1933,megplanar,0,1,
220,MEG1941,megmag,1,0,74
221,MEG1942,megplanar,0,1,
222,MEG1943,megplanar,0,1,
223,MEG2011,megmag,1,0,75
224,MEG2012,megplanar,0,1,
225,MEG2013,megplanar,0,1,
226,MEG2021,megmag,1,0,76
227,MEG2022,megplanar,0,1,
228,MEG2023,megplanar,0,1,
229,MEG2031,megmag,1,0,77
230,MEG2032,megplanar,0,1,
231,MEG2033,megplanar,0,1,
232,MEG2041,megmag,1,0,78
233,MEG2042,megplanar,0,1,
234,MEG2043,megplanar,0,1,
235,MEG2111,megmag,1,0,79
236,MEG2112,megplanar,0,1,
237,MEG2113,megplanar,0,1,
238,MEG2121,megmag,1,0,80
239,MEG2122,megplanar,0,1,
240,MEG2123,megplanar,0,1,
241,MEG2131,megmag,1,0,81
242,MEG2132,megplanar,0,1,
243,MEG2133,megplanar,0,1,
244,MEG2141,megmag,1,0,82
245,MEG2142,megplanar,0,1,
246,MEG2143,megplanar,0,1,
247,MEG2211,megmag,1,0,83
248,MEG2212,megplanar,0,1,
249,MEG2213,megplanar,0,1,
250,MEG2221,megmag,1,0,84
251,MEG2222,megplanar,0,1,
252,MEG2223,megplanar,0,1,
253,MEG2231,megmag,1,0,85
254,MEG2232,megplanar,0,1,
255,MEG2233,megplanar,0,1,
256,MEG2241,megmag,1,0,86
257,MEG2242,megplanar,0,1,
258,MEG2243,megplanar,0,1,
259,MEG2311,megmag,1,0,87
260,MEG2312,megplanar,0,1,
261,MEG2313,megplanar,0,1,
262,MEG2321,megmag,1,0,88
263,MEG2322,megplanar,0,1,
264,MEG2323,megplanar,0,1,
265,MEG2331,megmag,1,0,89
266,MEG2332,megplanar,0,1,
267,MEG2333,megplanar,0,1,
268,MEG2341,megmag,1,0,90
269,MEG2342,megplanar,0,1,
270,MEG2343,megplanar,0,1,
271,MEG2411,megmag,1,0,91
272,MEG2412,megplanar,0,1,
273,MEG2413,megplanar,0,1,
274,MEG2421,megmag,1,0,92
275,MEG2422,megplanar,0,1,
276,MEG2423,megplanar,0,1,
277,MEG2431,megmag,1,0,93
278,MEG2432,megplanar,0,1,
279,MEG2433,megplanar,0,1,
280,MEG2441,megmag,1,0,94
281,MEG2442,megplanar,0,1,
282,MEG2443,megplanar,0,1,
283,MEG2511,megmag,1,0,95
284,MEG2512,megplanar,0,1,
285,MEG2513,megplanar,0,1,
286,MEG2521,megmag,1,0,96
287,MEG2522,megplanar,0,1,
288,MEG2523,megplanar,0,1,
289,MEG2531,megmag,1,0,97
290,MEG2532,megplanar,0,1,
291,MEG2533,megplanar,0,1,
292,MEG2541,megmag,1,0,98
293,MEG2542,megplanar,0,1,
294,MEG2543,megplanar,0,1,
295,MEG2611,megmag,1,0,99
296,MEG2612,megplanar,0,1,
297,MEG2613,megplanar,0,1,
298,MEG2621,megmag,1,0,100
299,MEG2622,megplanar,0,1,
300,MEG2623,megplanar,0,1,
301,MEG2631,megmag,1,0,101
302,MEG2632,megplanar,0,1,
303,MEG2633,megplanar,0,1,
304,MEG2641,megmag,1,0,102
305,MEG2642,megplanar,0,1,
306,MEG2643,megplanar,0,1,
