dataset,subject_id,model,seed,protocol,epoch,train_loss,val_score,best_epoch,epochs_completed,is_best_epoch
weissbart_tf64,P00,vlaai,0,gate0_gate2_vlaai_happyquokka_training_budget_p00_v1,1,,0.0740642831971248,1,12,True
weissbart_tf64,P00,vlaai,0,gate0_gate2_vlaai_happyquokka_training_budget_p00_v1,2,,0.10896804916361967,1,12,False
weissbart_tf64,P00,vlaai,0,gate0_gate2_vlaai_happyquokka_training_budget_p00_v1,3,,0.04020289440328876,1,12,False
weissbart_tf64,P00,vlaai,0,gate0_gate2_vlaai_happyquokka_training_budget_p00_v1,4,,0.037273223511874676,1,12,False
weissbart_tf64,P00,vlaai,0,gate0_gate2_vlaai_happyquokka_training_budget_p00_v1,5,,0.029512752716739973,1,12,False
weissbart_tf64,P00,vlaai,0,gate0_gate2_vlaai_happyquokka_training_budget_p00_v1,6,,0.04280787746732433,1,12,False
weissbart_tf64,P00,vlaai,0,gate0_gate2_vlaai_happyquokka_training_budget_p00_v1,7,,0.03224536180496216,1,12,False
weissbart_tf64,P00,vlaai,0,gate0_gate2_vlaai_happyquokka_training_budget_p00_v1,8,,0.023990000939617555,1,12,False
weissbart_tf64,P00,vlaai,0,gate0_gate2_vlaai_happyquokka_training_budget_p00_v1,9,,0.021769921046992144,1,12,False
weissbart_tf64,P00,vlaai,0,gate0_gate2_vlaai_happyquokka_training_budget_p00_v1,10,,0.016539082233794033,1,12,False
weissbart_tf64,P00,vlaai,0,gate0_gate2_vlaai_happyquokka_training_budget_p00_v1,11,,0.019062984952082238,1,12,False
weissbart_tf64,P00,vlaai,0,gate0_gate2_vlaai_happyquokka_training_budget_p00_v1,12,,0.014748865622095764,1,12,False
weissbart_tf64,P00,happyquokka,0,gate0_gate2_vlaai_happyquokka_training_budget_p00_v1,1,1.112885758280754,-0.05454337255408367,25,35,False
weissbart_tf64,P00,happyquokka,0,gate0_gate2_vlaai_happyquokka_training_budget_p00_v1,2,0.37074048072099686,0.06615598245213429,25,35,False
weissbart_tf64,P00,happyquokka,0,gate0_gate2_vlaai_happyquokka_training_budget_p00_v1,3,0.31491152942180634,-0.06095244660973549,25,35,False
weissbart_tf64,P00,happyquokka,0,gate0_gate2_vlaai_happyquokka_training_budget_p00_v1,4,0.25648660585284233,-0.027656936024626096,25,35,False
weissbart_tf64,P00,happyquokka,0,gate0_gate2_vlaai_happyquokka_training_budget_p00_v1,5,0.22520440444350243,-0.024322726484388112,25,35,False
weissbart_tf64,P00,happyquokka,0,gate0_gate2_vlaai_happyquokka_training_budget_p00_v1,6,0.24354781582951546,0.06903348017173509,25,35,False
weissbart_tf64,P00,happyquokka,0,gate0_gate2_vlaai_happyquokka_training_budget_p00_v1,7,0.2104889154434204,-0.006827336767067512,25,35,False
weissbart_tf64,P00,happyquokka,0,gate0_gate2_vlaai_happyquokka_training_budget_p00_v1,8,0.20893706008791924,0.08988725480933984,25,35,False
weissbart_tf64,P00,happyquokka,0,gate0_gate2_vlaai_happyquokka_training_budget_p00_v1,9,0.1828860491514206,-0.005556775132815043,25,35,False
weissbart_tf64,P00,happyquokka,0,gate0_gate2_vlaai_happyquokka_training_budget_p00_v1,10,0.15826352685689926,-0.050536460677782696,25,35,False
weissbart_tf64,P00,happyquokka,0,gate0_gate2_vlaai_happyquokka_training_budget_p00_v1,11,0.22262852266430855,0.08519893155122797,25,35,False
weissbart_tf64,P00,happyquokka,0,gate0_gate2_vlaai_happyquokka_training_budget_p00_v1,12,0.1930633820593357,0.06448438862959543,25,35,False
weissbart_tf64,P00,happyquokka,0,gate0_gate2_vlaai_happyquokka_training_budget_p00_v1,13,0.18541724979877472,0.03900817116858282,25,35,False
weissbart_tf64,P00,happyquokka,0,gate0_gate2_vlaai_happyquokka_training_budget_p00_v1,14,0.1442019958049059,0.09022301115716497,25,35,False
weissbart_tf64,P00,happyquokka,0,gate0_gate2_vlaai_happyquokka_training_budget_p00_v1,15,0.12909589149057865,0.0023740702619155247,25,35,False
weissbart_tf64,P00,happyquokka,0,gate0_gate2_vlaai_happyquokka_training_budget_p00_v1,16,0.15241842065006495,0.10088377192150802,25,35,False
weissbart_tf64,P00,happyquokka,0,gate0_gate2_vlaai_happyquokka_training_budget_p00_v1,17,0.1573723368346691,-0.0004742871504276991,25,35,False
weissbart_tf64,P00,happyquokka,0,gate0_gate2_vlaai_happyquokka_training_budget_p00_v1,18,0.15477232448756695,0.12402187349895637,25,35,False
weissbart_tf64,P00,happyquokka,0,gate0_gate2_vlaai_happyquokka_training_budget_p00_v1,19,0.16392301209270954,0.09795167883858084,25,35,False
weissbart_tf64,P00,happyquokka,0,gate0_gate2_vlaai_happyquokka_training_budget_p00_v1,20,0.1421725768595934,0.052352815556029476,25,35,False
weissbart_tf64,P00,happyquokka,0,gate0_gate2_vlaai_happyquokka_training_budget_p00_v1,21,0.18937211483716965,0.06701104498157899,25,35,False
weissbart_tf64,P00,happyquokka,0,gate0_gate2_vlaai_happyquokka_training_budget_p00_v1,22,0.15813024155795574,0.0658170523121953,25,35,False
weissbart_tf64,P00,happyquokka,0,gate0_gate2_vlaai_happyquokka_training_budget_p00_v1,23,0.13293528370559216,0.11340705926219623,25,35,False
weissbart_tf64,P00,happyquokka,0,gate0_gate2_vlaai_happyquokka_training_budget_p00_v1,24,0.09222742076963186,0.014699446689337491,25,35,False
weissbart_tf64,P00,happyquokka,0,gate0_gate2_vlaai_happyquokka_training_budget_p00_v1,25,0.1378467846661806,0.13484512430926163,25,35,True
weissbart_tf64,P00,happyquokka,0,gate0_gate2_vlaai_happyquokka_training_budget_p00_v1,26,0.15086315013468266,0.07575200318048397,25,35,False
weissbart_tf64,P00,happyquokka,0,gate0_gate2_vlaai_happyquokka_training_budget_p00_v1,27,0.12830376997590065,0.07601335489501555,25,35,False
weissbart_tf64,P00,happyquokka,0,gate0_gate2_vlaai_happyquokka_training_budget_p00_v1,28,0.091775456443429,0.13055882826447487,25,35,False
weissbart_tf64,P00,happyquokka,0,gate0_gate2_vlaai_happyquokka_training_budget_p00_v1,29,0.11892779543995857,0.05401762214799722,25,35,False
weissbart_tf64,P00,happyquokka,0,gate0_gate2_vlaai_happyquokka_training_budget_p00_v1,30,0.12170990509912372,0.08883604717751344,25,35,False
weissbart_tf64,P00,happyquokka,0,gate0_gate2_vlaai_happyquokka_training_budget_p00_v1,31,0.07616687007248402,0.08193470494200786,25,35,False
weissbart_tf64,P00,happyquokka,0,gate0_gate2_vlaai_happyquokka_training_budget_p00_v1,32,0.06695892196148634,0.13337630505363146,25,35,False
weissbart_tf64,P00,happyquokka,0,gate0_gate2_vlaai_happyquokka_training_budget_p00_v1,33,0.08692044299095869,0.08184233171244462,25,35,False
weissbart_tf64,P00,happyquokka,0,gate0_gate2_vlaai_happyquokka_training_budget_p00_v1,34,0.08889798726886511,0.06420201578487952,25,35,False
weissbart_tf64,P00,happyquokka,0,gate0_gate2_vlaai_happyquokka_training_budget_p00_v1,35,0.12437281757593155,0.09145882005492846,25,35,False
