dataset,subject_id,model,seed,action,status,job_dir,checkpoint_id,subject_metric,num_recordings,error,source_protocol
weissbart_tf64,P00,ridge,0,reuse_existing,success,experiments/gate0_gate2_full_subject_single_seed/jobs/weissbart_tf64/P00/ridge/seed_0,ridge_alpha_100.0,0.13254733446979064,15,,gate0_gate2_full_subject_single_seed_v1
weissbart_tf64,P00,cca,0,reuse_existing,success,experiments/gate0_gate2_full_subject_single_seed/jobs/weissbart_tf64/P00/cca/seed_0,cca_nc_2,0.06411140220705791,15,,gate0_gate2_full_subject_single_seed_v1
weissbart_tf64,P00,fcnn,0,reuse_existing,success,experiments/gate0_gate2_full_subject_single_seed/jobs/weissbart_tf64/P00/fcnn/seed_0,fcnn_epoch_7,0.06643642328319224,15,,gate0_gate2_full_subject_single_seed_v1
weissbart_tf64,P00,adt,0,reuse_existing,success,experiments/gate0_gate2_full_subject_single_seed/jobs/weissbart_tf64/P00/adt/seed_0,adt_epoch_5,0.20621424426632606,15,,gate0_gate2_full_subject_single_seed_v1
weissbart_tf64,P01,ridge,0,reuse_existing,success,experiments/gate0_gate2_full_subject_single_seed/jobs/weissbart_tf64/P01/ridge/seed_0,ridge_alpha_1.0,0.08419014163262838,15,,gate0_gate2_full_subject_single_seed_v1
weissbart_tf64,P01,cca,0,reuse_existing,success,experiments/gate0_gate2_full_subject_single_seed/jobs/weissbart_tf64/P01/cca/seed_0,cca_nc_4,0.09495414914277106,15,,gate0_gate2_full_subject_single_seed_v1
weissbart_tf64,P01,fcnn,0,reuse_existing,success,experiments/gate0_gate2_full_subject_single_seed/jobs/weissbart_tf64/P01/fcnn/seed_0,fcnn_epoch_5,0.09669471547538426,15,,gate0_gate2_full_subject_single_seed_v1
weissbart_tf64,P01,adt,0,reuse_existing,success,experiments/gate0_gate2_full_subject_single_seed/jobs/weissbart_tf64/P01/adt/seed_0,adt_epoch_5,0.0942752946739429,15,,gate0_gate2_full_subject_single_seed_v1
weissbart_tf64,P02,ridge,0,reuse_existing,success,experiments/gate0_gate2_full_subject_single_seed/jobs/weissbart_tf64/P02/ridge/seed_0,ridge_alpha_100.0,0.1461383795288638,15,,gate0_gate2_full_subject_single_seed_v1
weissbart_tf64,P02,cca,0,reuse_existing,success,experiments/gate0_gate2_full_subject_single_seed/jobs/weissbart_tf64/P02/cca/seed_0,cca_nc_4,0.04335437285897882,15,,gate0_gate2_full_subject_single_seed_v1
weissbart_tf64,P02,fcnn,0,reuse_existing,success,experiments/gate0_gate2_full_subject_single_seed/jobs/weissbart_tf64/P02/fcnn/seed_0,fcnn_epoch_3,0.11354478030750972,15,,gate0_gate2_full_subject_single_seed_v1
weissbart_tf64,P02,adt,0,reuse_existing,success,experiments/gate0_gate2_full_subject_single_seed/jobs/weissbart_tf64/P02/adt/seed_0,adt_epoch_10,0.1335702987037615,15,,gate0_gate2_full_subject_single_seed_v1
weissbart_tf64,P03,ridge,0,reuse_existing,success,experiments/gate0_gate2_full_subject_single_seed/jobs/weissbart_tf64/P03/ridge/seed_0,ridge_alpha_100.0,0.15328675079009205,15,,gate0_gate2_full_subject_single_seed_v1
weissbart_tf64,P03,cca,0,reuse_existing,success,experiments/gate0_gate2_full_subject_single_seed/jobs/weissbart_tf64/P03/cca/seed_0,cca_nc_4,0.09235633099448197,15,,gate0_gate2_full_subject_single_seed_v1
weissbart_tf64,P03,fcnn,0,reuse_existing,success,experiments/gate0_gate2_full_subject_single_seed/jobs/weissbart_tf64/P03/fcnn/seed_0,fcnn_epoch_0,0.09301722644919923,15,,gate0_gate2_full_subject_single_seed_v1
weissbart_tf64,P03,adt,0,reuse_existing,success,experiments/gate0_gate2_full_subject_single_seed/jobs/weissbart_tf64/P03/adt/seed_0,adt_epoch_3,0.17165821755137783,15,,gate0_gate2_full_subject_single_seed_v1
weissbart_tf64,P04,ridge,0,reuse_existing,success,experiments/gate0_gate2_full_subject_single_seed/jobs/weissbart_tf64/P04/ridge/seed_0,ridge_alpha_100.0,0.15641946834537293,15,,gate0_gate2_full_subject_single_seed_v1
weissbart_tf64,P04,cca,0,reuse_existing,success,experiments/gate0_gate2_full_subject_single_seed/jobs/weissbart_tf64/P04/cca/seed_0,cca_nc_4,0.07927436820213123,15,,gate0_gate2_full_subject_single_seed_v1
weissbart_tf64,P04,fcnn,0,reuse_existing,success,experiments/gate0_gate2_full_subject_single_seed/jobs/weissbart_tf64/P04/fcnn/seed_0,fcnn_epoch_0,0.0941646004628128,15,,gate0_gate2_full_subject_single_seed_v1
weissbart_tf64,P04,adt,0,reuse_existing,success,experiments/gate0_gate2_full_subject_single_seed/jobs/weissbart_tf64/P04/adt/seed_0,adt_epoch_1,0.10152927546619955,15,,gate0_gate2_full_subject_single_seed_v1
weissbart_tf64,P05,ridge,0,reuse_existing,success,experiments/gate0_gate2_full_subject_single_seed/jobs/weissbart_tf64/P05/ridge/seed_0,ridge_alpha_1.0,0.15318522294329492,15,,gate0_gate2_full_subject_single_seed_v1
weissbart_tf64,P05,cca,0,reuse_existing,success,experiments/gate0_gate2_full_subject_single_seed/jobs/weissbart_tf64/P05/cca/seed_0,cca_nc_4,0.09124425320427514,15,,gate0_gate2_full_subject_single_seed_v1
weissbart_tf64,P05,fcnn,0,reuse_existing,success,experiments/gate0_gate2_full_subject_single_seed/jobs/weissbart_tf64/P05/fcnn/seed_0,fcnn_epoch_1,0.06978308367439218,15,,gate0_gate2_full_subject_single_seed_v1
weissbart_tf64,P05,adt,0,reuse_existing,success,experiments/gate0_gate2_full_subject_single_seed/jobs/weissbart_tf64/P05/adt/seed_0,adt_epoch_12,0.10389705364696104,15,,gate0_gate2_full_subject_single_seed_v1
weissbart_tf64,P06,ridge,0,reuse_existing,success,experiments/gate0_gate2_full_subject_single_seed/jobs/weissbart_tf64/P06/ridge/seed_0,ridge_alpha_10.0,0.06673353980209834,15,,gate0_gate2_full_subject_single_seed_v1
weissbart_tf64,P06,cca,0,reuse_existing,success,experiments/gate0_gate2_full_subject_single_seed/jobs/weissbart_tf64/P06/cca/seed_0,cca_nc_1,0.04920611017410582,15,,gate0_gate2_full_subject_single_seed_v1
weissbart_tf64,P06,fcnn,0,reuse_existing,success,experiments/gate0_gate2_full_subject_single_seed/jobs/weissbart_tf64/P06/fcnn/seed_0,fcnn_epoch_6,0.0022999500064735407,15,,gate0_gate2_full_subject_single_seed_v1
weissbart_tf64,P06,adt,0,reuse_existing,success,experiments/gate0_gate2_full_subject_single_seed/jobs/weissbart_tf64/P06/adt/seed_0,adt_epoch_2,0.11759718002086622,15,,gate0_gate2_full_subject_single_seed_v1
weissbart_tf64,P07,ridge,0,reuse_existing,success,experiments/gate0_gate2_full_subject_single_seed/jobs/weissbart_tf64/P07/ridge/seed_0,ridge_alpha_10.0,0.13858419702944305,15,,gate0_gate2_full_subject_single_seed_v1
weissbart_tf64,P07,cca,0,reuse_existing,success,experiments/gate0_gate2_full_subject_single_seed/jobs/weissbart_tf64/P07/cca/seed_0,cca_nc_2,0.11135284179342281,15,,gate0_gate2_full_subject_single_seed_v1
weissbart_tf64,P07,fcnn,0,reuse_existing,success,experiments/gate0_gate2_full_subject_single_seed/jobs/weissbart_tf64/P07/fcnn/seed_0,fcnn_epoch_1,0.1261473819149195,15,,gate0_gate2_full_subject_single_seed_v1
weissbart_tf64,P07,adt,0,reuse_existing,success,experiments/gate0_gate2_full_subject_single_seed/jobs/weissbart_tf64/P07/adt/seed_0,adt_epoch_1,0.11841530013922809,15,,gate0_gate2_full_subject_single_seed_v1
weissbart_tf64,P08,ridge,0,reuse_existing,success,experiments/gate0_gate2_full_subject_single_seed/jobs/weissbart_tf64/P08/ridge/seed_0,ridge_alpha_100.0,0.10332106633028906,15,,gate0_gate2_full_subject_single_seed_v1
weissbart_tf64,P08,cca,0,reuse_existing,success,experiments/gate0_gate2_full_subject_single_seed/jobs/weissbart_tf64/P08/cca/seed_0,cca_nc_4,0.10176183935137799,15,,gate0_gate2_full_subject_single_seed_v1
weissbart_tf64,P08,fcnn,0,reuse_existing,success,experiments/gate0_gate2_full_subject_single_seed/jobs/weissbart_tf64/P08/fcnn/seed_0,fcnn_epoch_1,0.08469970304270623,15,,gate0_gate2_full_subject_single_seed_v1
weissbart_tf64,P08,adt,0,reuse_existing,success,experiments/gate0_gate2_full_subject_single_seed/jobs/weissbart_tf64/P08/adt/seed_0,adt_epoch_29,0.06968193262957317,15,,gate0_gate2_full_subject_single_seed_v1
weissbart_tf64,P09,ridge,0,reuse_existing,success,experiments/gate0_gate2_full_subject_single_seed/jobs/weissbart_tf64/P09/ridge/seed_0,ridge_alpha_10.0,0.14148315889106838,15,,gate0_gate2_full_subject_single_seed_v1
weissbart_tf64,P09,cca,0,reuse_existing,success,experiments/gate0_gate2_full_subject_single_seed/jobs/weissbart_tf64/P09/cca/seed_0,cca_nc_4,0.1166026776245573,15,,gate0_gate2_full_subject_single_seed_v1
weissbart_tf64,P09,fcnn,0,reuse_existing,success,experiments/gate0_gate2_full_subject_single_seed/jobs/weissbart_tf64/P09/fcnn/seed_0,fcnn_epoch_2,0.11950139632887627,15,,gate0_gate2_full_subject_single_seed_v1
weissbart_tf64,P09,adt,0,reuse_existing,success,experiments/gate0_gate2_full_subject_single_seed/jobs/weissbart_tf64/P09/adt/seed_0,adt_epoch_2,0.17893387249741985,15,,gate0_gate2_full_subject_single_seed_v1
weissbart_tf64,P10,ridge,0,reuse_existing,success,experiments/gate0_gate2_full_subject_single_seed/jobs/weissbart_tf64/P10/ridge/seed_0,ridge_alpha_100.0,0.13112665731121304,15,,gate0_gate2_full_subject_single_seed_v1
weissbart_tf64,P10,cca,0,reuse_existing,success,experiments/gate0_gate2_full_subject_single_seed/jobs/weissbart_tf64/P10/cca/seed_0,cca_nc_4,0.09218244704746066,15,,gate0_gate2_full_subject_single_seed_v1
weissbart_tf64,P10,fcnn,0,reuse_existing,success,experiments/gate0_gate2_full_subject_single_seed/jobs/weissbart_tf64/P10/fcnn/seed_0,fcnn_epoch_2,0.06012010503899434,15,,gate0_gate2_full_subject_single_seed_v1
weissbart_tf64,P10,adt,0,reuse_existing,success,experiments/gate0_gate2_full_subject_single_seed/jobs/weissbart_tf64/P10/adt/seed_0,adt_epoch_7,0.0956011076730103,15,,gate0_gate2_full_subject_single_seed_v1
weissbart_tf64,P11,ridge,0,reuse_existing,success,experiments/gate0_gate2_full_subject_single_seed/jobs/weissbart_tf64/P11/ridge/seed_0,ridge_alpha_10.0,0.1506067789566798,15,,gate0_gate2_full_subject_single_seed_v1
weissbart_tf64,P11,cca,0,reuse_existing,success,experiments/gate0_gate2_full_subject_single_seed/jobs/weissbart_tf64/P11/cca/seed_0,cca_nc_4,0.08922455910492093,15,,gate0_gate2_full_subject_single_seed_v1
weissbart_tf64,P11,fcnn,0,reuse_existing,success,experiments/gate0_gate2_full_subject_single_seed/jobs/weissbart_tf64/P11/fcnn/seed_0,fcnn_epoch_1,0.09074733462673669,15,,gate0_gate2_full_subject_single_seed_v1
weissbart_tf64,P11,adt,0,reuse_existing,success,experiments/gate0_gate2_full_subject_single_seed/jobs/weissbart_tf64/P11/adt/seed_0,adt_epoch_2,0.1626934130193955,15,,gate0_gate2_full_subject_single_seed_v1
weissbart_tf64,P12,ridge,0,reuse_existing,success,experiments/gate0_gate2_full_subject_single_seed/jobs/weissbart_tf64/P12/ridge/seed_0,ridge_alpha_10.0,0.17372779956779152,15,,gate0_gate2_full_subject_single_seed_v1
weissbart_tf64,P12,cca,0,reuse_existing,success,experiments/gate0_gate2_full_subject_single_seed/jobs/weissbart_tf64/P12/cca/seed_0,cca_nc_2,0.1363743607291315,15,,gate0_gate2_full_subject_single_seed_v1
weissbart_tf64,P12,fcnn,0,reuse_existing,success,experiments/gate0_gate2_full_subject_single_seed/jobs/weissbart_tf64/P12/fcnn/seed_0,fcnn_epoch_1,0.17704273413877203,15,,gate0_gate2_full_subject_single_seed_v1
weissbart_tf64,P12,adt,0,reuse_existing,success,experiments/gate0_gate2_full_subject_single_seed/jobs/weissbart_tf64/P12/adt/seed_0,adt_epoch_3,0.20441027148312615,15,,gate0_gate2_full_subject_single_seed_v1
weissbart_tf64,P00,ridge,42,skip_existing,success,experiments/gate0_gate2_full_subject_single_seed/jobs/weissbart_tf64/P00/ridge/seed_42,ridge_alpha_100.0,0.13254733446979064,15,,gate0_gate2_full_subject_single_seed_v1
weissbart_tf64,P00,cca,42,skip_existing,success,experiments/gate0_gate2_full_subject_single_seed/jobs/weissbart_tf64/P00/cca/seed_42,cca_nc_2,0.06411140220705791,15,,gate0_gate2_full_subject_single_seed_v1
weissbart_tf64,P00,fcnn,42,skip_existing,success,experiments/gate0_gate2_full_subject_single_seed/jobs/weissbart_tf64/P00/fcnn/seed_42,fcnn_epoch_12,0.05737855751060155,15,,gate0_gate2_full_subject_single_seed_v1
weissbart_tf64,P00,adt,42,skip_existing,success,experiments/gate0_gate2_full_subject_single_seed/jobs/weissbart_tf64/P00/adt/seed_42,adt_epoch_6,0.16151028554816366,15,,gate0_gate2_full_subject_single_seed_v1
weissbart_tf64,P01,ridge,42,skip_existing,success,experiments/gate0_gate2_full_subject_single_seed/jobs/weissbart_tf64/P01/ridge/seed_42,ridge_alpha_1.0,0.08419014163262838,15,,gate0_gate2_full_subject_single_seed_v1
weissbart_tf64,P01,cca,42,skip_existing,success,experiments/gate0_gate2_full_subject_single_seed/jobs/weissbart_tf64/P01/cca/seed_42,cca_nc_4,0.09495414914277106,15,,gate0_gate2_full_subject_single_seed_v1
weissbart_tf64,P01,fcnn,42,skip_existing,success,experiments/gate0_gate2_full_subject_single_seed/jobs/weissbart_tf64/P01/fcnn/seed_42,fcnn_epoch_6,0.07113115167909066,15,,gate0_gate2_full_subject_single_seed_v1
weissbart_tf64,P01,adt,42,skip_existing,success,experiments/gate0_gate2_full_subject_single_seed/jobs/weissbart_tf64/P01/adt/seed_42,adt_epoch_9,0.07370236670586854,15,,gate0_gate2_full_subject_single_seed_v1
weissbart_tf64,P02,ridge,42,skip_existing,success,experiments/gate0_gate2_full_subject_single_seed/jobs/weissbart_tf64/P02/ridge/seed_42,ridge_alpha_100.0,0.1461383795288638,15,,gate0_gate2_full_subject_single_seed_v1
weissbart_tf64,P02,cca,42,skip_existing,success,experiments/gate0_gate2_full_subject_single_seed/jobs/weissbart_tf64/P02/cca/seed_42,cca_nc_4,0.04335437285897882,15,,gate0_gate2_full_subject_single_seed_v1
weissbart_tf64,P02,fcnn,42,skip_existing,success,experiments/gate0_gate2_full_subject_single_seed/jobs/weissbart_tf64/P02/fcnn/seed_42,fcnn_epoch_3,0.11458896569910054,15,,gate0_gate2_full_subject_single_seed_v1
weissbart_tf64,P02,adt,42,skip_existing,success,experiments/gate0_gate2_full_subject_single_seed/jobs/weissbart_tf64/P02/adt/seed_42,adt_epoch_12,0.142945988064525,15,,gate0_gate2_full_subject_single_seed_v1
weissbart_tf64,P03,ridge,42,skip_existing,success,experiments/gate0_gate2_full_subject_single_seed/jobs/weissbart_tf64/P03/ridge/seed_42,ridge_alpha_100.0,0.15328675079009205,15,,gate0_gate2_full_subject_single_seed_v1
weissbart_tf64,P03,cca,42,skip_existing,success,experiments/gate0_gate2_full_subject_single_seed/jobs/weissbart_tf64/P03/cca/seed_42,cca_nc_4,0.09235633099448197,15,,gate0_gate2_full_subject_single_seed_v1
weissbart_tf64,P03,fcnn,42,skip_existing,success,experiments/gate0_gate2_full_subject_single_seed/jobs/weissbart_tf64/P03/fcnn/seed_42,fcnn_epoch_2,0.13286296021175023,15,,gate0_gate2_full_subject_single_seed_v1
weissbart_tf64,P03,adt,42,skip_existing,success,experiments/gate0_gate2_full_subject_single_seed/jobs/weissbart_tf64/P03/adt/seed_42,adt_epoch_1,0.15161635786511152,15,,gate0_gate2_full_subject_single_seed_v1
weissbart_tf64,P04,ridge,42,skip_existing,success,experiments/gate0_gate2_full_subject_single_seed/jobs/weissbart_tf64/P04/ridge/seed_42,ridge_alpha_100.0,0.15641946834537293,15,,gate0_gate2_full_subject_single_seed_v1
weissbart_tf64,P04,cca,42,skip_existing,success,experiments/gate0_gate2_full_subject_single_seed/jobs/weissbart_tf64/P04/cca/seed_42,cca_nc_4,0.07927436820213123,15,,gate0_gate2_full_subject_single_seed_v1
weissbart_tf64,P04,fcnn,42,skip_existing,success,experiments/gate0_gate2_full_subject_single_seed/jobs/weissbart_tf64/P04/fcnn/seed_42,fcnn_epoch_2,0.08493477592500125,15,,gate0_gate2_full_subject_single_seed_v1
weissbart_tf64,P04,adt,42,skip_existing,success,experiments/gate0_gate2_full_subject_single_seed/jobs/weissbart_tf64/P04/adt/seed_42,adt_epoch_3,0.08221304040818346,15,,gate0_gate2_full_subject_single_seed_v1
weissbart_tf64,P05,ridge,42,skip_existing,success,experiments/gate0_gate2_full_subject_single_seed/jobs/weissbart_tf64/P05/ridge/seed_42,ridge_alpha_1.0,0.15318522294329492,15,,gate0_gate2_full_subject_single_seed_v1
weissbart_tf64,P05,cca,42,skip_existing,success,experiments/gate0_gate2_full_subject_single_seed/jobs/weissbart_tf64/P05/cca/seed_42,cca_nc_4,0.09124425320427514,15,,gate0_gate2_full_subject_single_seed_v1
weissbart_tf64,P05,fcnn,42,skip_existing,success,experiments/gate0_gate2_full_subject_single_seed/jobs/weissbart_tf64/P05/fcnn/seed_42,fcnn_epoch_3,0.056697345175727436,15,,gate0_gate2_full_subject_single_seed_v1
weissbart_tf64,P05,adt,42,skip_existing,success,experiments/gate0_gate2_full_subject_single_seed/jobs/weissbart_tf64/P05/adt/seed_42,adt_epoch_5,0.16307278899629732,15,,gate0_gate2_full_subject_single_seed_v1
weissbart_tf64,P06,ridge,42,skip_existing,success,experiments/gate0_gate2_full_subject_single_seed/jobs/weissbart_tf64/P06/ridge/seed_42,ridge_alpha_10.0,0.06673353980209834,15,,gate0_gate2_full_subject_single_seed_v1
weissbart_tf64,P06,cca,42,skip_existing,success,experiments/gate0_gate2_full_subject_single_seed/jobs/weissbart_tf64/P06/cca/seed_42,cca_nc_1,0.04920611017410582,15,,gate0_gate2_full_subject_single_seed_v1
weissbart_tf64,P06,fcnn,42,skip_existing,success,experiments/gate0_gate2_full_subject_single_seed/jobs/weissbart_tf64/P06/fcnn/seed_42,fcnn_epoch_12,0.00261080492535098,15,,gate0_gate2_full_subject_single_seed_v1
weissbart_tf64,P06,adt,42,skip_existing,success,experiments/gate0_gate2_full_subject_single_seed/jobs/weissbart_tf64/P06/adt/seed_42,adt_epoch_6,0.10931358221886854,15,,gate0_gate2_full_subject_single_seed_v1
weissbart_tf64,P07,ridge,42,skip_existing,success,experiments/gate0_gate2_full_subject_single_seed/jobs/weissbart_tf64/P07/ridge/seed_42,ridge_alpha_10.0,0.13858419702944305,15,,gate0_gate2_full_subject_single_seed_v1
weissbart_tf64,P07,cca,42,skip_existing,success,experiments/gate0_gate2_full_subject_single_seed/jobs/weissbart_tf64/P07/cca/seed_42,cca_nc_2,0.11135284179342281,15,,gate0_gate2_full_subject_single_seed_v1
weissbart_tf64,P07,fcnn,42,skip_existing,success,experiments/gate0_gate2_full_subject_single_seed/jobs/weissbart_tf64/P07/fcnn/seed_42,fcnn_epoch_0,0.1027934334669891,15,,gate0_gate2_full_subject_single_seed_v1
weissbart_tf64,P07,adt,42,skip_existing,success,experiments/gate0_gate2_full_subject_single_seed/jobs/weissbart_tf64/P07/adt/seed_42,adt_epoch_1,0.08586057688102011,15,,gate0_gate2_full_subject_single_seed_v1
weissbart_tf64,P08,ridge,42,skip_existing,success,experiments/gate0_gate2_full_subject_single_seed/jobs/weissbart_tf64/P08/ridge/seed_42,ridge_alpha_100.0,0.10332106633028906,15,,gate0_gate2_full_subject_single_seed_v1
weissbart_tf64,P08,cca,42,skip_existing,success,experiments/gate0_gate2_full_subject_single_seed/jobs/weissbart_tf64/P08/cca/seed_42,cca_nc_4,0.10176183935137799,15,,gate0_gate2_full_subject_single_seed_v1
weissbart_tf64,P08,fcnn,42,skip_existing,success,experiments/gate0_gate2_full_subject_single_seed/jobs/weissbart_tf64/P08/fcnn/seed_42,fcnn_epoch_3,0.10365959751025126,15,,gate0_gate2_full_subject_single_seed_v1
weissbart_tf64,P08,adt,42,skip_existing,success,experiments/gate0_gate2_full_subject_single_seed/jobs/weissbart_tf64/P08/adt/seed_42,adt_epoch_3,0.07465057620912924,15,,gate0_gate2_full_subject_single_seed_v1
weissbart_tf64,P09,ridge,42,skip_existing,success,experiments/gate0_gate2_full_subject_single_seed/jobs/weissbart_tf64/P09/ridge/seed_42,ridge_alpha_10.0,0.14148315889106838,15,,gate0_gate2_full_subject_single_seed_v1
weissbart_tf64,P09,cca,42,skip_existing,success,experiments/gate0_gate2_full_subject_single_seed/jobs/weissbart_tf64/P09/cca/seed_42,cca_nc_4,0.1166026776245573,15,,gate0_gate2_full_subject_single_seed_v1
weissbart_tf64,P09,fcnn,42,skip_existing,success,experiments/gate0_gate2_full_subject_single_seed/jobs/weissbart_tf64/P09/fcnn/seed_42,fcnn_epoch_0,0.10919880317367124,15,,gate0_gate2_full_subject_single_seed_v1
weissbart_tf64,P09,adt,42,skip_existing,success,experiments/gate0_gate2_full_subject_single_seed/jobs/weissbart_tf64/P09/adt/seed_42,adt_epoch_4,0.17598438582446457,15,,gate0_gate2_full_subject_single_seed_v1
weissbart_tf64,P10,ridge,42,skip_existing,success,experiments/gate0_gate2_full_subject_single_seed/jobs/weissbart_tf64/P10/ridge/seed_42,ridge_alpha_100.0,0.13112665731121304,15,,gate0_gate2_full_subject_single_seed_v1
weissbart_tf64,P10,cca,42,skip_existing,success,experiments/gate0_gate2_full_subject_single_seed/jobs/weissbart_tf64/P10/cca/seed_42,cca_nc_4,0.09218244704746066,15,,gate0_gate2_full_subject_single_seed_v1
weissbart_tf64,P10,fcnn,42,skip_existing,success,experiments/gate0_gate2_full_subject_single_seed/jobs/weissbart_tf64/P10/fcnn/seed_42,fcnn_epoch_1,0.05665238477393187,15,,gate0_gate2_full_subject_single_seed_v1
weissbart_tf64,P10,adt,42,skip_existing,success,experiments/gate0_gate2_full_subject_single_seed/jobs/weissbart_tf64/P10/adt/seed_42,adt_epoch_14,0.11387207321874383,15,,gate0_gate2_full_subject_single_seed_v1
weissbart_tf64,P11,ridge,42,skip_existing,success,experiments/gate0_gate2_full_subject_single_seed/jobs/weissbart_tf64/P11/ridge/seed_42,ridge_alpha_10.0,0.1506067789566798,15,,gate0_gate2_full_subject_single_seed_v1
weissbart_tf64,P11,cca,42,skip_existing,success,experiments/gate0_gate2_full_subject_single_seed/jobs/weissbart_tf64/P11/cca/seed_42,cca_nc_4,0.08922455910492093,15,,gate0_gate2_full_subject_single_seed_v1
weissbart_tf64,P11,fcnn,42,skip_existing,success,experiments/gate0_gate2_full_subject_single_seed/jobs/weissbart_tf64/P11/fcnn/seed_42,fcnn_epoch_0,0.1073741625755264,15,,gate0_gate2_full_subject_single_seed_v1
weissbart_tf64,P11,adt,42,skip_existing,success,experiments/gate0_gate2_full_subject_single_seed/jobs/weissbart_tf64/P11/adt/seed_42,adt_epoch_5,0.180651136296568,15,,gate0_gate2_full_subject_single_seed_v1
weissbart_tf64,P12,ridge,42,skip_existing,success,experiments/gate0_gate2_full_subject_single_seed/jobs/weissbart_tf64/P12/ridge/seed_42,ridge_alpha_10.0,0.17372779956779152,15,,gate0_gate2_full_subject_single_seed_v1
weissbart_tf64,P12,cca,42,skip_existing,success,experiments/gate0_gate2_full_subject_single_seed/jobs/weissbart_tf64/P12/cca/seed_42,cca_nc_2,0.1363743607291315,15,,gate0_gate2_full_subject_single_seed_v1
weissbart_tf64,P12,fcnn,42,skip_existing,success,experiments/gate0_gate2_full_subject_single_seed/jobs/weissbart_tf64/P12/fcnn/seed_42,fcnn_epoch_2,0.17910841032020988,15,,gate0_gate2_full_subject_single_seed_v1
weissbart_tf64,P12,adt,42,skip_existing,success,experiments/gate0_gate2_full_subject_single_seed/jobs/weissbart_tf64/P12/adt/seed_42,adt_epoch_3,0.20470608768357818,15,,gate0_gate2_full_subject_single_seed_v1
weissbart_tf64,P00,ridge,2026,skip_existing,success,experiments/gate0_gate2_full_subject_single_seed/jobs/weissbart_tf64/P00/ridge/seed_2026,ridge_alpha_100.0,0.13254733446979064,15,,gate0_gate2_full_subject_single_seed_v1
weissbart_tf64,P00,cca,2026,skip_existing,success,experiments/gate0_gate2_full_subject_single_seed/jobs/weissbart_tf64/P00/cca/seed_2026,cca_nc_2,0.06411140220705791,15,,gate0_gate2_full_subject_single_seed_v1
weissbart_tf64,P00,fcnn,2026,skip_existing,success,experiments/gate0_gate2_full_subject_single_seed/jobs/weissbart_tf64/P00/fcnn/seed_2026,fcnn_epoch_5,0.0704019774916806,15,,gate0_gate2_full_subject_single_seed_v1
weissbart_tf64,P00,adt,2026,skip_existing,success,experiments/gate0_gate2_full_subject_single_seed/jobs/weissbart_tf64/P00/adt/seed_2026,adt_epoch_8,0.16175281099610483,15,,gate0_gate2_full_subject_single_seed_v1
weissbart_tf64,P01,ridge,2026,skip_existing,success,experiments/gate0_gate2_full_subject_single_seed/jobs/weissbart_tf64/P01/ridge/seed_2026,ridge_alpha_1.0,0.08419014163262838,15,,gate0_gate2_full_subject_single_seed_v1
weissbart_tf64,P01,cca,2026,skip_existing,success,experiments/gate0_gate2_full_subject_single_seed/jobs/weissbart_tf64/P01/cca/seed_2026,cca_nc_4,0.09495414914277106,15,,gate0_gate2_full_subject_single_seed_v1
weissbart_tf64,P01,fcnn,2026,skip_existing,success,experiments/gate0_gate2_full_subject_single_seed/jobs/weissbart_tf64/P01/fcnn/seed_2026,fcnn_epoch_2,0.12681560842549597,15,,gate0_gate2_full_subject_single_seed_v1
weissbart_tf64,P01,adt,2026,skip_existing,success,experiments/gate0_gate2_full_subject_single_seed/jobs/weissbart_tf64/P01/adt/seed_2026,adt_epoch_7,0.09925820378089485,15,,gate0_gate2_full_subject_single_seed_v1
weissbart_tf64,P02,ridge,2026,skip_existing,success,experiments/gate0_gate2_full_subject_single_seed/jobs/weissbart_tf64/P02/ridge/seed_2026,ridge_alpha_100.0,0.1461383795288638,15,,gate0_gate2_full_subject_single_seed_v1
weissbart_tf64,P02,cca,2026,skip_existing,success,experiments/gate0_gate2_full_subject_single_seed/jobs/weissbart_tf64/P02/cca/seed_2026,cca_nc_4,0.04335437285897882,15,,gate0_gate2_full_subject_single_seed_v1
weissbart_tf64,P02,fcnn,2026,skip_existing,success,experiments/gate0_gate2_full_subject_single_seed/jobs/weissbart_tf64/P02/fcnn/seed_2026,fcnn_epoch_1,0.08581154004274433,15,,gate0_gate2_full_subject_single_seed_v1
weissbart_tf64,P02,adt,2026,skip_existing,success,experiments/gate0_gate2_full_subject_single_seed/jobs/weissbart_tf64/P02/adt/seed_2026,adt_epoch_11,0.13594003800438886,15,,gate0_gate2_full_subject_single_seed_v1
weissbart_tf64,P03,ridge,2026,skip_existing,success,experiments/gate0_gate2_full_subject_single_seed/jobs/weissbart_tf64/P03/ridge/seed_2026,ridge_alpha_100.0,0.15328675079009205,15,,gate0_gate2_full_subject_single_seed_v1
weissbart_tf64,P03,cca,2026,skip_existing,success,experiments/gate0_gate2_full_subject_single_seed/jobs/weissbart_tf64/P03/cca/seed_2026,cca_nc_4,0.09235633099448197,15,,gate0_gate2_full_subject_single_seed_v1
weissbart_tf64,P03,fcnn,2026,skip_existing,success,experiments/gate0_gate2_full_subject_single_seed/jobs/weissbart_tf64/P03/fcnn/seed_2026,fcnn_epoch_2,0.1428273098312781,15,,gate0_gate2_full_subject_single_seed_v1
weissbart_tf64,P03,adt,2026,skip_existing,success,experiments/gate0_gate2_full_subject_single_seed/jobs/weissbart_tf64/P03/adt/seed_2026,adt_epoch_3,0.16489320443333025,15,,gate0_gate2_full_subject_single_seed_v1
weissbart_tf64,P04,ridge,2026,skip_existing,success,experiments/gate0_gate2_full_subject_single_seed/jobs/weissbart_tf64/P04/ridge/seed_2026,ridge_alpha_100.0,0.15641946834537293,15,,gate0_gate2_full_subject_single_seed_v1
weissbart_tf64,P04,cca,2026,skip_existing,success,experiments/gate0_gate2_full_subject_single_seed/jobs/weissbart_tf64/P04/cca/seed_2026,cca_nc_4,0.07927436820213123,15,,gate0_gate2_full_subject_single_seed_v1
weissbart_tf64,P04,fcnn,2026,skip_existing,success,experiments/gate0_gate2_full_subject_single_seed/jobs/weissbart_tf64/P04/fcnn/seed_2026,fcnn_epoch_4,0.10591600766627231,15,,gate0_gate2_full_subject_single_seed_v1
weissbart_tf64,P04,adt,2026,skip_existing,success,experiments/gate0_gate2_full_subject_single_seed/jobs/weissbart_tf64/P04/adt/seed_2026,adt_epoch_3,0.09229305602147655,15,,gate0_gate2_full_subject_single_seed_v1
weissbart_tf64,P05,ridge,2026,skip_existing,success,experiments/gate0_gate2_full_subject_single_seed/jobs/weissbart_tf64/P05/ridge/seed_2026,ridge_alpha_1.0,0.15318522294329492,15,,gate0_gate2_full_subject_single_seed_v1
weissbart_tf64,P05,cca,2026,skip_existing,success,experiments/gate0_gate2_full_subject_single_seed/jobs/weissbart_tf64/P05/cca/seed_2026,cca_nc_4,0.09124425320427514,15,,gate0_gate2_full_subject_single_seed_v1
weissbart_tf64,P05,fcnn,2026,skip_existing,success,experiments/gate0_gate2_full_subject_single_seed/jobs/weissbart_tf64/P05/fcnn/seed_2026,fcnn_epoch_4,0.08133111417016951,15,,gate0_gate2_full_subject_single_seed_v1
weissbart_tf64,P05,adt,2026,skip_existing,success,experiments/gate0_gate2_full_subject_single_seed/jobs/weissbart_tf64/P05/adt/seed_2026,adt_epoch_9,0.14894581122791462,15,,gate0_gate2_full_subject_single_seed_v1
weissbart_tf64,P06,ridge,2026,skip_existing,success,experiments/gate0_gate2_full_subject_single_seed/jobs/weissbart_tf64/P06/ridge/seed_2026,ridge_alpha_10.0,0.06673353980209834,15,,gate0_gate2_full_subject_single_seed_v1
weissbart_tf64,P06,cca,2026,skip_existing,success,experiments/gate0_gate2_full_subject_single_seed/jobs/weissbart_tf64/P06/cca/seed_2026,cca_nc_1,0.04920611017410582,15,,gate0_gate2_full_subject_single_seed_v1
weissbart_tf64,P06,fcnn,2026,skip_existing,success,experiments/gate0_gate2_full_subject_single_seed/jobs/weissbart_tf64/P06/fcnn/seed_2026,fcnn_epoch_9,0.014364226850250643,15,,gate0_gate2_full_subject_single_seed_v1
weissbart_tf64,P06,adt,2026,skip_existing,success,experiments/gate0_gate2_full_subject_single_seed/jobs/weissbart_tf64/P06/adt/seed_2026,adt_epoch_7,0.10456160623305952,15,,gate0_gate2_full_subject_single_seed_v1
weissbart_tf64,P07,ridge,2026,skip_existing,success,experiments/gate0_gate2_full_subject_single_seed/jobs/weissbart_tf64/P07/ridge/seed_2026,ridge_alpha_10.0,0.13858419702944305,15,,gate0_gate2_full_subject_single_seed_v1
weissbart_tf64,P07,cca,2026,skip_existing,success,experiments/gate0_gate2_full_subject_single_seed/jobs/weissbart_tf64/P07/cca/seed_2026,cca_nc_2,0.11135284179342281,15,,gate0_gate2_full_subject_single_seed_v1
weissbart_tf64,P07,fcnn,2026,skip_existing,success,experiments/gate0_gate2_full_subject_single_seed/jobs/weissbart_tf64/P07/fcnn/seed_2026,fcnn_epoch_1,0.12131907985274418,15,,gate0_gate2_full_subject_single_seed_v1
weissbart_tf64,P07,adt,2026,skip_existing,success,experiments/gate0_gate2_full_subject_single_seed/jobs/weissbart_tf64/P07/adt/seed_2026,adt_epoch_1,0.10851277169978722,15,,gate0_gate2_full_subject_single_seed_v1
weissbart_tf64,P08,ridge,2026,skip_existing,success,experiments/gate0_gate2_full_subject_single_seed/jobs/weissbart_tf64/P08/ridge/seed_2026,ridge_alpha_100.0,0.10332106633028906,15,,gate0_gate2_full_subject_single_seed_v1
weissbart_tf64,P08,cca,2026,skip_existing,success,experiments/gate0_gate2_full_subject_single_seed/jobs/weissbart_tf64/P08/cca/seed_2026,cca_nc_4,0.10176183935137799,15,,gate0_gate2_full_subject_single_seed_v1
weissbart_tf64,P08,fcnn,2026,skip_existing,success,experiments/gate0_gate2_full_subject_single_seed/jobs/weissbart_tf64/P08/fcnn/seed_2026,fcnn_epoch_6,0.08536221482546372,15,,gate0_gate2_full_subject_single_seed_v1
weissbart_tf64,P08,adt,2026,skip_existing,success,experiments/gate0_gate2_full_subject_single_seed/jobs/weissbart_tf64/P08/adt/seed_2026,adt_epoch_5,0.042914473945972045,15,,gate0_gate2_full_subject_single_seed_v1
weissbart_tf64,P09,ridge,2026,skip_existing,success,experiments/gate0_gate2_full_subject_single_seed/jobs/weissbart_tf64/P09/ridge/seed_2026,ridge_alpha_10.0,0.14148315889106838,15,,gate0_gate2_full_subject_single_seed_v1
weissbart_tf64,P09,cca,2026,skip_existing,success,experiments/gate0_gate2_full_subject_single_seed/jobs/weissbart_tf64/P09/cca/seed_2026,cca_nc_4,0.1166026776245573,15,,gate0_gate2_full_subject_single_seed_v1
weissbart_tf64,P09,fcnn,2026,skip_existing,success,experiments/gate0_gate2_full_subject_single_seed/jobs/weissbart_tf64/P09/fcnn/seed_2026,fcnn_epoch_2,0.1011757016271256,15,,gate0_gate2_full_subject_single_seed_v1
weissbart_tf64,P09,adt,2026,skip_existing,success,experiments/gate0_gate2_full_subject_single_seed/jobs/weissbart_tf64/P09/adt/seed_2026,adt_epoch_2,0.17359494463346342,15,,gate0_gate2_full_subject_single_seed_v1
weissbart_tf64,P10,ridge,2026,skip_existing,success,experiments/gate0_gate2_full_subject_single_seed/jobs/weissbart_tf64/P10/ridge/seed_2026,ridge_alpha_100.0,0.13112665731121304,15,,gate0_gate2_full_subject_single_seed_v1
weissbart_tf64,P10,cca,2026,skip_existing,success,experiments/gate0_gate2_full_subject_single_seed/jobs/weissbart_tf64/P10/cca/seed_2026,cca_nc_4,0.09218244704746066,15,,gate0_gate2_full_subject_single_seed_v1
weissbart_tf64,P10,fcnn,2026,skip_existing,success,experiments/gate0_gate2_full_subject_single_seed/jobs/weissbart_tf64/P10/fcnn/seed_2026,fcnn_epoch_1,0.07175438839919579,15,,gate0_gate2_full_subject_single_seed_v1
weissbart_tf64,P10,adt,2026,skip_existing,success,experiments/gate0_gate2_full_subject_single_seed/jobs/weissbart_tf64/P10/adt/seed_2026,adt_epoch_9,0.06533362349900014,15,,gate0_gate2_full_subject_single_seed_v1
weissbart_tf64,P11,ridge,2026,skip_existing,success,experiments/gate0_gate2_full_subject_single_seed/jobs/weissbart_tf64/P11/ridge/seed_2026,ridge_alpha_10.0,0.1506067789566798,15,,gate0_gate2_full_subject_single_seed_v1
weissbart_tf64,P11,cca,2026,skip_existing,success,experiments/gate0_gate2_full_subject_single_seed/jobs/weissbart_tf64/P11/cca/seed_2026,cca_nc_4,0.08922455910492093,15,,gate0_gate2_full_subject_single_seed_v1
weissbart_tf64,P11,fcnn,2026,skip_existing,success,experiments/gate0_gate2_full_subject_single_seed/jobs/weissbart_tf64/P11/fcnn/seed_2026,fcnn_epoch_2,0.0990324419127542,15,,gate0_gate2_full_subject_single_seed_v1
weissbart_tf64,P11,adt,2026,skip_existing,success,experiments/gate0_gate2_full_subject_single_seed/jobs/weissbart_tf64/P11/adt/seed_2026,adt_epoch_4,0.14018455003404562,15,,gate0_gate2_full_subject_single_seed_v1
weissbart_tf64,P12,ridge,2026,skip_existing,success,experiments/gate0_gate2_full_subject_single_seed/jobs/weissbart_tf64/P12/ridge/seed_2026,ridge_alpha_10.0,0.17372779956779152,15,,gate0_gate2_full_subject_single_seed_v1
weissbart_tf64,P12,cca,2026,skip_existing,success,experiments/gate0_gate2_full_subject_single_seed/jobs/weissbart_tf64/P12/cca/seed_2026,cca_nc_2,0.1363743607291315,15,,gate0_gate2_full_subject_single_seed_v1
weissbart_tf64,P12,fcnn,2026,skip_existing,success,experiments/gate0_gate2_full_subject_single_seed/jobs/weissbart_tf64/P12/fcnn/seed_2026,fcnn_epoch_4,0.1553552080151553,15,,gate0_gate2_full_subject_single_seed_v1
weissbart_tf64,P12,adt,2026,skip_existing,success,experiments/gate0_gate2_full_subject_single_seed/jobs/weissbart_tf64/P12/adt/seed_2026,adt_epoch_7,0.20658832498179866,15,,gate0_gate2_full_subject_single_seed_v1
etard_tf64,P00,ridge,0,reuse_existing,success,experiments/gate0_gate2_full_subject_single_seed/jobs/etard_tf64/P00/ridge/seed_0,ridge_alpha_10.0,0.08856015451578379,24,,gate0_gate2_full_subject_single_seed_v1
etard_tf64,P00,cca,0,reuse_existing,success,experiments/gate0_gate2_full_subject_single_seed/jobs/etard_tf64/P00/cca/seed_0,cca_nc_1,0.06378096758274915,24,,gate0_gate2_full_subject_single_seed_v1
etard_tf64,P00,fcnn,0,reuse_existing,success,experiments/gate0_gate2_full_subject_single_seed/jobs/etard_tf64/P00/fcnn/seed_0,fcnn_epoch_3,0.03089972592054757,24,,gate0_gate2_full_subject_single_seed_v1
etard_tf64,P00,adt,0,reuse_existing,success,experiments/gate0_gate2_full_subject_single_seed/jobs/etard_tf64/P00/adt/seed_0,adt_epoch_2,0.09653654483556096,24,,gate0_gate2_full_subject_single_seed_v1
etard_tf64,P01,ridge,0,reuse_existing,success,experiments/gate0_gate2_full_subject_single_seed/jobs/etard_tf64/P01/ridge/seed_0,ridge_alpha_1.0,0.09348833170812972,24,,gate0_gate2_full_subject_single_seed_v1
etard_tf64,P01,cca,0,reuse_existing,success,experiments/gate0_gate2_full_subject_single_seed/jobs/etard_tf64/P01/cca/seed_0,cca_nc_2,0.09750530042163968,24,,gate0_gate2_full_subject_single_seed_v1
etard_tf64,P01,fcnn,0,reuse_existing,success,experiments/gate0_gate2_full_subject_single_seed/jobs/etard_tf64/P01/fcnn/seed_0,fcnn_epoch_4,0.05831217376563641,24,,gate0_gate2_full_subject_single_seed_v1
etard_tf64,P01,adt,0,reuse_existing,success,experiments/gate0_gate2_full_subject_single_seed/jobs/etard_tf64/P01/adt/seed_0,adt_epoch_4,0.11405033885718106,24,,gate0_gate2_full_subject_single_seed_v1
etard_tf64,P02,ridge,0,reuse_existing,success,experiments/gate0_gate2_full_subject_single_seed/jobs/etard_tf64/P02/ridge/seed_0,ridge_alpha_100.0,0.07709442757395554,40,,gate0_gate2_full_subject_single_seed_v1
etard_tf64,P02,cca,0,reuse_existing,success,experiments/gate0_gate2_full_subject_single_seed/jobs/etard_tf64/P02/cca/seed_0,cca_nc_4,0.06206988266056327,40,,gate0_gate2_full_subject_single_seed_v1
etard_tf64,P02,fcnn,0,reuse_existing,success,experiments/gate0_gate2_full_subject_single_seed/jobs/etard_tf64/P02/fcnn/seed_0,fcnn_epoch_0,0.058882610910616154,40,,gate0_gate2_full_subject_single_seed_v1
etard_tf64,P02,adt,0,reuse_existing,success,experiments/gate0_gate2_full_subject_single_seed/jobs/etard_tf64/P02/adt/seed_0,adt_epoch_8,0.06439682363379626,40,,gate0_gate2_full_subject_single_seed_v1
etard_tf64,P03,ridge,0,reuse_existing,success,experiments/gate0_gate2_full_subject_single_seed/jobs/etard_tf64/P03/ridge/seed_0,ridge_alpha_10.0,0.10405487391784017,24,,gate0_gate2_full_subject_single_seed_v1
etard_tf64,P03,cca,0,reuse_existing,success,experiments/gate0_gate2_full_subject_single_seed/jobs/etard_tf64/P03/cca/seed_0,cca_nc_2,0.07301375262520356,24,,gate0_gate2_full_subject_single_seed_v1
etard_tf64,P03,fcnn,0,reuse_existing,success,experiments/gate0_gate2_full_subject_single_seed/jobs/etard_tf64/P03/fcnn/seed_0,fcnn_epoch_4,0.06592539096571144,24,,gate0_gate2_full_subject_single_seed_v1
etard_tf64,P03,adt,0,reuse_existing,success,experiments/gate0_gate2_full_subject_single_seed/jobs/etard_tf64/P03/adt/seed_0,adt_epoch_4,0.08146598680639984,24,,gate0_gate2_full_subject_single_seed_v1
etard_tf64,P04,ridge,0,reuse_existing,success,experiments/gate0_gate2_full_subject_single_seed/jobs/etard_tf64/P04/ridge/seed_0,ridge_alpha_10.0,0.175744230213875,24,,gate0_gate2_full_subject_single_seed_v1
etard_tf64,P04,cca,0,reuse_existing,success,experiments/gate0_gate2_full_subject_single_seed/jobs/etard_tf64/P04/cca/seed_0,cca_nc_1,0.10368267137331921,24,,gate0_gate2_full_subject_single_seed_v1
etard_tf64,P04,fcnn,0,reuse_existing,success,experiments/gate0_gate2_full_subject_single_seed/jobs/etard_tf64/P04/fcnn/seed_0,fcnn_epoch_2,0.10726215165344466,24,,gate0_gate2_full_subject_single_seed_v1
etard_tf64,P04,adt,0,reuse_existing,success,experiments/gate0_gate2_full_subject_single_seed/jobs/etard_tf64/P04/adt/seed_0,adt_epoch_5,0.18624454274285965,24,,gate0_gate2_full_subject_single_seed_v1
etard_tf64,P05,ridge,0,reuse_existing,success,experiments/gate0_gate2_full_subject_single_seed/jobs/etard_tf64/P05/ridge/seed_0,ridge_alpha_1.0,0.16560623028155064,24,,gate0_gate2_full_subject_single_seed_v1
etard_tf64,P05,cca,0,reuse_existing,success,experiments/gate0_gate2_full_subject_single_seed/jobs/etard_tf64/P05/cca/seed_0,cca_nc_2,0.08291126809368692,24,,gate0_gate2_full_subject_single_seed_v1
etard_tf64,P05,fcnn,0,reuse_existing,success,experiments/gate0_gate2_full_subject_single_seed/jobs/etard_tf64/P05/fcnn/seed_0,fcnn_epoch_4,0.0772836962806794,24,,gate0_gate2_full_subject_single_seed_v1
etard_tf64,P05,adt,0,reuse_existing,success,experiments/gate0_gate2_full_subject_single_seed/jobs/etard_tf64/P05/adt/seed_0,adt_epoch_14,0.09926028846651712,24,,gate0_gate2_full_subject_single_seed_v1
etard_tf64,P06,ridge,0,reuse_existing,success,experiments/gate0_gate2_full_subject_single_seed/jobs/etard_tf64/P06/ridge/seed_0,ridge_alpha_100.0,0.07456562557998551,40,,gate0_gate2_full_subject_single_seed_v1
etard_tf64,P06,cca,0,reuse_existing,success,experiments/gate0_gate2_full_subject_single_seed/jobs/etard_tf64/P06/cca/seed_0,cca_nc_4,0.05466787667077335,40,,gate0_gate2_full_subject_single_seed_v1
etard_tf64,P06,fcnn,0,reuse_existing,success,experiments/gate0_gate2_full_subject_single_seed/jobs/etard_tf64/P06/fcnn/seed_0,fcnn_epoch_2,0.04736025961039863,40,,gate0_gate2_full_subject_single_seed_v1
etard_tf64,P06,adt,0,reuse_existing,success,experiments/gate0_gate2_full_subject_single_seed/jobs/etard_tf64/P06/adt/seed_0,adt_epoch_5,0.07824610586560414,40,,gate0_gate2_full_subject_single_seed_v1
etard_tf64,P07,ridge,0,reuse_existing,success,experiments/gate0_gate2_full_subject_single_seed/jobs/etard_tf64/P07/ridge/seed_0,ridge_alpha_100.0,0.053227695766529526,40,,gate0_gate2_full_subject_single_seed_v1
etard_tf64,P07,cca,0,reuse_existing,success,experiments/gate0_gate2_full_subject_single_seed/jobs/etard_tf64/P07/cca/seed_0,cca_nc_4,0.04813761913481267,40,,gate0_gate2_full_subject_single_seed_v1
etard_tf64,P07,fcnn,0,reuse_existing,success,experiments/gate0_gate2_full_subject_single_seed/jobs/etard_tf64/P07/fcnn/seed_0,fcnn_epoch_2,0.04177073348545885,40,,gate0_gate2_full_subject_single_seed_v1
etard_tf64,P07,adt,0,reuse_existing,success,experiments/gate0_gate2_full_subject_single_seed/jobs/etard_tf64/P07/adt/seed_0,adt_epoch_6,0.049861735416904696,40,,gate0_gate2_full_subject_single_seed_v1
etard_tf64,P08,ridge,0,reuse_existing,success,experiments/gate0_gate2_full_subject_single_seed/jobs/etard_tf64/P08/ridge/seed_0,ridge_alpha_100.0,0.13968358567888628,40,,gate0_gate2_full_subject_single_seed_v1
etard_tf64,P08,cca,0,reuse_existing,success,experiments/gate0_gate2_full_subject_single_seed/jobs/etard_tf64/P08/cca/seed_0,cca_nc_4,0.07555111566470898,40,,gate0_gate2_full_subject_single_seed_v1
etard_tf64,P08,fcnn,0,reuse_existing,success,experiments/gate0_gate2_full_subject_single_seed/jobs/etard_tf64/P08/fcnn/seed_0,fcnn_epoch_3,0.08142240033347493,40,,gate0_gate2_full_subject_single_seed_v1
etard_tf64,P08,adt,0,reuse_existing,success,experiments/gate0_gate2_full_subject_single_seed/jobs/etard_tf64/P08/adt/seed_0,adt_epoch_2,0.15441509786735494,40,,gate0_gate2_full_subject_single_seed_v1
etard_tf64,P09,ridge,0,reuse_existing,success,experiments/gate0_gate2_full_subject_single_seed/jobs/etard_tf64/P09/ridge/seed_0,ridge_alpha_100.0,0.10027054598356153,40,,gate0_gate2_full_subject_single_seed_v1
etard_tf64,P09,cca,0,reuse_existing,success,experiments/gate0_gate2_full_subject_single_seed/jobs/etard_tf64/P09/cca/seed_0,cca_nc_4,0.0699837192568564,40,,gate0_gate2_full_subject_single_seed_v1
etard_tf64,P09,fcnn,0,reuse_existing,success,experiments/gate0_gate2_full_subject_single_seed/jobs/etard_tf64/P09/fcnn/seed_0,fcnn_epoch_4,0.06090749762007626,40,,gate0_gate2_full_subject_single_seed_v1
etard_tf64,P09,adt,0,reuse_existing,success,experiments/gate0_gate2_full_subject_single_seed/jobs/etard_tf64/P09/adt/seed_0,adt_epoch_4,0.11294602654166166,40,,gate0_gate2_full_subject_single_seed_v1
etard_tf64,P10,ridge,0,reuse_existing,success,experiments/gate0_gate2_full_subject_single_seed/jobs/etard_tf64/P10/ridge/seed_0,ridge_alpha_100.0,0.14400813039919944,40,,gate0_gate2_full_subject_single_seed_v1
etard_tf64,P10,cca,0,reuse_existing,success,experiments/gate0_gate2_full_subject_single_seed/jobs/etard_tf64/P10/cca/seed_0,cca_nc_1,0.1052584234569652,40,,gate0_gate2_full_subject_single_seed_v1
etard_tf64,P10,fcnn,0,reuse_existing,success,experiments/gate0_gate2_full_subject_single_seed/jobs/etard_tf64/P10/fcnn/seed_0,fcnn_epoch_1,0.09636906989887803,40,,gate0_gate2_full_subject_single_seed_v1
etard_tf64,P10,adt,0,reuse_existing,success,experiments/gate0_gate2_full_subject_single_seed/jobs/etard_tf64/P10/adt/seed_0,adt_epoch_3,0.1827733827426333,40,,gate0_gate2_full_subject_single_seed_v1
etard_tf64,P11,ridge,0,reuse_existing,success,experiments/gate0_gate2_full_subject_single_seed/jobs/etard_tf64/P11/ridge/seed_0,ridge_alpha_0.001,0.044848313231063586,16,,gate0_gate2_full_subject_single_seed_v1
etard_tf64,P11,cca,0,reuse_existing,success,experiments/gate0_gate2_full_subject_single_seed/jobs/etard_tf64/P11/cca/seed_0,cca_nc_1,0.01697478173375066,16,,gate0_gate2_full_subject_single_seed_v1
etard_tf64,P11,fcnn,0,reuse_existing,success,experiments/gate0_gate2_full_subject_single_seed/jobs/etard_tf64/P11/fcnn/seed_0,fcnn_epoch_1,0.05252191227174807,16,,gate0_gate2_full_subject_single_seed_v1
etard_tf64,P11,adt,0,reuse_existing,success,experiments/gate0_gate2_full_subject_single_seed/jobs/etard_tf64/P11/adt/seed_0,adt_epoch_1,0.029016418840218917,16,,gate0_gate2_full_subject_single_seed_v1
etard_tf64,P12,ridge,0,reuse_existing,success,experiments/gate0_gate2_full_subject_single_seed/jobs/etard_tf64/P12/ridge/seed_0,ridge_alpha_1.0,0.051038192714147876,16,,gate0_gate2_full_subject_single_seed_v1
etard_tf64,P12,cca,0,reuse_existing,success,experiments/gate0_gate2_full_subject_single_seed/jobs/etard_tf64/P12/cca/seed_0,cca_nc_2,0.0477233194092052,16,,gate0_gate2_full_subject_single_seed_v1
etard_tf64,P12,fcnn,0,reuse_existing,success,experiments/gate0_gate2_full_subject_single_seed/jobs/etard_tf64/P12/fcnn/seed_0,fcnn_epoch_4,0.024303849912917456,16,,gate0_gate2_full_subject_single_seed_v1
etard_tf64,P12,adt,0,reuse_existing,success,experiments/gate0_gate2_full_subject_single_seed/jobs/etard_tf64/P12/adt/seed_0,adt_epoch_6,0.07405633867954906,16,,gate0_gate2_full_subject_single_seed_v1
etard_tf64,P13,ridge,0,reuse_existing,success,experiments/gate0_gate2_full_subject_single_seed/jobs/etard_tf64/P13/ridge/seed_0,ridge_alpha_100.0,0.08236454245340001,40,,gate0_gate2_full_subject_single_seed_v1
etard_tf64,P13,cca,0,reuse_existing,success,experiments/gate0_gate2_full_subject_single_seed/jobs/etard_tf64/P13/cca/seed_0,cca_nc_1,0.06220989017493215,40,,gate0_gate2_full_subject_single_seed_v1
etard_tf64,P13,fcnn,0,reuse_existing,success,experiments/gate0_gate2_full_subject_single_seed/jobs/etard_tf64/P13/fcnn/seed_0,fcnn_epoch_2,0.05594610597871378,40,,gate0_gate2_full_subject_single_seed_v1
etard_tf64,P13,adt,0,reuse_existing,success,experiments/gate0_gate2_full_subject_single_seed/jobs/etard_tf64/P13/adt/seed_0,adt_epoch_4,0.08579810598113084,40,,gate0_gate2_full_subject_single_seed_v1
etard_tf64,P14,ridge,0,reuse_existing,success,experiments/gate0_gate2_full_subject_single_seed/jobs/etard_tf64/P14/ridge/seed_0,ridge_alpha_100.0,0.07104625573321281,40,,gate0_gate2_full_subject_single_seed_v1
etard_tf64,P14,cca,0,reuse_existing,success,experiments/gate0_gate2_full_subject_single_seed/jobs/etard_tf64/P14/cca/seed_0,cca_nc_4,0.05426455228402065,40,,gate0_gate2_full_subject_single_seed_v1
etard_tf64,P14,fcnn,0,reuse_existing,success,experiments/gate0_gate2_full_subject_single_seed/jobs/etard_tf64/P14/fcnn/seed_0,fcnn_epoch_0,0.05190032498483782,40,,gate0_gate2_full_subject_single_seed_v1
etard_tf64,P14,adt,0,reuse_existing,success,experiments/gate0_gate2_full_subject_single_seed/jobs/etard_tf64/P14/adt/seed_0,adt_epoch_2,0.09911691622566152,40,,gate0_gate2_full_subject_single_seed_v1
etard_tf64,P15,ridge,0,reuse_existing,success,experiments/gate0_gate2_full_subject_single_seed/jobs/etard_tf64/P15/ridge/seed_0,ridge_alpha_10.0,0.06723994153100096,40,,gate0_gate2_full_subject_single_seed_v1
etard_tf64,P15,cca,0,reuse_existing,success,experiments/gate0_gate2_full_subject_single_seed/jobs/etard_tf64/P15/cca/seed_0,cca_nc_2,0.06403554735057461,40,,gate0_gate2_full_subject_single_seed_v1
etard_tf64,P15,fcnn,0,reuse_existing,success,experiments/gate0_gate2_full_subject_single_seed/jobs/etard_tf64/P15/fcnn/seed_0,fcnn_epoch_6,0.04354849531293719,40,,gate0_gate2_full_subject_single_seed_v1
etard_tf64,P15,adt,0,reuse_existing,success,experiments/gate0_gate2_full_subject_single_seed/jobs/etard_tf64/P15/adt/seed_0,adt_epoch_6,0.048881689855330424,40,,gate0_gate2_full_subject_single_seed_v1
etard_tf64,P16,ridge,0,reuse_existing,success,experiments/gate0_gate2_full_subject_single_seed/jobs/etard_tf64/P16/ridge/seed_0,ridge_alpha_100.0,0.11812743311029035,40,,gate0_gate2_full_subject_single_seed_v1
etard_tf64,P16,cca,0,reuse_existing,success,experiments/gate0_gate2_full_subject_single_seed/jobs/etard_tf64/P16/cca/seed_0,cca_nc_1,0.0409265315396537,40,,gate0_gate2_full_subject_single_seed_v1
etard_tf64,P16,fcnn,0,reuse_existing,success,experiments/gate0_gate2_full_subject_single_seed/jobs/etard_tf64/P16/fcnn/seed_0,fcnn_epoch_6,0.05465808152612578,40,,gate0_gate2_full_subject_single_seed_v1
etard_tf64,P16,adt,0,reuse_existing,success,experiments/gate0_gate2_full_subject_single_seed/jobs/etard_tf64/P16/adt/seed_0,adt_epoch_5,0.1077967528328446,40,,gate0_gate2_full_subject_single_seed_v1
etard_tf64,P17,ridge,0,reuse_existing,success,experiments/gate0_gate2_full_subject_single_seed/jobs/etard_tf64/P17/ridge/seed_0,ridge_alpha_10.0,0.1479816307863569,40,,gate0_gate2_full_subject_single_seed_v1
etard_tf64,P17,cca,0,reuse_existing,success,experiments/gate0_gate2_full_subject_single_seed/jobs/etard_tf64/P17/cca/seed_0,cca_nc_4,0.09540382930206373,40,,gate0_gate2_full_subject_single_seed_v1
etard_tf64,P17,fcnn,0,reuse_existing,success,experiments/gate0_gate2_full_subject_single_seed/jobs/etard_tf64/P17/fcnn/seed_0,fcnn_epoch_1,0.07856063094393025,40,,gate0_gate2_full_subject_single_seed_v1
etard_tf64,P17,adt,0,reuse_existing,success,experiments/gate0_gate2_full_subject_single_seed/jobs/etard_tf64/P17/adt/seed_0,adt_epoch_3,0.10034419776260006,40,,gate0_gate2_full_subject_single_seed_v1
etard_tf64,P18,ridge,0,reuse_existing,success,experiments/gate0_gate2_full_subject_single_seed/jobs/etard_tf64/P18/ridge/seed_0,ridge_alpha_1.0,0.10787007903537287,40,,gate0_gate2_full_subject_single_seed_v1
etard_tf64,P18,cca,0,reuse_existing,success,experiments/gate0_gate2_full_subject_single_seed/jobs/etard_tf64/P18/cca/seed_0,cca_nc_1,0.07395422785112646,40,,gate0_gate2_full_subject_single_seed_v1
etard_tf64,P18,fcnn,0,reuse_existing,success,experiments/gate0_gate2_full_subject_single_seed/jobs/etard_tf64/P18/fcnn/seed_0,fcnn_epoch_2,0.06845165032467324,40,,gate0_gate2_full_subject_single_seed_v1
etard_tf64,P18,adt,0,reuse_existing,success,experiments/gate0_gate2_full_subject_single_seed/jobs/etard_tf64/P18/adt/seed_0,adt_epoch_5,0.08393450999416367,40,,gate0_gate2_full_subject_single_seed_v1
etard_tf64,P19,ridge,0,reuse_existing,success,experiments/gate0_gate2_full_subject_single_seed/jobs/etard_tf64/P19/ridge/seed_0,ridge_alpha_100.0,0.16145018933092758,40,,gate0_gate2_full_subject_single_seed_v1
etard_tf64,P19,cca,0,reuse_existing,success,experiments/gate0_gate2_full_subject_single_seed/jobs/etard_tf64/P19/cca/seed_0,cca_nc_2,0.10494068293072975,40,,gate0_gate2_full_subject_single_seed_v1
etard_tf64,P19,fcnn,0,reuse_existing,success,experiments/gate0_gate2_full_subject_single_seed/jobs/etard_tf64/P19/fcnn/seed_0,fcnn_epoch_2,0.0861283333444894,40,,gate0_gate2_full_subject_single_seed_v1
etard_tf64,P19,adt,0,reuse_existing,success,experiments/gate0_gate2_full_subject_single_seed/jobs/etard_tf64/P19/adt/seed_0,adt_epoch_6,0.17837210956403612,40,,gate0_gate2_full_subject_single_seed_v1
etard_tf64,P00,ridge,42,skip_existing,success,experiments/gate0_gate2_full_subject_single_seed/jobs/etard_tf64/P00/ridge/seed_42,ridge_alpha_10.0,0.08856015451578379,24,,gate0_gate2_full_subject_single_seed_v1
etard_tf64,P00,cca,42,skip_existing,success,experiments/gate0_gate2_full_subject_single_seed/jobs/etard_tf64/P00/cca/seed_42,cca_nc_1,0.06378096758274915,24,,gate0_gate2_full_subject_single_seed_v1
etard_tf64,P00,fcnn,42,skip_existing,success,experiments/gate0_gate2_full_subject_single_seed/jobs/etard_tf64/P00/fcnn/seed_42,fcnn_epoch_4,0.0390439140449843,24,,gate0_gate2_full_subject_single_seed_v1
etard_tf64,P00,adt,42,skip_existing,success,experiments/gate0_gate2_full_subject_single_seed/jobs/etard_tf64/P00/adt/seed_42,adt_epoch_3,0.10073549364159436,24,,gate0_gate2_full_subject_single_seed_v1
etard_tf64,P01,ridge,42,skip_existing,success,experiments/gate0_gate2_full_subject_single_seed/jobs/etard_tf64/P01/ridge/seed_42,ridge_alpha_1.0,0.09348833170812972,24,,gate0_gate2_full_subject_single_seed_v1
etard_tf64,P01,cca,42,skip_existing,success,experiments/gate0_gate2_full_subject_single_seed/jobs/etard_tf64/P01/cca/seed_42,cca_nc_2,0.09750530042163968,24,,gate0_gate2_full_subject_single_seed_v1
etard_tf64,P01,fcnn,42,skip_existing,success,experiments/gate0_gate2_full_subject_single_seed/jobs/etard_tf64/P01/fcnn/seed_42,fcnn_epoch_3,0.06989240242350184,24,,gate0_gate2_full_subject_single_seed_v1
etard_tf64,P01,adt,42,skip_existing,success,experiments/gate0_gate2_full_subject_single_seed/jobs/etard_tf64/P01/adt/seed_42,adt_epoch_6,0.11111773199417242,24,,gate0_gate2_full_subject_single_seed_v1
etard_tf64,P02,ridge,42,skip_existing,success,experiments/gate0_gate2_full_subject_single_seed/jobs/etard_tf64/P02/ridge/seed_42,ridge_alpha_100.0,0.07709442757395554,40,,gate0_gate2_full_subject_single_seed_v1
etard_tf64,P02,cca,42,skip_existing,success,experiments/gate0_gate2_full_subject_single_seed/jobs/etard_tf64/P02/cca/seed_42,cca_nc_4,0.06206988266056327,40,,gate0_gate2_full_subject_single_seed_v1
etard_tf64,P02,fcnn,42,skip_existing,success,experiments/gate0_gate2_full_subject_single_seed/jobs/etard_tf64/P02/fcnn/seed_42,fcnn_epoch_1,0.05813273000014185,40,,gate0_gate2_full_subject_single_seed_v1
etard_tf64,P02,adt,42,skip_existing,success,experiments/gate0_gate2_full_subject_single_seed/jobs/etard_tf64/P02/adt/seed_42,adt_epoch_1,0.09350271881893676,40,,gate0_gate2_full_subject_single_seed_v1
etard_tf64,P03,ridge,42,skip_existing,success,experiments/gate0_gate2_full_subject_single_seed/jobs/etard_tf64/P03/ridge/seed_42,ridge_alpha_10.0,0.10405487391784017,24,,gate0_gate2_full_subject_single_seed_v1
etard_tf64,P03,cca,42,skip_existing,success,experiments/gate0_gate2_full_subject_single_seed/jobs/etard_tf64/P03/cca/seed_42,cca_nc_2,0.07301375262520356,24,,gate0_gate2_full_subject_single_seed_v1
etard_tf64,P03,fcnn,42,skip_existing,success,experiments/gate0_gate2_full_subject_single_seed/jobs/etard_tf64/P03/fcnn/seed_42,fcnn_epoch_14,0.060069842638639674,24,,gate0_gate2_full_subject_single_seed_v1
etard_tf64,P03,adt,42,skip_existing,success,experiments/gate0_gate2_full_subject_single_seed/jobs/etard_tf64/P03/adt/seed_42,adt_epoch_8,0.10721935288952866,24,,gate0_gate2_full_subject_single_seed_v1
etard_tf64,P04,ridge,42,skip_existing,success,experiments/gate0_gate2_full_subject_single_seed/jobs/etard_tf64/P04/ridge/seed_42,ridge_alpha_10.0,0.175744230213875,24,,gate0_gate2_full_subject_single_seed_v1
etard_tf64,P04,cca,42,skip_existing,success,experiments/gate0_gate2_full_subject_single_seed/jobs/etard_tf64/P04/cca/seed_42,cca_nc_1,0.10368267137331921,24,,gate0_gate2_full_subject_single_seed_v1
etard_tf64,P04,fcnn,42,skip_existing,success,experiments/gate0_gate2_full_subject_single_seed/jobs/etard_tf64/P04/fcnn/seed_42,fcnn_epoch_6,0.09200895142293235,24,,gate0_gate2_full_subject_single_seed_v1
etard_tf64,P04,adt,42,skip_existing,success,experiments/gate0_gate2_full_subject_single_seed/jobs/etard_tf64/P04/adt/seed_42,adt_epoch_5,0.20881263875074507,24,,gate0_gate2_full_subject_single_seed_v1
etard_tf64,P05,ridge,42,skip_existing,success,experiments/gate0_gate2_full_subject_single_seed/jobs/etard_tf64/P05/ridge/seed_42,ridge_alpha_1.0,0.16560623028155064,24,,gate0_gate2_full_subject_single_seed_v1
etard_tf64,P05,cca,42,skip_existing,success,experiments/gate0_gate2_full_subject_single_seed/jobs/etard_tf64/P05/cca/seed_42,cca_nc_2,0.08291126809368692,24,,gate0_gate2_full_subject_single_seed_v1
etard_tf64,P05,fcnn,42,skip_existing,success,experiments/gate0_gate2_full_subject_single_seed/jobs/etard_tf64/P05/fcnn/seed_42,fcnn_epoch_3,0.09032957880276433,24,,gate0_gate2_full_subject_single_seed_v1
etard_tf64,P05,adt,42,skip_existing,success,experiments/gate0_gate2_full_subject_single_seed/jobs/etard_tf64/P05/adt/seed_42,adt_epoch_6,0.1344248302363876,24,,gate0_gate2_full_subject_single_seed_v1
etard_tf64,P06,ridge,42,skip_existing,success,experiments/gate0_gate2_full_subject_single_seed/jobs/etard_tf64/P06/ridge/seed_42,ridge_alpha_100.0,0.07456562557998551,40,,gate0_gate2_full_subject_single_seed_v1
etard_tf64,P06,cca,42,skip_existing,success,experiments/gate0_gate2_full_subject_single_seed/jobs/etard_tf64/P06/cca/seed_42,cca_nc_4,0.05466787667077335,40,,gate0_gate2_full_subject_single_seed_v1
etard_tf64,P06,fcnn,42,skip_existing,success,experiments/gate0_gate2_full_subject_single_seed/jobs/etard_tf64/P06/fcnn/seed_42,fcnn_epoch_11,-0.0017803735682439276,40,,gate0_gate2_full_subject_single_seed_v1
etard_tf64,P06,adt,42,skip_existing,success,experiments/gate0_gate2_full_subject_single_seed/jobs/etard_tf64/P06/adt/seed_42,adt_epoch_4,0.06360682759275435,40,,gate0_gate2_full_subject_single_seed_v1
etard_tf64,P07,ridge,42,skip_existing,success,experiments/gate0_gate2_full_subject_single_seed/jobs/etard_tf64/P07/ridge/seed_42,ridge_alpha_100.0,0.053227695766529526,40,,gate0_gate2_full_subject_single_seed_v1
etard_tf64,P07,cca,42,skip_existing,success,experiments/gate0_gate2_full_subject_single_seed/jobs/etard_tf64/P07/cca/seed_42,cca_nc_4,0.04813761913481267,40,,gate0_gate2_full_subject_single_seed_v1
etard_tf64,P07,fcnn,42,skip_existing,success,experiments/gate0_gate2_full_subject_single_seed/jobs/etard_tf64/P07/fcnn/seed_42,fcnn_epoch_0,0.028787261557363285,40,,gate0_gate2_full_subject_single_seed_v1
etard_tf64,P07,adt,42,skip_existing,success,experiments/gate0_gate2_full_subject_single_seed/jobs/etard_tf64/P07/adt/seed_42,adt_epoch_5,0.041126814676882256,40,,gate0_gate2_full_subject_single_seed_v1
etard_tf64,P08,ridge,42,skip_existing,success,experiments/gate0_gate2_full_subject_single_seed/jobs/etard_tf64/P08/ridge/seed_42,ridge_alpha_100.0,0.13968358567888628,40,,gate0_gate2_full_subject_single_seed_v1
etard_tf64,P08,cca,42,skip_existing,success,experiments/gate0_gate2_full_subject_single_seed/jobs/etard_tf64/P08/cca/seed_42,cca_nc_4,0.07555111566470898,40,,gate0_gate2_full_subject_single_seed_v1
etard_tf64,P08,fcnn,42,skip_existing,success,experiments/gate0_gate2_full_subject_single_seed/jobs/etard_tf64/P08/fcnn/seed_42,fcnn_epoch_1,0.09102664146776238,40,,gate0_gate2_full_subject_single_seed_v1
etard_tf64,P08,adt,42,skip_existing,success,experiments/gate0_gate2_full_subject_single_seed/jobs/etard_tf64/P08/adt/seed_42,adt_epoch_8,0.13173800818948322,40,,gate0_gate2_full_subject_single_seed_v1
etard_tf64,P09,ridge,42,skip_existing,success,experiments/gate0_gate2_full_subject_single_seed/jobs/etard_tf64/P09/ridge/seed_42,ridge_alpha_100.0,0.10027054598356153,40,,gate0_gate2_full_subject_single_seed_v1
etard_tf64,P09,cca,42,skip_existing,success,experiments/gate0_gate2_full_subject_single_seed/jobs/etard_tf64/P09/cca/seed_42,cca_nc_4,0.0699837192568564,40,,gate0_gate2_full_subject_single_seed_v1
etard_tf64,P09,fcnn,42,skip_existing,success,experiments/gate0_gate2_full_subject_single_seed/jobs/etard_tf64/P09/fcnn/seed_42,fcnn_epoch_2,0.05826074241238921,40,,gate0_gate2_full_subject_single_seed_v1
etard_tf64,P09,adt,42,skip_existing,success,experiments/gate0_gate2_full_subject_single_seed/jobs/etard_tf64/P09/adt/seed_42,adt_epoch_7,0.11120678067098937,40,,gate0_gate2_full_subject_single_seed_v1
etard_tf64,P10,ridge,42,skip_existing,success,experiments/gate0_gate2_full_subject_single_seed/jobs/etard_tf64/P10/ridge/seed_42,ridge_alpha_100.0,0.14400813039919944,40,,gate0_gate2_full_subject_single_seed_v1
etard_tf64,P10,cca,42,skip_existing,success,experiments/gate0_gate2_full_subject_single_seed/jobs/etard_tf64/P10/cca/seed_42,cca_nc_1,0.1052584234569652,40,,gate0_gate2_full_subject_single_seed_v1
etard_tf64,P10,fcnn,42,skip_existing,success,experiments/gate0_gate2_full_subject_single_seed/jobs/etard_tf64/P10/fcnn/seed_42,fcnn_epoch_2,0.10763018326766471,40,,gate0_gate2_full_subject_single_seed_v1
etard_tf64,P10,adt,42,skip_existing,success,experiments/gate0_gate2_full_subject_single_seed/jobs/etard_tf64/P10/adt/seed_42,adt_epoch_4,0.14787671491162785,40,,gate0_gate2_full_subject_single_seed_v1
etard_tf64,P11,ridge,42,skip_existing,success,experiments/gate0_gate2_full_subject_single_seed/jobs/etard_tf64/P11/ridge/seed_42,ridge_alpha_0.001,0.044848313231063586,16,,gate0_gate2_full_subject_single_seed_v1
etard_tf64,P11,cca,42,skip_existing,success,experiments/gate0_gate2_full_subject_single_seed/jobs/etard_tf64/P11/cca/seed_42,cca_nc_1,0.01697478173375066,16,,gate0_gate2_full_subject_single_seed_v1
etard_tf64,P11,fcnn,42,skip_existing,success,experiments/gate0_gate2_full_subject_single_seed/jobs/etard_tf64/P11/fcnn/seed_42,fcnn_epoch_2,0.014961804024887747,16,,gate0_gate2_full_subject_single_seed_v1
etard_tf64,P11,adt,42,skip_existing,success,experiments/gate0_gate2_full_subject_single_seed/jobs/etard_tf64/P11/adt/seed_42,adt_epoch_14,0.05358870138198327,16,,gate0_gate2_full_subject_single_seed_v1
etard_tf64,P12,ridge,42,skip_existing,success,experiments/gate0_gate2_full_subject_single_seed/jobs/etard_tf64/P12/ridge/seed_42,ridge_alpha_1.0,0.051038192714147876,16,,gate0_gate2_full_subject_single_seed_v1
etard_tf64,P12,cca,42,skip_existing,success,experiments/gate0_gate2_full_subject_single_seed/jobs/etard_tf64/P12/cca/seed_42,cca_nc_2,0.0477233194092052,16,,gate0_gate2_full_subject_single_seed_v1
etard_tf64,P12,fcnn,42,skip_existing,success,experiments/gate0_gate2_full_subject_single_seed/jobs/etard_tf64/P12/fcnn/seed_42,fcnn_epoch_7,-0.0008826368298192658,16,,gate0_gate2_full_subject_single_seed_v1
etard_tf64,P12,adt,42,skip_existing,success,experiments/gate0_gate2_full_subject_single_seed/jobs/etard_tf64/P12/adt/seed_42,adt_epoch_6,0.08078721759026589,16,,gate0_gate2_full_subject_single_seed_v1
etard_tf64,P13,ridge,42,skip_existing,success,experiments/gate0_gate2_full_subject_single_seed/jobs/etard_tf64/P13/ridge/seed_42,ridge_alpha_100.0,0.08236454245340001,40,,gate0_gate2_full_subject_single_seed_v1
etard_tf64,P13,cca,42,skip_existing,success,experiments/gate0_gate2_full_subject_single_seed/jobs/etard_tf64/P13/cca/seed_42,cca_nc_1,0.06220989017493215,40,,gate0_gate2_full_subject_single_seed_v1
etard_tf64,P13,fcnn,42,skip_existing,success,experiments/gate0_gate2_full_subject_single_seed/jobs/etard_tf64/P13/fcnn/seed_42,fcnn_epoch_2,0.04857267592579658,40,,gate0_gate2_full_subject_single_seed_v1
etard_tf64,P13,adt,42,skip_existing,success,experiments/gate0_gate2_full_subject_single_seed/jobs/etard_tf64/P13/adt/seed_42,adt_epoch_6,0.08262654425937216,40,,gate0_gate2_full_subject_single_seed_v1
etard_tf64,P14,ridge,42,skip_existing,success,experiments/gate0_gate2_full_subject_single_seed/jobs/etard_tf64/P14/ridge/seed_42,ridge_alpha_100.0,0.07104625573321281,40,,gate0_gate2_full_subject_single_seed_v1
etard_tf64,P14,cca,42,skip_existing,success,experiments/gate0_gate2_full_subject_single_seed/jobs/etard_tf64/P14/cca/seed_42,cca_nc_4,0.05426455228402065,40,,gate0_gate2_full_subject_single_seed_v1
etard_tf64,P14,fcnn,42,skip_existing,success,experiments/gate0_gate2_full_subject_single_seed/jobs/etard_tf64/P14/fcnn/seed_42,fcnn_epoch_0,0.045809279253681244,40,,gate0_gate2_full_subject_single_seed_v1
etard_tf64,P14,adt,42,skip_existing,success,experiments/gate0_gate2_full_subject_single_seed/jobs/etard_tf64/P14/adt/seed_42,adt_epoch_4,0.08361706998897118,40,,gate0_gate2_full_subject_single_seed_v1
etard_tf64,P15,ridge,42,skip_existing,success,experiments/gate0_gate2_full_subject_single_seed/jobs/etard_tf64/P15/ridge/seed_42,ridge_alpha_10.0,0.06723994153100096,40,,gate0_gate2_full_subject_single_seed_v1
etard_tf64,P15,cca,42,skip_existing,success,experiments/gate0_gate2_full_subject_single_seed/jobs/etard_tf64/P15/cca/seed_42,cca_nc_2,0.06403554735057461,40,,gate0_gate2_full_subject_single_seed_v1
etard_tf64,P15,fcnn,42,skip_existing,success,experiments/gate0_gate2_full_subject_single_seed/jobs/etard_tf64/P15/fcnn/seed_42,fcnn_epoch_3,0.02921024482691379,40,,gate0_gate2_full_subject_single_seed_v1
etard_tf64,P15,adt,42,skip_existing,success,experiments/gate0_gate2_full_subject_single_seed/jobs/etard_tf64/P15/adt/seed_42,adt_epoch_4,0.050608599727186655,40,,gate0_gate2_full_subject_single_seed_v1
etard_tf64,P16,ridge,42,skip_existing,success,experiments/gate0_gate2_full_subject_single_seed/jobs/etard_tf64/P16/ridge/seed_42,ridge_alpha_100.0,0.11812743311029035,40,,gate0_gate2_full_subject_single_seed_v1
etard_tf64,P16,cca,42,skip_existing,success,experiments/gate0_gate2_full_subject_single_seed/jobs/etard_tf64/P16/cca/seed_42,cca_nc_1,0.0409265315396537,40,,gate0_gate2_full_subject_single_seed_v1
etard_tf64,P16,fcnn,42,skip_existing,success,experiments/gate0_gate2_full_subject_single_seed/jobs/etard_tf64/P16/fcnn/seed_42,fcnn_epoch_4,0.05361234398075001,40,,gate0_gate2_full_subject_single_seed_v1
etard_tf64,P16,adt,42,skip_existing,success,experiments/gate0_gate2_full_subject_single_seed/jobs/etard_tf64/P16/adt/seed_42,adt_epoch_5,0.10494303769199373,40,,gate0_gate2_full_subject_single_seed_v1
etard_tf64,P17,ridge,42,skip_existing,success,experiments/gate0_gate2_full_subject_single_seed/jobs/etard_tf64/P17/ridge/seed_42,ridge_alpha_10.0,0.1479816307863569,40,,gate0_gate2_full_subject_single_seed_v1
etard_tf64,P17,cca,42,skip_existing,success,experiments/gate0_gate2_full_subject_single_seed/jobs/etard_tf64/P17/cca/seed_42,cca_nc_4,0.09540382930206373,40,,gate0_gate2_full_subject_single_seed_v1
etard_tf64,P17,fcnn,42,skip_existing,success,experiments/gate0_gate2_full_subject_single_seed/jobs/etard_tf64/P17/fcnn/seed_42,fcnn_epoch_2,0.05140034918406403,40,,gate0_gate2_full_subject_single_seed_v1
etard_tf64,P17,adt,42,skip_existing,success,experiments/gate0_gate2_full_subject_single_seed/jobs/etard_tf64/P17/adt/seed_42,adt_epoch_5,0.10652553567643004,40,,gate0_gate2_full_subject_single_seed_v1
etard_tf64,P18,ridge,42,skip_existing,success,experiments/gate0_gate2_full_subject_single_seed/jobs/etard_tf64/P18/ridge/seed_42,ridge_alpha_1.0,0.10787007903537287,40,,gate0_gate2_full_subject_single_seed_v1
etard_tf64,P18,cca,42,skip_existing,success,experiments/gate0_gate2_full_subject_single_seed/jobs/etard_tf64/P18/cca/seed_42,cca_nc_1,0.07395422785112646,40,,gate0_gate2_full_subject_single_seed_v1
etard_tf64,P18,fcnn,42,skip_existing,success,experiments/gate0_gate2_full_subject_single_seed/jobs/etard_tf64/P18/fcnn/seed_42,fcnn_epoch_5,0.06162500954372563,40,,gate0_gate2_full_subject_single_seed_v1
etard_tf64,P18,adt,42,skip_existing,success,experiments/gate0_gate2_full_subject_single_seed/jobs/etard_tf64/P18/adt/seed_42,adt_epoch_4,0.08789937752698669,40,,gate0_gate2_full_subject_single_seed_v1
etard_tf64,P19,ridge,42,skip_existing,success,experiments/gate0_gate2_full_subject_single_seed/jobs/etard_tf64/P19/ridge/seed_42,ridge_alpha_100.0,0.16145018933092758,40,,gate0_gate2_full_subject_single_seed_v1
etard_tf64,P19,cca,42,skip_existing,success,experiments/gate0_gate2_full_subject_single_seed/jobs/etard_tf64/P19/cca/seed_42,cca_nc_2,0.10494068293072975,40,,gate0_gate2_full_subject_single_seed_v1
etard_tf64,P19,fcnn,42,skip_existing,success,experiments/gate0_gate2_full_subject_single_seed/jobs/etard_tf64/P19/fcnn/seed_42,fcnn_epoch_3,0.09241858019434643,40,,gate0_gate2_full_subject_single_seed_v1
etard_tf64,P19,adt,42,skip_existing,success,experiments/gate0_gate2_full_subject_single_seed/jobs/etard_tf64/P19/adt/seed_42,adt_epoch_2,0.16110394107901216,40,,gate0_gate2_full_subject_single_seed_v1
etard_tf64,P00,ridge,2026,skip_existing,success,experiments/gate0_gate2_full_subject_single_seed/jobs/etard_tf64/P00/ridge/seed_2026,ridge_alpha_10.0,0.08856015451578379,24,,gate0_gate2_full_subject_single_seed_v1
etard_tf64,P00,cca,2026,skip_existing,success,experiments/gate0_gate2_full_subject_single_seed/jobs/etard_tf64/P00/cca/seed_2026,cca_nc_1,0.06378096758274915,24,,gate0_gate2_full_subject_single_seed_v1
etard_tf64,P00,fcnn,2026,skip_existing,success,experiments/gate0_gate2_full_subject_single_seed/jobs/etard_tf64/P00/fcnn/seed_2026,fcnn_epoch_5,0.03882430700341005,24,,gate0_gate2_full_subject_single_seed_v1
etard_tf64,P00,adt,2026,skip_existing,success,experiments/gate0_gate2_full_subject_single_seed/jobs/etard_tf64/P00/adt/seed_2026,adt_epoch_3,0.06689388547334371,24,,gate0_gate2_full_subject_single_seed_v1
etard_tf64,P01,ridge,2026,skip_existing,success,experiments/gate0_gate2_full_subject_single_seed/jobs/etard_tf64/P01/ridge/seed_2026,ridge_alpha_1.0,0.09348833170812972,24,,gate0_gate2_full_subject_single_seed_v1
etard_tf64,P01,cca,2026,skip_existing,success,experiments/gate0_gate2_full_subject_single_seed/jobs/etard_tf64/P01/cca/seed_2026,cca_nc_2,0.09750530042163968,24,,gate0_gate2_full_subject_single_seed_v1
etard_tf64,P01,fcnn,2026,skip_existing,success,experiments/gate0_gate2_full_subject_single_seed/jobs/etard_tf64/P01/fcnn/seed_2026,fcnn_epoch_3,0.05985070338962211,24,,gate0_gate2_full_subject_single_seed_v1
etard_tf64,P01,adt,2026,skip_existing,success,experiments/gate0_gate2_full_subject_single_seed/jobs/etard_tf64/P01/adt/seed_2026,adt_epoch_6,0.05962179190882009,24,,gate0_gate2_full_subject_single_seed_v1
etard_tf64,P02,ridge,2026,skip_existing,success,experiments/gate0_gate2_full_subject_single_seed/jobs/etard_tf64/P02/ridge/seed_2026,ridge_alpha_100.0,0.07709442757395554,40,,gate0_gate2_full_subject_single_seed_v1
etard_tf64,P02,cca,2026,skip_existing,success,experiments/gate0_gate2_full_subject_single_seed/jobs/etard_tf64/P02/cca/seed_2026,cca_nc_4,0.06206988266056327,40,,gate0_gate2_full_subject_single_seed_v1
etard_tf64,P02,fcnn,2026,skip_existing,success,experiments/gate0_gate2_full_subject_single_seed/jobs/etard_tf64/P02/fcnn/seed_2026,fcnn_epoch_0,0.05104440027383896,40,,gate0_gate2_full_subject_single_seed_v1
etard_tf64,P02,adt,2026,skip_existing,success,experiments/gate0_gate2_full_subject_single_seed/jobs/etard_tf64/P02/adt/seed_2026,adt_epoch_1,0.0716136287216991,40,,gate0_gate2_full_subject_single_seed_v1
etard_tf64,P03,ridge,2026,skip_existing,success,experiments/gate0_gate2_full_subject_single_seed/jobs/etard_tf64/P03/ridge/seed_2026,ridge_alpha_10.0,0.10405487391784017,24,,gate0_gate2_full_subject_single_seed_v1
etard_tf64,P03,cca,2026,skip_existing,success,experiments/gate0_gate2_full_subject_single_seed/jobs/etard_tf64/P03/cca/seed_2026,cca_nc_2,0.07301375262520356,24,,gate0_gate2_full_subject_single_seed_v1
etard_tf64,P03,fcnn,2026,skip_existing,success,experiments/gate0_gate2_full_subject_single_seed/jobs/etard_tf64/P03/fcnn/seed_2026,fcnn_epoch_11,0.05991795076466391,24,,gate0_gate2_full_subject_single_seed_v1
etard_tf64,P03,adt,2026,skip_existing,success,experiments/gate0_gate2_full_subject_single_seed/jobs/etard_tf64/P03/adt/seed_2026,adt_epoch_4,0.09493739033644476,24,,gate0_gate2_full_subject_single_seed_v1
etard_tf64,P04,ridge,2026,skip_existing,success,experiments/gate0_gate2_full_subject_single_seed/jobs/etard_tf64/P04/ridge/seed_2026,ridge_alpha_10.0,0.175744230213875,24,,gate0_gate2_full_subject_single_seed_v1
etard_tf64,P04,cca,2026,skip_existing,success,experiments/gate0_gate2_full_subject_single_seed/jobs/etard_tf64/P04/cca/seed_2026,cca_nc_1,0.10368267137331921,24,,gate0_gate2_full_subject_single_seed_v1
etard_tf64,P04,fcnn,2026,skip_existing,success,experiments/gate0_gate2_full_subject_single_seed/jobs/etard_tf64/P04/fcnn/seed_2026,fcnn_epoch_4,0.07924983554793943,24,,gate0_gate2_full_subject_single_seed_v1
etard_tf64,P04,adt,2026,skip_existing,success,experiments/gate0_gate2_full_subject_single_seed/jobs/etard_tf64/P04/adt/seed_2026,adt_epoch_9,0.19266763358568784,24,,gate0_gate2_full_subject_single_seed_v1
etard_tf64,P05,ridge,2026,skip_existing,success,experiments/gate0_gate2_full_subject_single_seed/jobs/etard_tf64/P05/ridge/seed_2026,ridge_alpha_1.0,0.16560623028155064,24,,gate0_gate2_full_subject_single_seed_v1
etard_tf64,P05,cca,2026,skip_existing,success,experiments/gate0_gate2_full_subject_single_seed/jobs/etard_tf64/P05/cca/seed_2026,cca_nc_2,0.08291126809368692,24,,gate0_gate2_full_subject_single_seed_v1
etard_tf64,P05,fcnn,2026,skip_existing,success,experiments/gate0_gate2_full_subject_single_seed/jobs/etard_tf64/P05/fcnn/seed_2026,fcnn_epoch_3,0.07789434303330217,24,,gate0_gate2_full_subject_single_seed_v1
etard_tf64,P05,adt,2026,skip_existing,success,experiments/gate0_gate2_full_subject_single_seed/jobs/etard_tf64/P05/adt/seed_2026,adt_epoch_6,0.13485923436080147,24,,gate0_gate2_full_subject_single_seed_v1
etard_tf64,P06,ridge,2026,skip_existing,success,experiments/gate0_gate2_full_subject_single_seed/jobs/etard_tf64/P06/ridge/seed_2026,ridge_alpha_100.0,0.07456562557998551,40,,gate0_gate2_full_subject_single_seed_v1
etard_tf64,P06,cca,2026,skip_existing,success,experiments/gate0_gate2_full_subject_single_seed/jobs/etard_tf64/P06/cca/seed_2026,cca_nc_4,0.05466787667077335,40,,gate0_gate2_full_subject_single_seed_v1
etard_tf64,P06,fcnn,2026,skip_existing,success,experiments/gate0_gate2_full_subject_single_seed/jobs/etard_tf64/P06/fcnn/seed_2026,fcnn_epoch_2,0.04054298690825382,40,,gate0_gate2_full_subject_single_seed_v1
etard_tf64,P06,adt,2026,skip_existing,success,experiments/gate0_gate2_full_subject_single_seed/jobs/etard_tf64/P06/adt/seed_2026,adt_epoch_7,0.055490655419035674,40,,gate0_gate2_full_subject_single_seed_v1
etard_tf64,P07,ridge,2026,skip_existing,success,experiments/gate0_gate2_full_subject_single_seed/jobs/etard_tf64/P07/ridge/seed_2026,ridge_alpha_100.0,0.053227695766529526,40,,gate0_gate2_full_subject_single_seed_v1
etard_tf64,P07,cca,2026,skip_existing,success,experiments/gate0_gate2_full_subject_single_seed/jobs/etard_tf64/P07/cca/seed_2026,cca_nc_4,0.04813761913481267,40,,gate0_gate2_full_subject_single_seed_v1
etard_tf64,P07,fcnn,2026,skip_existing,success,experiments/gate0_gate2_full_subject_single_seed/jobs/etard_tf64/P07/fcnn/seed_2026,fcnn_epoch_3,0.01311274270359813,40,,gate0_gate2_full_subject_single_seed_v1
etard_tf64,P07,adt,2026,skip_existing,success,experiments/gate0_gate2_full_subject_single_seed/jobs/etard_tf64/P07/adt/seed_2026,adt_epoch_5,0.03781886706436208,40,,gate0_gate2_full_subject_single_seed_v1
etard_tf64,P08,ridge,2026,skip_existing,success,experiments/gate0_gate2_full_subject_single_seed/jobs/etard_tf64/P08/ridge/seed_2026,ridge_alpha_100.0,0.13968358567888628,40,,gate0_gate2_full_subject_single_seed_v1
etard_tf64,P08,cca,2026,skip_existing,success,experiments/gate0_gate2_full_subject_single_seed/jobs/etard_tf64/P08/cca/seed_2026,cca_nc_4,0.07555111566470898,40,,gate0_gate2_full_subject_single_seed_v1
etard_tf64,P08,fcnn,2026,skip_existing,success,experiments/gate0_gate2_full_subject_single_seed/jobs/etard_tf64/P08/fcnn/seed_2026,fcnn_epoch_0,0.08418402680400369,40,,gate0_gate2_full_subject_single_seed_v1
etard_tf64,P08,adt,2026,skip_existing,success,experiments/gate0_gate2_full_subject_single_seed/jobs/etard_tf64/P08/adt/seed_2026,adt_epoch_6,0.12392859295330409,40,,gate0_gate2_full_subject_single_seed_v1
etard_tf64,P09,ridge,2026,skip_existing,success,experiments/gate0_gate2_full_subject_single_seed/jobs/etard_tf64/P09/ridge/seed_2026,ridge_alpha_100.0,0.10027054598356153,40,,gate0_gate2_full_subject_single_seed_v1
etard_tf64,P09,cca,2026,skip_existing,success,experiments/gate0_gate2_full_subject_single_seed/jobs/etard_tf64/P09/cca/seed_2026,cca_nc_4,0.0699837192568564,40,,gate0_gate2_full_subject_single_seed_v1
etard_tf64,P09,fcnn,2026,skip_existing,success,experiments/gate0_gate2_full_subject_single_seed/jobs/etard_tf64/P09/fcnn/seed_2026,fcnn_epoch_3,0.05279487785092237,40,,gate0_gate2_full_subject_single_seed_v1
etard_tf64,P09,adt,2026,skip_existing,success,experiments/gate0_gate2_full_subject_single_seed/jobs/etard_tf64/P09/adt/seed_2026,adt_epoch_3,0.10189725224848094,40,,gate0_gate2_full_subject_single_seed_v1
etard_tf64,P10,ridge,2026,skip_existing,success,experiments/gate0_gate2_full_subject_single_seed/jobs/etard_tf64/P10/ridge/seed_2026,ridge_alpha_100.0,0.14400813039919944,40,,gate0_gate2_full_subject_single_seed_v1
etard_tf64,P10,cca,2026,skip_existing,success,experiments/gate0_gate2_full_subject_single_seed/jobs/etard_tf64/P10/cca/seed_2026,cca_nc_1,0.1052584234569652,40,,gate0_gate2_full_subject_single_seed_v1
etard_tf64,P10,fcnn,2026,skip_existing,success,experiments/gate0_gate2_full_subject_single_seed/jobs/etard_tf64/P10/fcnn/seed_2026,fcnn_epoch_4,0.10456962883705904,40,,gate0_gate2_full_subject_single_seed_v1
etard_tf64,P10,adt,2026,skip_existing,success,experiments/gate0_gate2_full_subject_single_seed/jobs/etard_tf64/P10/adt/seed_2026,adt_epoch_3,0.16809528454932515,40,,gate0_gate2_full_subject_single_seed_v1
etard_tf64,P11,ridge,2026,skip_existing,success,experiments/gate0_gate2_full_subject_single_seed/jobs/etard_tf64/P11/ridge/seed_2026,ridge_alpha_0.001,0.044848313231063586,16,,gate0_gate2_full_subject_single_seed_v1
etard_tf64,P11,cca,2026,skip_existing,success,experiments/gate0_gate2_full_subject_single_seed/jobs/etard_tf64/P11/cca/seed_2026,cca_nc_1,0.01697478173375066,16,,gate0_gate2_full_subject_single_seed_v1
etard_tf64,P11,fcnn,2026,skip_existing,success,experiments/gate0_gate2_full_subject_single_seed/jobs/etard_tf64/P11/fcnn/seed_2026,fcnn_epoch_2,0.02033516102788145,16,,gate0_gate2_full_subject_single_seed_v1
etard_tf64,P11,adt,2026,skip_existing,success,experiments/gate0_gate2_full_subject_single_seed/jobs/etard_tf64/P11/adt/seed_2026,adt_epoch_21,0.068050062870974,16,,gate0_gate2_full_subject_single_seed_v1
etard_tf64,P12,ridge,2026,skip_existing,success,experiments/gate0_gate2_full_subject_single_seed/jobs/etard_tf64/P12/ridge/seed_2026,ridge_alpha_1.0,0.051038192714147876,16,,gate0_gate2_full_subject_single_seed_v1
etard_tf64,P12,cca,2026,skip_existing,success,experiments/gate0_gate2_full_subject_single_seed/jobs/etard_tf64/P12/cca/seed_2026,cca_nc_2,0.0477233194092052,16,,gate0_gate2_full_subject_single_seed_v1
etard_tf64,P12,fcnn,2026,skip_existing,success,experiments/gate0_gate2_full_subject_single_seed/jobs/etard_tf64/P12/fcnn/seed_2026,fcnn_epoch_12,-0.02159621578407775,16,,gate0_gate2_full_subject_single_seed_v1
etard_tf64,P12,adt,2026,skip_existing,success,experiments/gate0_gate2_full_subject_single_seed/jobs/etard_tf64/P12/adt/seed_2026,adt_epoch_6,0.0897508123624105,16,,gate0_gate2_full_subject_single_seed_v1
etard_tf64,P13,ridge,2026,skip_existing,success,experiments/gate0_gate2_full_subject_single_seed/jobs/etard_tf64/P13/ridge/seed_2026,ridge_alpha_100.0,0.08236454245340001,40,,gate0_gate2_full_subject_single_seed_v1
etard_tf64,P13,cca,2026,skip_existing,success,experiments/gate0_gate2_full_subject_single_seed/jobs/etard_tf64/P13/cca/seed_2026,cca_nc_1,0.06220989017493215,40,,gate0_gate2_full_subject_single_seed_v1
etard_tf64,P13,fcnn,2026,skip_existing,success,experiments/gate0_gate2_full_subject_single_seed/jobs/etard_tf64/P13/fcnn/seed_2026,fcnn_epoch_2,0.05483607707388592,40,,gate0_gate2_full_subject_single_seed_v1
etard_tf64,P13,adt,2026,skip_existing,success,experiments/gate0_gate2_full_subject_single_seed/jobs/etard_tf64/P13/adt/seed_2026,adt_epoch_2,0.09181924694255225,40,,gate0_gate2_full_subject_single_seed_v1
etard_tf64,P14,ridge,2026,skip_existing,success,experiments/gate0_gate2_full_subject_single_seed/jobs/etard_tf64/P14/ridge/seed_2026,ridge_alpha_100.0,0.07104625573321281,40,,gate0_gate2_full_subject_single_seed_v1
etard_tf64,P14,cca,2026,skip_existing,success,experiments/gate0_gate2_full_subject_single_seed/jobs/etard_tf64/P14/cca/seed_2026,cca_nc_4,0.054264500059124074,40,,gate0_gate2_full_subject_single_seed_v1
etard_tf64,P14,fcnn,2026,skip_existing,success,experiments/gate0_gate2_full_subject_single_seed/jobs/etard_tf64/P14/fcnn/seed_2026,fcnn_epoch_2,0.056291401178321945,40,,gate0_gate2_full_subject_single_seed_v1
etard_tf64,P14,adt,2026,skip_existing,success,experiments/gate0_gate2_full_subject_single_seed/jobs/etard_tf64/P14/adt/seed_2026,adt_epoch_3,0.09129665477537904,40,,gate0_gate2_full_subject_single_seed_v1
etard_tf64,P15,ridge,2026,skip_existing,success,experiments/gate0_gate2_full_subject_single_seed/jobs/etard_tf64/P15/ridge/seed_2026,ridge_alpha_10.0,0.06726727928279859,40,,gate0_gate2_full_subject_single_seed_v1
etard_tf64,P15,cca,2026,skip_existing,success,experiments/gate0_gate2_full_subject_single_seed/jobs/etard_tf64/P15/cca/seed_2026,cca_nc_2,0.06403622598984142,40,,gate0_gate2_full_subject_single_seed_v1
etard_tf64,P15,fcnn,2026,skip_existing,success,experiments/gate0_gate2_full_subject_single_seed/jobs/etard_tf64/P15/fcnn/seed_2026,fcnn_epoch_7,0.03201197449390051,40,,gate0_gate2_full_subject_single_seed_v1
etard_tf64,P15,adt,2026,skip_existing,success,experiments/gate0_gate2_full_subject_single_seed/jobs/etard_tf64/P15/adt/seed_2026,adt_epoch_8,0.05447478102642043,40,,gate0_gate2_full_subject_single_seed_v1
etard_tf64,P16,ridge,2026,skip_existing,success,experiments/gate0_gate2_full_subject_single_seed/jobs/etard_tf64/P16/ridge/seed_2026,ridge_alpha_100.0,0.11813192395831215,40,,gate0_gate2_full_subject_single_seed_v1
etard_tf64,P16,cca,2026,skip_existing,success,experiments/gate0_gate2_full_subject_single_seed/jobs/etard_tf64/P16/cca/seed_2026,cca_nc_1,0.04092622456293053,40,,gate0_gate2_full_subject_single_seed_v1
etard_tf64,P16,fcnn,2026,skip_existing,success,experiments/gate0_gate2_full_subject_single_seed/jobs/etard_tf64/P16/fcnn/seed_2026,fcnn_epoch_2,0.05615851632674955,40,,gate0_gate2_full_subject_single_seed_v1
etard_tf64,P16,adt,2026,skip_existing,success,experiments/gate0_gate2_full_subject_single_seed/jobs/etard_tf64/P16/adt/seed_2026,adt_epoch_2,0.1168209058953239,40,,gate0_gate2_full_subject_single_seed_v1
etard_tf64,P17,ridge,2026,skip_existing,success,experiments/gate0_gate2_full_subject_single_seed/jobs/etard_tf64/P17/ridge/seed_2026,ridge_alpha_10.0,0.14795819663695847,40,,gate0_gate2_full_subject_single_seed_v1
etard_tf64,P17,cca,2026,skip_existing,success,experiments/gate0_gate2_full_subject_single_seed/jobs/etard_tf64/P17/cca/seed_2026,cca_nc_4,0.09540391353379328,40,,gate0_gate2_full_subject_single_seed_v1
etard_tf64,P17,fcnn,2026,skip_existing,success,experiments/gate0_gate2_full_subject_single_seed/jobs/etard_tf64/P17/fcnn/seed_2026,fcnn_epoch_1,0.07767728163861787,40,,gate0_gate2_full_subject_single_seed_v1
etard_tf64,P17,adt,2026,skip_existing,success,experiments/gate0_gate2_full_subject_single_seed/jobs/etard_tf64/P17/adt/seed_2026,adt_epoch_5,0.10148688720274217,40,,gate0_gate2_full_subject_single_seed_v1
etard_tf64,P18,ridge,2026,skip_existing,success,experiments/gate0_gate2_full_subject_single_seed/jobs/etard_tf64/P18/ridge/seed_2026,ridge_alpha_1.0,0.10787038764023249,40,,gate0_gate2_full_subject_single_seed_v1
etard_tf64,P18,cca,2026,skip_existing,success,experiments/gate0_gate2_full_subject_single_seed/jobs/etard_tf64/P18/cca/seed_2026,cca_nc_1,0.07395424817879186,40,,gate0_gate2_full_subject_single_seed_v1
etard_tf64,P18,fcnn,2026,skip_existing,success,experiments/gate0_gate2_full_subject_single_seed/jobs/etard_tf64/P18/fcnn/seed_2026,fcnn_epoch_5,0.07067923859779013,40,,gate0_gate2_full_subject_single_seed_v1
etard_tf64,P18,adt,2026,skip_existing,success,experiments/gate0_gate2_full_subject_single_seed/jobs/etard_tf64/P18/adt/seed_2026,adt_epoch_3,0.07462196843251707,40,,gate0_gate2_full_subject_single_seed_v1
etard_tf64,P19,ridge,2026,skip_existing,success,experiments/gate0_gate2_full_subject_single_seed/jobs/etard_tf64/P19/ridge/seed_2026,ridge_alpha_100.0,0.16144853037947177,40,,gate0_gate2_full_subject_single_seed_v1
etard_tf64,P19,cca,2026,skip_existing,success,experiments/gate0_gate2_full_subject_single_seed/jobs/etard_tf64/P19/cca/seed_2026,cca_nc_2,0.10494066820111417,40,,gate0_gate2_full_subject_single_seed_v1
etard_tf64,P19,fcnn,2026,skip_existing,success,experiments/gate0_gate2_full_subject_single_seed/jobs/etard_tf64/P19/fcnn/seed_2026,fcnn_epoch_1,0.1096041111093589,40,,gate0_gate2_full_subject_single_seed_v1
etard_tf64,P19,adt,2026,skip_existing,success,experiments/gate0_gate2_full_subject_single_seed/jobs/etard_tf64/P19/adt/seed_2026,adt_epoch_5,0.16664519617393525,40,,gate0_gate2_full_subject_single_seed_v1
