dataset,label,g_con,epoch,train_loss,val_loss,val_metric,lr
weissbart_tf64,HappyQuokka g_con=True,True,1,0.7395880619684855,0.19332547455261914,0.02227217381592849,0.0005
weissbart_tf64,HappyQuokka g_con=True,True,2,0.26178615788618725,0.19092285124919353,0.03483273211593489,0.0005
weissbart_tf64,HappyQuokka g_con=True,True,3,0.22995099425315857,0.1945844495525727,0.02931815644461984,0.0005
weissbart_tf64,HappyQuokka g_con=True,True,4,0.20772617558638254,0.15861149246876055,0.03511886386296306,0.0005
weissbart_tf64,HappyQuokka g_con=True,True,5,0.20471488187710443,0.14659443574073988,0.037153555877795535,0.0005
weissbart_tf64,HappyQuokka g_con=True,True,6,0.1814555029074351,0.16123004555702208,0.04220444128762047,0.0005
weissbart_tf64,HappyQuokka g_con=True,True,7,0.15150947123765945,0.15676027544033833,0.03585142662632279,0.0005
weissbart_tf64,HappyQuokka g_con=True,True,8,0.1525194694598516,0.13381909124362162,0.047212213566168566,0.0005
weissbart_tf64,HappyQuokka g_con=True,True,9,0.15023596584796906,0.12987601397893367,0.05934588820434725,0.0005
weissbart_tf64,HappyQuokka g_con=True,True,10,0.1440588335196177,0.10693060167324848,0.07177400235534431,0.0005
weissbart_tf64,HappyQuokka g_con=True,True,11,0.12257244562109311,0.11380626074014566,0.07314347221728008,0.0005
weissbart_tf64,HappyQuokka g_con=True,True,12,0.12310427551468213,0.08588420561490914,0.09428297030226065,0.0005
weissbart_tf64,HappyQuokka g_con=True,True,13,0.11176156376798947,0.07837874342997869,0.09896688605837811,0.0005
weissbart_tf64,HappyQuokka g_con=True,True,14,0.10963004703323047,0.09374523174304228,0.09655663051063386,0.0005
weissbart_tf64,HappyQuokka g_con=True,True,15,0.09969359015425046,0.08958195318014193,0.10160108433143857,0.0005
weissbart_tf64,HappyQuokka g_con=True,True,16,0.09685629233717918,0.07995026218585478,0.10738910009878544,0.0005
weissbart_tf64,HappyQuokka g_con=True,True,17,0.07594849169254303,0.07471876855079944,0.10338443644428387,0.0005
weissbart_tf64,HappyQuokka g_con=True,True,18,0.07674980101486047,0.06942707307827778,0.10494682295427013,0.0005
weissbart_tf64,HappyQuokka g_con=True,True,19,0.056876216704646744,0.05751913843246607,0.12458432389673992,0.0005
weissbart_tf64,HappyQuokka g_con=True,True,20,0.06035695100824038,0.08651704811132871,0.10102847431463978,0.0005
weissbart_tf64,HappyQuokka g_con=True,True,21,0.06838015094399452,0.07448048549584853,0.11811526018845586,0.0005
weissbart_tf64,HappyQuokka g_con=True,True,22,0.054361200580994286,0.0851477263829647,0.08885582933263579,0.0005
weissbart_tf64,HappyQuokka g_con=True,True,23,0.07243130542337894,0.058437276306824805,0.13111401183421736,0.0005
weissbart_tf64,HappyQuokka g_con=True,True,24,0.06779180653393269,0.07084386134758974,0.10130498687376996,0.0005
weissbart_tf64,HappyQuokka g_con=True,True,25,0.07377305999398232,0.06080297915599285,0.12954509251822646,0.0005
weissbart_tf64,HappyQuokka g_con=True,True,26,0.0638582364966472,0.05518398663172355,0.120608809805111,0.0005
weissbart_tf64,HappyQuokka g_con=True,True,27,0.045374887684981026,0.052975980975689035,0.12548485364084347,0.0005
weissbart_tf64,HappyQuokka g_con=True,True,28,0.03179729590192437,0.04711080224086077,0.13017179041903895,0.0005
weissbart_tf64,HappyQuokka g_con=True,True,29,0.04973168671131134,0.03194916779414202,0.14422614040757673,0.0005
weissbart_tf64,HappyQuokka g_con=True,True,30,0.041942208694914974,0.054446210884130916,0.12219955892397616,0.0005
weissbart_tf64,HappyQuokka g_con=True,True,31,0.04682091251015663,0.038874210302646345,0.13625750982930931,0.0005
weissbart_tf64,HappyQuokka g_con=True,True,32,0.04250027767072121,0.03248986345835221,0.13965854521912452,0.0005
weissbart_tf64,HappyQuokka g_con=True,True,33,0.033639400421331324,0.037160654060351545,0.1394442103146456,0.0005
weissbart_tf64,HappyQuokka g_con=True,True,34,0.03913021724050244,0.04470409414707086,0.13238682250122133,0.0005
weissbart_tf64,HappyQuokka g_con=True,True,35,0.031062392983585596,0.0475167188124779,0.12892808841723494,0.0005
weissbart_tf64,HappyQuokka g_con=True,True,36,0.0317290344585975,0.026533853511015573,0.1465960086397946,0.0005
weissbart_tf64,HappyQuokka g_con=True,True,37,0.03975368570536375,0.02956393017218663,0.14169015609002553,0.0005
weissbart_tf64,HappyQuokka g_con=True,True,38,0.024667292096031208,0.030342979270678302,0.1477282813159176,0.0005
weissbart_tf64,HappyQuokka g_con=True,True,39,0.017861314156713586,0.02403048139352065,0.14941713448661642,0.0005
weissbart_tf64,HappyQuokka g_con=True,True,40,0.025693915629138548,0.020508867578628735,0.1511670446467365,0.0005
weissbart_tf64,HappyQuokka g_con=True,True,41,0.03456588337818781,0.020300291784298725,0.15188806300373892,0.0005
weissbart_tf64,HappyQuokka g_con=True,True,42,0.012994314621513089,0.029937451886825072,0.14829100200022832,0.0005
weissbart_tf64,HappyQuokka g_con=True,True,43,0.013109234879569462,0.03100421933027414,0.1406959149013393,0.0005
weissbart_tf64,HappyQuokka g_con=True,True,44,0.01009123461941878,0.024198426191623393,0.14827907655025438,0.0005
weissbart_tf64,HappyQuokka g_con=True,True,45,0.008447242667898536,0.05313935348620782,0.1217454833485998,0.0005
weissbart_tf64,HappyQuokka g_con=True,True,46,0.011053389636799693,0.0499514483106442,0.13092186237888362,0.0005
weissbart_tf64,HappyQuokka g_con=True,True,47,0.01414804277010262,0.031631764120016344,0.14909088109793045,0.0005
weissbart_tf64,HappyQuokka g_con=True,True,48,0.033231860026717186,0.020956847835809755,0.1521773994201421,0.0005
weissbart_tf64,HappyQuokka g_con=True,True,49,0.030921196409811575,0.029375265003778996,0.1467610774633403,0.0005
weissbart_tf64,HappyQuokka g_con=True,True,50,0.02893847630669673,0.01841737436942565,0.15180631220543708,0.0005
weissbart_tf64,HappyQuokka g_con=True,True,51,0.005968750920146704,0.022925218977989294,0.15137513735158464,0.00045000000000000004
weissbart_tf64,HappyQuokka g_con=True,True,52,0.015751054044812918,0.020415804363214052,0.15360688062098163,0.00045000000000000004
weissbart_tf64,HappyQuokka g_con=True,True,53,0.010788211055720845,0.03490022321542104,0.13832156925002495,0.00045000000000000004
weissbart_tf64,HappyQuokka g_con=True,True,54,0.0013921950788547595,0.03498832736259852,0.14100106666103387,0.00045000000000000004
weissbart_tf64,HappyQuokka g_con=True,True,55,0.014294762862846255,0.019596702395341337,0.15242555650213782,0.00045000000000000004
weissbart_tf64,HappyQuokka g_con=True,True,56,0.01184736320283264,0.011571054122386834,0.15822514489125938,0.00045000000000000004
weissbart_tf64,HappyQuokka g_con=True,True,57,-0.011139718039582172,0.030479872838044778,0.14278565987128203,0.00045000000000000004
weissbart_tf64,HappyQuokka g_con=True,True,58,-0.0023838008055463433,0.009224299589792888,0.16378202124809224,0.00045000000000000004
weissbart_tf64,HappyQuokka g_con=True,True,59,-0.022338675800710917,0.0172156919271518,0.15301616063463883,0.00045000000000000004
weissbart_tf64,HappyQuokka g_con=True,True,60,-0.017111190672342975,0.02035358911141371,0.1521644382427136,0.00045000000000000004
weissbart_tf64,HappyQuokka g_con=True,True,61,-0.012958610197529197,0.020335320975535955,0.15238962869327038,0.00045000000000000004
weissbart_tf64,HappyQuokka g_con=True,True,62,-0.010958675139894089,0.026931892450039203,0.14627352896719598,0.00045000000000000004
weissbart_tf64,HappyQuokka g_con=True,True,63,-0.006342030013911426,0.010882706252428202,0.15732083790263948,0.00045000000000000004
weissbart_tf64,HappyQuokka g_con=True,True,64,-0.0041724934708327055,0.004615944623947143,0.16649935607714816,0.00045000000000000004
weissbart_tf64,HappyQuokka g_con=True,True,65,-0.013318747320833305,0.006684307677623553,0.16697586443105814,0.00045000000000000004
weissbart_tf64,HappyQuokka g_con=True,True,66,-0.020434057417636115,0.018685157329608234,0.15042781269756886,0.00045000000000000004
weissbart_tf64,HappyQuokka g_con=True,True,67,-0.00539410556666553,0.010756536783316197,0.16408238287967367,0.00045000000000000004
weissbart_tf64,HappyQuokka g_con=True,True,68,-0.008562958256031076,0.004883193625853612,0.16320822401187168,0.00045000000000000004
weissbart_tf64,HappyQuokka g_con=True,True,69,-0.024301814070592325,0.004129853042272421,0.16647861063575897,0.00045000000000000004
weissbart_tf64,HappyQuokka g_con=True,True,70,-0.01923233309450249,0.0014299688813013908,0.16831164014442132,0.00045000000000000004
weissbart_tf64,HappyQuokka g_con=True,True,71,-0.04982935357838869,-0.0012611167553143623,0.17026715127584072,0.00045000000000000004
weissbart_tf64,HappyQuokka g_con=True,True,72,-0.023055283236317337,0.005447129332102262,0.16401972938866283,0.00045000000000000004
weissbart_tf64,HappyQuokka g_con=True,True,73,-0.025042756033750873,0.01665246123686815,0.15573637093393466,0.00045000000000000004
weissbart_tf64,HappyQuokka g_con=True,True,74,-0.0277356809626023,0.0038598694862463537,0.16362261176855566,0.00045000000000000004
weissbart_tf64,HappyQuokka g_con=True,True,75,-0.013845901703462005,-0.004952136904765398,0.1755356906208759,0.00045000000000000004
weissbart_tf64,HappyQuokka g_con=True,True,76,-0.03794653279085954,0.007743183695352995,0.1642374933267442,0.00045000000000000004
weissbart_tf64,HappyQuokka g_con=True,True,77,-0.023015231049309175,-0.0022018344356463508,0.17206743100347618,0.00045000000000000004
weissbart_tf64,HappyQuokka g_con=True,True,78,-0.023269161155136924,0.003196533024311066,0.1676620048482735,0.00045000000000000004
weissbart_tf64,HappyQuokka g_con=True,True,79,-0.03901686845347285,-0.0033763242073548147,0.17450313588890892,0.00045000000000000004
weissbart_tf64,HappyQuokka g_con=True,True,80,-0.028012344768891733,0.007848263512819241,0.15986782323243692,0.00045000000000000004
weissbart_tf64,HappyQuokka g_con=True,True,81,-0.031079215928912163,0.0033880093158819738,0.16592814822514088,0.00045000000000000004
weissbart_tf64,HappyQuokka g_con=True,True,82,-0.009742575542380413,-0.006108178160129449,0.17350451761068633,0.00045000000000000004
weissbart_tf64,HappyQuokka g_con=True,True,83,-0.030052189094324906,0.00638974198164084,0.16386292172380937,0.00045000000000000004
weissbart_tf64,HappyQuokka g_con=True,True,84,-0.05791001611699661,0.0006835193588183476,0.16959205879232822,0.00045000000000000004
weissbart_tf64,HappyQuokka g_con=True,True,85,-0.026910931182404358,-0.008018847382985628,0.17591904560342814,0.00045000000000000004
weissbart_tf64,HappyQuokka g_con=True,True,86,-0.05763851727048556,0.010655211752805954,0.1594912368648996,0.00045000000000000004
weissbart_tf64,HappyQuokka g_con=True,True,87,-0.03441298853916427,0.002834043059593592,0.16618442250153,0.00045000000000000004
weissbart_tf64,HappyQuokka g_con=True,True,88,-0.0375107458482186,0.005550711238995577,0.16572834190327482,0.00045000000000000004
weissbart_tf64,HappyQuokka g_con=True,True,89,-0.04028180676201979,-0.005828398313277807,0.17321910193213857,0.00045000000000000004
weissbart_tf64,HappyQuokka g_con=True,True,90,-0.05384762228156129,-0.009351514738339645,0.17779912068389164,0.00045000000000000004
weissbart_tf64,HappyQuokka g_con=True,True,91,-0.04968641993279258,-0.005137143799891839,0.17456090981439235,0.00045000000000000004
weissbart_tf64,HappyQuokka g_con=True,True,92,-0.03832164069171995,0.005772221011993213,0.16429770017424838,0.00045000000000000004
weissbart_tf64,HappyQuokka g_con=True,True,93,-0.038088818973240755,0.0006414406192608369,0.16856888562966232,0.00045000000000000004
weissbart_tf64,HappyQuokka g_con=True,True,94,-0.05833919004847606,-0.0006377745133179885,0.1689494690947378,0.00045000000000000004
weissbart_tf64,HappyQuokka g_con=True,True,95,-0.0422668776785334,0.009807015420534672,0.15844889854391417,0.00045000000000000004
weissbart_tf64,HappyQuokka g_con=True,True,96,-0.047452956438064575,-0.0007655206399086194,0.17004353278137457,0.00045000000000000004
weissbart_tf64,HappyQuokka g_con=True,True,97,-0.03934131578231851,-0.0021447977194419274,0.172803233017345,0.00045000000000000004
weissbart_tf64,HappyQuokka g_con=True,True,98,-0.051811721719180547,-0.003630962623999669,0.1727423626159203,0.00045000000000000004
weissbart_tf64,HappyQuokka g_con=True,True,99,-0.05153196739653746,0.002921534272340628,0.16554289601671582,0.00045000000000000004
weissbart_tf64,HappyQuokka g_con=True,True,100,-0.05823895335197449,0.00210819145043691,0.16771108175012975,0.00045000000000000004
weissbart_tf64,HappyQuokka g_con=False,False,1,0.7443284268180529,0.3037301607621022,0.002671396170775645,0.0005
weissbart_tf64,HappyQuokka g_con=False,False,2,0.2974979132413864,0.29040669986070733,-0.010417182908396428,0.0005
weissbart_tf64,HappyQuokka g_con=False,False,3,0.2540813585122426,0.167625865034568,0.025182371839988404,0.0005
weissbart_tf64,HappyQuokka g_con=False,False,4,0.21623321374257407,0.1530036842975861,0.022860411543231936,0.0005
weissbart_tf64,HappyQuokka g_con=False,False,5,0.20438077549139658,0.1439311426037397,0.04095419143469861,0.0005
weissbart_tf64,HappyQuokka g_con=False,False,6,0.18344799429178238,0.17466421864735773,0.009818824732829877,0.0005
weissbart_tf64,HappyQuokka g_con=False,False,7,0.1567019671201706,0.17125569303066301,0.02895582063147464,0.0005
weissbart_tf64,HappyQuokka g_con=False,False,8,0.15159054100513458,0.14357515691946715,0.040555035829908236,0.0005
weissbart_tf64,HappyQuokka g_con=False,False,9,0.14786695564786592,0.12200805116922428,0.06845449976778278,0.0005
weissbart_tf64,HappyQuokka g_con=False,False,10,0.13711605469385782,0.10313738714425992,0.07021821471869957,0.0005
weissbart_tf64,HappyQuokka g_con=False,False,11,0.13242987419168153,0.1340663051375976,0.07325513710996184,0.0005
weissbart_tf64,HappyQuokka g_con=False,False,12,0.13958430911103883,0.10957258752523324,0.06352747870871844,0.0005
weissbart_tf64,HappyQuokka g_con=False,False,13,0.11170725151896477,0.10050806903686278,0.09486687265885756,0.0005
weissbart_tf64,HappyQuokka g_con=False,False,14,0.1071835458278656,0.08166674379354869,0.09484082241482937,0.0005
weissbart_tf64,HappyQuokka g_con=False,False,15,0.10792058209578197,0.08736081004906923,0.10003977650119804,0.0005
weissbart_tf64,HappyQuokka g_con=False,False,16,0.09168033922712009,0.07658530339980736,0.10007532142007199,0.0005
weissbart_tf64,HappyQuokka g_con=False,False,17,0.08887854839364688,0.08064369368247497,0.10452345868286032,0.0005
weissbart_tf64,HappyQuokka g_con=False,False,18,0.09189034377535184,0.07337204130032124,0.11074044672631993,0.0005
weissbart_tf64,HappyQuokka g_con=False,False,19,0.07182757804791133,0.07030176841295682,0.1120154285364641,0.0005
weissbart_tf64,HappyQuokka g_con=False,False,20,0.062225007762511574,0.06307949622472127,0.11262436872348189,0.0005
weissbart_tf64,HappyQuokka g_con=False,False,21,0.07651923224329948,0.0569676541747191,0.11741599899549515,0.0005
weissbart_tf64,HappyQuokka g_con=False,False,22,0.07274281233549118,0.05613828725539721,0.12401967403025199,0.0005
weissbart_tf64,HappyQuokka g_con=False,False,23,0.05980695939312378,0.06175397080488694,0.10814085478225771,0.0005
weissbart_tf64,HappyQuokka g_con=False,False,24,0.07053857172528903,0.07606384715972803,0.10607014131368114,0.0005
weissbart_tf64,HappyQuokka g_con=False,False,25,0.05103126013030609,0.04693346057946866,0.1259406317395564,0.0005
weissbart_tf64,HappyQuokka g_con=False,False,26,0.027275144782227773,0.04868438014617333,0.12395829724876258,0.0005
weissbart_tf64,HappyQuokka g_con=False,False,27,0.03869660916582992,0.04017643450926512,0.1354856789632975,0.0005
weissbart_tf64,HappyQuokka g_con=False,False,28,0.05762645912667116,0.04490341960619657,0.13650513224972363,0.0005
weissbart_tf64,HappyQuokka g_con=False,False,29,0.05297781527042389,0.0522928841603108,0.12204974432019158,0.0005
weissbart_tf64,HappyQuokka g_con=False,False,30,0.04303897055797279,0.050675928095976513,0.1280940673657311,0.0005
weissbart_tf64,HappyQuokka g_con=False,False,31,0.026284333784133196,0.03863544399157549,0.13346340434076504,0.0005
weissbart_tf64,HappyQuokka g_con=False,False,32,0.06889277944962184,0.04700711151728263,0.13108647334096857,0.0005
weissbart_tf64,HappyQuokka g_con=False,False,33,0.07644225594898064,0.04768102356256583,0.1330644503292532,0.0005
weissbart_tf64,HappyQuokka g_con=False,False,34,0.052138481910030045,0.04229231010644864,0.1377823635220874,0.0005
weissbart_tf64,HappyQuokka g_con=False,False,35,0.04852864984422922,0.046289369807793544,0.13364144608838102,0.0005
weissbart_tf64,HappyQuokka g_con=False,False,36,0.048191510140895844,0.03368556174712303,0.1389477163529358,0.0005
weissbart_tf64,HappyQuokka g_con=False,False,37,0.03590288176201284,0.02902910136259519,0.14286589327466806,0.0005
weissbart_tf64,HappyQuokka g_con=False,False,38,0.026293747127056122,0.040877092916231886,0.1350688773040206,0.0005
weissbart_tf64,HappyQuokka g_con=False,False,39,0.03334028886941572,0.02874396290534582,0.14121136273949955,0.0005
weissbart_tf64,HappyQuokka g_con=False,False,40,0.04467452069123586,0.03788313166453288,0.1371835075933725,0.0005
weissbart_tf64,HappyQuokka g_con=False,False,41,0.0426733346345524,0.029603057641249438,0.144271609848007,0.0005
weissbart_tf64,HappyQuokka g_con=False,False,42,0.016792747657746077,0.02777812347198144,0.14286065824353733,0.0005
weissbart_tf64,HappyQuokka g_con=False,False,43,0.038026142943029605,0.03457412123680115,0.13703797718238395,0.0005
weissbart_tf64,HappyQuokka g_con=False,False,44,0.02089693242063125,0.02692402727328814,0.14458292389575106,0.0005
weissbart_tf64,HappyQuokka g_con=False,False,45,0.01642084711541732,0.024651995721535806,0.14474881067155645,0.0005
weissbart_tf64,HappyQuokka g_con=False,False,46,0.019794048198188346,0.04381271715347584,0.12915376357029743,0.0005
weissbart_tf64,HappyQuokka g_con=False,False,47,0.0225575336565574,0.04097570994725594,0.13415185576782396,0.0005
weissbart_tf64,HappyQuokka g_con=False,False,48,0.04340585988635818,0.053593819531110615,0.12349320551356635,0.0005
weissbart_tf64,HappyQuokka g_con=False,False,49,0.03836685139685869,0.04786338420250477,0.12564430774535792,0.0005
weissbart_tf64,HappyQuokka g_con=False,False,50,0.028869059247275192,0.03224457681943209,0.14075020159063384,0.0005
weissbart_tf64,HappyQuokka g_con=False,False,51,0.027368322014808655,0.02802073298356472,0.14220501279924064,0.00045000000000000004
weissbart_tf64,HappyQuokka g_con=False,False,52,0.014814969773093859,0.05021023429357088,0.12373863152088001,0.00045000000000000004
weissbart_tf64,HappyQuokka g_con=False,False,53,0.016714608180336654,0.04343603646908051,0.12991831449624627,0.00045000000000000004
weissbart_tf64,HappyQuokka g_con=False,False,54,0.025970814128716786,0.036872569987407094,0.14220617653634876,0.00045000000000000004
weissbart_tf64,HappyQuokka g_con=False,False,55,0.04671646831169104,0.03821668911438722,0.13099559366655272,0.00045000000000000004
weissbart_tf64,HappyQuokka g_con=False,False,56,0.021743074098291498,0.03890952418247859,0.1354152291965408,0.00045000000000000004
weissbart_tf64,HappyQuokka g_con=False,False,57,0.0399855724729908,0.05239906528821359,0.11659428199024824,0.00045000000000000004
weissbart_tf64,HappyQuokka g_con=False,False,58,0.009934838822421929,0.0329643998390589,0.14245076642777676,0.00045000000000000004
weissbart_tf64,HappyQuokka g_con=False,False,59,0.010337575804442167,0.024279801012613834,0.14878277867220532,0.00045000000000000004
weissbart_tf64,HappyQuokka g_con=False,False,60,0.011791632433111468,0.023419094544190628,0.14944108324603012,0.00045000000000000004
weissbart_tf64,HappyQuokka g_con=False,False,61,0.0064258632094909745,0.02196921171286167,0.14788973888812157,0.00045000000000000004
weissbart_tf64,HappyQuokka g_con=False,False,62,-0.0032753750371436277,0.020696812944534498,0.1480710514731562,0.00045000000000000004
weissbart_tf64,HappyQuokka g_con=False,False,63,0.0019752046985862157,0.030465734998385112,0.1427781155422473,0.00045000000000000004
weissbart_tf64,HappyQuokka g_con=False,False,64,0.011359685954327384,0.03523735667650516,0.13654124246024413,0.00045000000000000004
weissbart_tf64,HappyQuokka g_con=False,False,65,0.019045943083862465,0.022797773472773723,0.15001263345161883,0.00045000000000000004
weissbart_tf64,HappyQuokka g_con=False,False,66,-0.0057731444636980695,0.02517624501234446,0.1462732662207996,0.00045000000000000004
weissbart_tf64,HappyQuokka g_con=False,False,67,0.0017096614465117455,0.011103777663829998,0.15706890853187547,0.00045000000000000004
weissbart_tf64,HappyQuokka g_con=False,False,68,0.005484151653945446,0.016140822760569745,0.15621291298399834,0.00045000000000000004
weissbart_tf64,HappyQuokka g_con=False,False,69,-3.3756097157796226e-05,0.017131778406791198,0.1527473220697198,0.00045000000000000004
weissbart_tf64,HappyQuokka g_con=False,False,70,-0.001112446344147126,0.015622350153250572,0.15648943790568945,0.00045000000000000004
weissbart_tf64,HappyQuokka g_con=False,False,71,0.009343554265797138,0.018938273573533084,0.14973169153568167,0.00045000000000000004
weissbart_tf64,HappyQuokka g_con=False,False,72,-0.013606116951753696,0.03562829066545535,0.14102813092102176,0.00045000000000000004
weissbart_tf64,HappyQuokka g_con=False,False,73,0.008073896635323763,0.030184948215117823,0.13850001465194883,0.00045000000000000004
weissbart_tf64,HappyQuokka g_con=False,False,74,0.0007329061627388,0.012238764189756834,0.15618724585988392,0.00045000000000000004
weissbart_tf64,HappyQuokka g_con=False,False,75,-0.009434456510158876,0.025414607501946962,0.1481219858301278,0.00045000000000000004
weissbart_tf64,HappyQuokka g_con=False,False,76,-0.001662018708884716,0.015941263353213286,0.1535288042203786,0.00045000000000000004
weissbart_tf64,HappyQuokka g_con=False,False,77,-0.02339174187121292,0.014295635200463808,0.15540696340016066,0.00045000000000000004
weissbart_tf64,HappyQuokka g_con=False,False,78,-0.02007170976139605,0.017748278952561893,0.15104552982613825,0.00045000000000000004
weissbart_tf64,HappyQuokka g_con=False,False,79,-0.0258561580752333,0.022552549304106297,0.14951709774039232,0.00045000000000000004
weissbart_tf64,HappyQuokka g_con=False,False,80,-0.015471945206324259,0.03273626909806178,0.13673632441279598,0.00045000000000000004
weissbart_tf64,HappyQuokka g_con=False,False,81,-0.007267761587475737,0.01337093737645027,0.16276872412134438,0.00045000000000000004
weissbart_tf64,HappyQuokka g_con=False,False,82,-0.029797451570630074,0.013094728535566574,0.15556958914280702,0.00045000000000000004
weissbart_tf64,HappyQuokka g_con=False,False,83,-0.00983645774734517,0.018457910953423917,0.15086612627656462,0.00045000000000000004
weissbart_tf64,HappyQuokka g_con=False,False,84,-0.007012108612495164,0.029123596121103337,0.14362810258873,0.00045000000000000004
weissbart_tf64,HappyQuokka g_con=False,False,85,-0.024706271865094703,0.010667142424827967,0.1571156811255675,0.00045000000000000004
weissbart_tf64,HappyQuokka g_con=False,False,86,-0.006820988918965061,0.038433220715094835,0.1323189832819387,0.00045000000000000004
weissbart_tf64,HappyQuokka g_con=False,False,87,-0.009194559883326292,0.014942437524978931,0.15391102043481975,0.00045000000000000004
weissbart_tf64,HappyQuokka g_con=False,False,88,-0.02896620046036939,0.013890673411198151,0.15717536255251616,0.00045000000000000004
weissbart_tf64,HappyQuokka g_con=False,False,89,-0.012041922193020582,0.013022792836030325,0.15483718781212633,0.00045000000000000004
weissbart_tf64,HappyQuokka g_con=False,False,90,-0.02073624512801568,0.016271053827725923,0.15836504874273372,0.00045000000000000004
weissbart_tf64,HappyQuokka g_con=False,False,91,0.0028319225336114564,0.025578564137984545,0.14358728600379367,0.00045000000000000004
weissbart_tf64,HappyQuokka g_con=False,False,92,-0.013547654574116072,0.01755342124364315,0.15134013801192245,0.00045000000000000004
weissbart_tf64,HappyQuokka g_con=False,False,93,-0.008381514538389942,0.019038462600646875,0.15225701635190023,0.00045000000000000004
weissbart_tf64,HappyQuokka g_con=False,False,94,-0.014627778514598807,0.013214315130160406,0.1594535961580009,0.00045000000000000004
weissbart_tf64,HappyQuokka g_con=False,False,95,-0.01910552626941353,0.007377049632561513,0.16242665538253884,0.00045000000000000004
weissbart_tf64,HappyQuokka g_con=False,False,96,-0.010825391199129323,0.025964778203230638,0.14282132594201427,0.00045000000000000004
weissbart_tf64,HappyQuokka g_con=False,False,97,-0.019442319675969582,0.008820789555708567,0.160631126527173,0.00045000000000000004
weissbart_tf64,HappyQuokka g_con=False,False,98,-0.009292799358566603,0.013368282524439005,0.15684201642870904,0.00045000000000000004
weissbart_tf64,HappyQuokka g_con=False,False,99,-0.03903924860060215,0.007418314272012466,0.16327869649282478,0.00045000000000000004
weissbart_tf64,HappyQuokka g_con=False,False,100,-0.024327652684102457,0.013490085036326677,0.1557936017204506,0.00045000000000000004
etard_tf64,HappyQuokka g_con=True,True,1,0.37293884583881926,0.1537152588300939,0.024090791964529974,0.0005
etard_tf64,HappyQuokka g_con=True,True,2,0.19072161756810688,0.1542733471530179,0.023844699978477973,0.0005
etard_tf64,HappyQuokka g_con=True,True,3,0.1720775749002184,0.13716131197621248,0.02784066631379357,0.0005
etard_tf64,HappyQuokka g_con=True,True,4,0.16323319574197134,0.1389014916355899,0.03205708588445434,0.0005
etard_tf64,HappyQuokka g_con=True,True,5,0.14994017673390253,0.11432929029909983,0.04784325545157723,0.0005
etard_tf64,HappyQuokka g_con=True,True,6,0.1405338595310847,0.12312071646807626,0.04752604225459003,0.0005
etard_tf64,HappyQuokka g_con=True,True,7,0.13541770974795023,0.13516511250886,0.03741216981071765,0.0005
etard_tf64,HappyQuokka g_con=True,True,8,0.12438946146340597,0.1036375418105828,0.06589435630401329,0.0005
etard_tf64,HappyQuokka g_con=True,True,9,0.12037147688014167,0.10851121539183493,0.0619070419299013,0.0005
etard_tf64,HappyQuokka g_con=True,True,10,0.1250638117392858,0.10687912689588432,0.05700573670515041,0.0005
etard_tf64,HappyQuokka g_con=True,True,11,0.12024372301640965,0.10326411492756701,0.0702398221885579,0.0005
etard_tf64,HappyQuokka g_con=True,True,12,0.10697416677361443,0.10021997602390391,0.06663102845684643,0.0005
etard_tf64,HappyQuokka g_con=True,True,13,0.0996105181319373,0.11085940157950279,0.05632331343747951,0.0005
etard_tf64,HappyQuokka g_con=True,True,14,0.1055628110965093,0.09430811038917108,0.06944396139668979,0.0005
etard_tf64,HappyQuokka g_con=True,True,15,0.09401873658810343,0.0844128828251823,0.08113613630917998,0.0005
etard_tf64,HappyQuokka g_con=True,True,16,0.10548029165892374,0.0852153512449669,0.07585593141768532,0.0005
etard_tf64,HappyQuokka g_con=True,True,17,0.09583081269548052,0.08633125148203578,0.08272937774413117,0.0005
etard_tf64,HappyQuokka g_con=True,True,18,0.09449984789604232,0.0887229485947284,0.0798132289365813,0.0005
etard_tf64,HappyQuokka g_con=True,True,19,0.0909420878936847,0.09290761147470523,0.07661586371848118,0.0005
etard_tf64,HappyQuokka g_con=True,True,20,0.08858792217714447,0.07287199373933531,0.090726413468961,0.0005
etard_tf64,HappyQuokka g_con=True,True,21,0.08951280585357121,0.06866041356919422,0.09569755297514435,0.0005
etard_tf64,HappyQuokka g_con=True,True,22,0.07549689071519035,0.07767645163472653,0.08471095024183992,0.0005
etard_tf64,HappyQuokka g_con=True,True,23,0.08284369962556022,0.07624779226967976,0.08939125884994394,0.0005
etard_tf64,HappyQuokka g_con=True,True,24,0.09415151178836823,0.07337551324495248,0.09090986878540466,0.0005
etard_tf64,HappyQuokka g_con=True,True,25,0.07608524337410927,0.08449889988904553,0.07822319393426369,0.0005
etard_tf64,HappyQuokka g_con=True,True,26,0.08090002444528398,0.07671770278830081,0.08660489779777658,0.0005
etard_tf64,HappyQuokka g_con=True,True,27,0.0772912713388602,0.07046372353077113,0.091293594974797,0.0005
etard_tf64,HappyQuokka g_con=True,True,28,0.07668009489065125,0.06758886498088638,0.0916813693296544,0.0005
etard_tf64,HappyQuokka g_con=True,True,29,0.06721496315939086,0.06639238335524819,0.09752720198966494,0.0005
etard_tf64,HappyQuokka g_con=True,True,30,0.08408866467930022,0.0737407146287816,0.09235460407078444,0.0005
etard_tf64,HappyQuokka g_con=True,True,31,0.07240637569200425,0.0748573173491639,0.08762937754460966,0.0005
etard_tf64,HappyQuokka g_con=True,True,32,0.07340811015594573,0.054124492791570014,0.10449865424766358,0.0005
etard_tf64,HappyQuokka g_con=True,True,33,0.06705846140782039,0.05644250214321628,0.10511541688928057,0.0005
etard_tf64,HappyQuokka g_con=True,True,34,0.05489061741779248,0.056699493866679926,0.10480952873158025,0.0005
etard_tf64,HappyQuokka g_con=True,True,35,0.058773901934425034,0.05584104829246089,0.1029310394133929,0.0005
etard_tf64,HappyQuokka g_con=True,True,36,0.061308562312097775,0.05374584360314267,0.1055639198020366,0.0005
etard_tf64,HappyQuokka g_con=True,True,37,0.05453006493016368,0.06293319875840098,0.10254256658078832,0.0005
etard_tf64,HappyQuokka g_con=True,True,38,0.06069517543628102,0.04589510560479192,0.11272118180776099,0.0005
etard_tf64,HappyQuokka g_con=True,True,39,0.05620956154806273,0.04937492347034138,0.11116565408132201,0.0005
etard_tf64,HappyQuokka g_con=True,True,40,0.052132144082515014,0.04180676733986253,0.11731009029522067,0.0005
etard_tf64,HappyQuokka g_con=True,True,41,0.051411192021554426,0.05289653831693743,0.10867057444296993,0.0005
etard_tf64,HappyQuokka g_con=True,True,42,0.05449884900424097,0.05026167002506554,0.11153141520914762,0.0005
etard_tf64,HappyQuokka g_con=True,True,43,0.04820248666441157,0.04710383243703594,0.1122349207134145,0.0005
etard_tf64,HappyQuokka g_con=True,True,44,0.048499333893968946,0.05451276012518931,0.10482400618110703,0.0005
etard_tf64,HappyQuokka g_con=True,True,45,0.0378762359198715,0.042835174954407626,0.11777871511419237,0.0005
etard_tf64,HappyQuokka g_con=True,True,46,0.04326397996573221,0.047579388006679005,0.11240032327129545,0.0005
etard_tf64,HappyQuokka g_con=True,True,47,0.05137205279121796,0.040443554684142805,0.1173601028363659,0.0005
etard_tf64,HappyQuokka g_con=True,True,48,0.04438723102655439,0.03799271811398545,0.11997919111161623,0.0005
etard_tf64,HappyQuokka g_con=True,True,49,0.045866936445236206,0.03833446045228768,0.11948752987823193,0.0005
etard_tf64,HappyQuokka g_con=True,True,50,0.045330092488300236,0.051065177867366446,0.11012660508201104,0.0005
etard_tf64,HappyQuokka g_con=True,True,51,0.043389310439427696,0.0547012585115486,0.10540952965428525,0.00045000000000000004
etard_tf64,HappyQuokka g_con=True,True,52,0.04780684326708849,0.03828599847232302,0.1197815817726158,0.00045000000000000004
etard_tf64,HappyQuokka g_con=True,True,53,0.031069295879985605,0.03488889239018872,0.12289453001249924,0.00045000000000000004
etard_tf64,HappyQuokka g_con=True,True,54,0.02742069640329906,0.04458264513162985,0.11503748235502696,0.00045000000000000004
etard_tf64,HappyQuokka g_con=True,True,55,0.04104970266399462,0.042496639037770886,0.1160741107196968,0.00045000000000000004
etard_tf64,HappyQuokka g_con=True,True,56,0.0397282130794511,0.04165538137091235,0.11674526387425777,0.00045000000000000004
etard_tf64,HappyQuokka g_con=True,True,57,0.03192420866495619,0.03488811037303614,0.12233492157845051,0.00045000000000000004
etard_tf64,HappyQuokka g_con=True,True,58,0.030566380392493948,0.03333864113249417,0.12528712157339733,0.00045000000000000004
etard_tf64,HappyQuokka g_con=True,True,59,0.024643085154128216,0.03728834075653659,0.12345089853165735,0.00045000000000000004
etard_tf64,HappyQuokka g_con=True,True,60,0.025202168196084954,0.03008320422044822,0.12926082826337343,0.00045000000000000004
etard_tf64,HappyQuokka g_con=True,True,61,0.03434842235098282,0.03689526573621801,0.12303185367818514,0.00045000000000000004
etard_tf64,HappyQuokka g_con=True,True,62,0.0256274266478916,0.03445302515423724,0.122756288619712,0.00045000000000000004
etard_tf64,HappyQuokka g_con=True,True,63,0.02370384106013392,0.034012609297254436,0.12319041674648663,0.00045000000000000004
etard_tf64,HappyQuokka g_con=True,True,64,0.02540724058192046,0.03402106621347013,0.12438167101600768,0.00045000000000000004
etard_tf64,HappyQuokka g_con=True,True,65,0.025559154594139682,0.03066352874572788,0.12587706542260657,0.00045000000000000004
etard_tf64,HappyQuokka g_con=True,True,66,0.029443639641006786,0.02541533725092276,0.1319011861536464,0.00045000000000000004
etard_tf64,HappyQuokka g_con=True,True,67,0.020817161959019444,0.03045428548163424,0.1281298946011399,0.00045000000000000004
etard_tf64,HappyQuokka g_con=True,True,68,0.018747950283189613,0.02993043566433092,0.1279437063630147,0.00045000000000000004
etard_tf64,HappyQuokka g_con=True,True,69,0.024249606083945503,0.02853111329854333,0.12954540061080133,0.00045000000000000004
etard_tf64,HappyQuokka g_con=True,True,70,0.025566053022408768,0.0236640598325591,0.1335266647159274,0.00045000000000000004
etard_tf64,HappyQuokka g_con=True,True,71,0.017904115142300725,0.02530412371492102,0.1322699120546098,0.00045000000000000004
etard_tf64,HappyQuokka g_con=True,True,72,0.012549172405020468,0.02857054083419609,0.12903486746946718,0.00045000000000000004
etard_tf64,HappyQuokka g_con=True,True,73,0.017992501923193533,0.020960872726781026,0.1357800508509521,0.00045000000000000004
etard_tf64,HappyQuokka g_con=True,True,74,0.0246877086881016,0.03005508672157746,0.12798483755693182,0.00045000000000000004
etard_tf64,HappyQuokka g_con=True,True,75,0.014416424901269022,0.027337046567394975,0.1301095793418686,0.00045000000000000004
etard_tf64,HappyQuokka g_con=True,True,76,0.021500856238639073,0.027303159749689734,0.1304257678620204,0.00045000000000000004
etard_tf64,HappyQuokka g_con=True,True,77,0.015551310936210766,0.018784161629377023,0.1380100900271914,0.00045000000000000004
etard_tf64,HappyQuokka g_con=True,True,78,0.012869659528535391,0.02097605605099705,0.1358366826851861,0.00045000000000000004
etard_tf64,HappyQuokka g_con=True,True,79,0.014751045925853154,0.029299495109756078,0.12824910549183446,0.00045000000000000004
etard_tf64,HappyQuokka g_con=True,True,80,0.006551550789957955,0.027624139273982672,0.1300391212748439,0.00045000000000000004
etard_tf64,HappyQuokka g_con=True,True,81,0.018960241472259873,0.028262109634289073,0.12943840521707206,0.00045000000000000004
etard_tf64,HappyQuokka g_con=True,True,82,0.006206842366650346,0.02919059562762933,0.12816674690029253,0.00045000000000000004
etard_tf64,HappyQuokka g_con=True,True,83,0.018016315835882864,0.0267753639047788,0.13112818117349975,0.00045000000000000004
etard_tf64,HappyQuokka g_con=True,True,84,0.010588879774635037,0.028561298092383714,0.1297277275996023,0.00045000000000000004
etard_tf64,HappyQuokka g_con=True,True,85,0.013626782256843788,0.025877888624866802,0.1317425300585347,0.00045000000000000004
etard_tf64,HappyQuokka g_con=True,True,86,0.013354803823555509,0.017385967452788635,0.13915893143028024,0.00045000000000000004
etard_tf64,HappyQuokka g_con=True,True,87,0.006736285618639418,0.01538040709038753,0.1417896267972115,0.00045000000000000004
etard_tf64,HappyQuokka g_con=True,True,88,0.007211061726723399,0.024576364140514107,0.13258373400631604,0.00045000000000000004
etard_tf64,HappyQuokka g_con=True,True,89,0.01084748072372306,0.021616901210065754,0.13502835430898857,0.00045000000000000004
etard_tf64,HappyQuokka g_con=True,True,90,0.007553262281275931,0.01702363250244941,0.13957741238993462,0.00045000000000000004
etard_tf64,HappyQuokka g_con=True,True,91,0.0014281427665125755,0.025898777669118273,0.1327331768824522,0.00045000000000000004
etard_tf64,HappyQuokka g_con=True,True,92,0.009430953157356098,0.01569345633920637,0.14063403301863564,0.00045000000000000004
etard_tf64,HappyQuokka g_con=True,True,93,-0.002652260585732403,0.02204077632077748,0.13403275238360987,0.00045000000000000004
etard_tf64,HappyQuokka g_con=True,True,94,-0.0029055719219502948,0.014667493352178661,0.1418153626879454,0.00045000000000000004
etard_tf64,HappyQuokka g_con=True,True,95,-0.003302761719429067,0.021509778225750086,0.13586349182090393,0.00045000000000000004
etard_tf64,HappyQuokka g_con=True,True,96,0.0019102794661497076,0.02200750446700979,0.13643192237707677,0.00045000000000000004
etard_tf64,HappyQuokka g_con=True,True,97,-0.0045086778700351715,0.01647339391499935,0.14056625338092826,0.00045000000000000004
etard_tf64,HappyQuokka g_con=True,True,98,-0.0008925713842645997,0.01805524698214694,0.1392590571593982,0.00045000000000000004
etard_tf64,HappyQuokka g_con=True,True,99,-0.002287287220713638,0.015505384720329727,0.1411695982511403,0.00045000000000000004
etard_tf64,HappyQuokka g_con=True,True,100,-0.0031436143797777946,0.024231946433983034,0.13320853705225286,0.00045000000000000004
etard_tf64,HappyQuokka g_con=False,False,1,0.41989576319853467,0.17351100717427298,0.011647481715239596,0.0005
etard_tf64,HappyQuokka g_con=False,False,2,0.19652375366006578,0.1582346944016449,0.015587820022487688,0.0005
etard_tf64,HappyQuokka g_con=False,False,3,0.16745778705392564,0.15037341440273894,0.028467749311121657,0.0005
etard_tf64,HappyQuokka g_con=False,False,4,0.1597196360429128,0.1646657453051635,0.021661822653402937,0.0005
etard_tf64,HappyQuokka g_con=False,False,5,0.14134111964986437,0.11868205973656759,0.05715724328957722,0.0005
etard_tf64,HappyQuokka g_con=False,False,6,0.13394423290377572,0.12227814060835433,0.0550591557038431,0.0005
etard_tf64,HappyQuokka g_con=False,False,7,0.1299544136439051,0.10887318968473535,0.06370240375593182,0.0005
etard_tf64,HappyQuokka g_con=False,False,8,0.11445990275769007,0.11542374986623015,0.05358894886545126,0.0005
etard_tf64,HappyQuokka g_con=False,False,9,0.12346217497473672,0.09899889177177101,0.06840871324121031,0.0005
etard_tf64,HappyQuokka g_con=False,False,10,0.12026955471152351,0.11262242886282149,0.05652298716770366,0.0005
etard_tf64,HappyQuokka g_con=False,False,11,0.10994942521765119,0.09524142402335115,0.06908259319633155,0.0005
etard_tf64,HappyQuokka g_con=False,False,12,0.0999907727042834,0.09950544649646395,0.07281085660855795,0.0005
etard_tf64,HappyQuokka g_con=False,False,13,0.12173131711426236,0.10330206593165972,0.06303538056837017,0.0005
etard_tf64,HappyQuokka g_con=False,False,14,0.10631459312779563,0.09070316824086365,0.07375082464581542,0.0005
etard_tf64,HappyQuokka g_con=False,False,15,0.09750475947346006,0.09367971225652755,0.07070416134978413,0.0005
etard_tf64,HappyQuokka g_con=False,False,16,0.09129373871144794,0.07507722886345748,0.08598486945320041,0.0005
etard_tf64,HappyQuokka g_con=False,False,17,0.09977077728226072,0.09421234110015489,0.07282156203256732,0.0005
etard_tf64,HappyQuokka g_con=False,False,18,0.08946979666749637,0.07467625094189619,0.08718673945858836,0.0005
etard_tf64,HappyQuokka g_con=False,False,19,0.08808472628394763,0.07754080280262445,0.08447207797274002,0.0005
etard_tf64,HappyQuokka g_con=False,False,20,0.09426846213283993,0.0845990900027876,0.07905665612339535,0.0005
etard_tf64,HappyQuokka g_con=False,False,21,0.09568633032696587,0.10423585995366531,0.06329672413842975,0.0005
etard_tf64,HappyQuokka g_con=False,False,22,0.08788522457083066,0.09374342678070423,0.06984610854843795,0.0005
etard_tf64,HappyQuokka g_con=False,False,23,0.09836327000742867,0.08080391663991447,0.08325514913295115,0.0005
etard_tf64,HappyQuokka g_con=False,False,24,0.08868513859453656,0.07673866590595849,0.08235042722325099,0.0005
etard_tf64,HappyQuokka g_con=False,False,25,0.0764728341074217,0.07339876369639699,0.09297254458275954,0.0005
etard_tf64,HappyQuokka g_con=False,False,26,0.07939775305844489,0.08329430925438092,0.08500188510221224,0.0005
etard_tf64,HappyQuokka g_con=False,False,27,0.09255859291269666,0.07144255867405307,0.09135753659163692,0.0005
etard_tf64,HappyQuokka g_con=False,False,28,0.07155201548621767,0.06894379347518441,0.09509924083778186,0.0005
etard_tf64,HappyQuokka g_con=False,False,29,0.08093651419594175,0.08779599976038471,0.0731053363211859,0.0005
etard_tf64,HappyQuokka g_con=False,False,30,0.07819564214774541,0.07174937009057474,0.08999801003327386,0.0005
etard_tf64,HappyQuokka g_con=False,False,31,0.07668174430727959,0.06397262757222745,0.09942351920411359,0.0005
etard_tf64,HappyQuokka g_con=False,False,32,0.07525986095979101,0.08728409450434681,0.0738569257382226,0.0005
etard_tf64,HappyQuokka g_con=False,False,33,0.0848119565773578,0.06798813823011837,0.09399743683250217,0.0005
etard_tf64,HappyQuokka g_con=False,False,34,0.07387628122454598,0.07673676659552646,0.08460650358656926,0.0005
etard_tf64,HappyQuokka g_con=False,False,35,0.07961177524356615,0.0742164798901372,0.08611277707191653,0.0005
etard_tf64,HappyQuokka g_con=False,False,36,0.07387830121886163,0.07913050482914384,0.08402030566962605,0.0005
etard_tf64,HappyQuokka g_con=False,False,37,0.07618780487350055,0.08388278878659808,0.07931544836913504,0.0005
etard_tf64,HappyQuokka g_con=False,False,38,0.07063125641573043,0.07344851747620851,0.08755738330524937,0.0005
etard_tf64,HappyQuokka g_con=False,False,39,0.06784315903981526,0.05698115486163823,0.10259922006510654,0.0005
etard_tf64,HappyQuokka g_con=False,False,40,0.06361215508409909,0.06692494331149473,0.09243713568122032,0.0005
etard_tf64,HappyQuokka g_con=False,False,41,0.07951836341193744,0.0689700735439103,0.09246586143979671,0.0005
etard_tf64,HappyQuokka g_con=False,False,42,0.06833504832216672,0.06126789747282774,0.09906617060997155,0.0005
etard_tf64,HappyQuokka g_con=False,False,43,0.07176731313977923,0.060451193734826075,0.10010789174830712,0.0005
etard_tf64,HappyQuokka g_con=False,False,44,0.06972096904757477,0.06925882482790344,0.09347481825317941,0.0005
etard_tf64,HappyQuokka g_con=False,False,45,0.06285967979402769,0.06266200541618414,0.09920999660015523,0.0005
etard_tf64,HappyQuokka g_con=False,False,46,0.058441195104803355,0.06025078973089833,0.10046396254381984,0.0005
etard_tf64,HappyQuokka g_con=False,False,47,0.06985161914711907,0.07624299657930221,0.08408949893081237,0.0005
etard_tf64,HappyQuokka g_con=False,False,48,0.06973106822087652,0.06482161908033526,0.09430693318253838,0.0005
etard_tf64,HappyQuokka g_con=False,False,49,0.060094989148811215,0.05293821285955519,0.1066653638476098,0.0005
etard_tf64,HappyQuokka g_con=False,False,50,0.061022875209649406,0.05454431162382077,0.1059981140217046,0.0005
etard_tf64,HappyQuokka g_con=False,False,51,0.0545741869580178,0.0577001830041852,0.102602947437325,0.00045000000000000004
etard_tf64,HappyQuokka g_con=False,False,52,0.06035940340232281,0.05901564144074828,0.1001118188734316,0.00045000000000000004
etard_tf64,HappyQuokka g_con=False,False,53,0.058487233838864734,0.059793688650686475,0.09967265011848558,0.00045000000000000004
etard_tf64,HappyQuokka g_con=False,False,54,0.05355779418633098,0.052318177449273036,0.10660118334079102,0.00045000000000000004
etard_tf64,HappyQuokka g_con=False,False,55,0.04423685008216472,0.0539718799658918,0.10609361831103299,0.00045000000000000004
etard_tf64,HappyQuokka g_con=False,False,56,0.05936918984211627,0.05522619182842651,0.10356115109048655,0.00045000000000000004
etard_tf64,HappyQuokka g_con=False,False,57,0.054666445191417425,0.04983798696637331,0.10800353008055806,0.00045000000000000004
etard_tf64,HappyQuokka g_con=False,False,58,0.050236865789407774,0.055853867188229094,0.10338221704876105,0.00045000000000000004
etard_tf64,HappyQuokka g_con=False,False,59,0.05878455599858647,0.06314016712851644,0.09549908493985033,0.00045000000000000004
etard_tf64,HappyQuokka g_con=False,False,60,0.049364187621644566,0.05441664020708274,0.10641324138562898,0.00045000000000000004
etard_tf64,HappyQuokka g_con=False,False,61,0.050632706532875695,0.05694252931113754,0.10262770885327925,0.00045000000000000004
etard_tf64,HappyQuokka g_con=False,False,62,0.050417429368410795,0.05242711770448035,0.10675223587376033,0.00045000000000000004
etard_tf64,HappyQuokka g_con=False,False,63,0.04478959286851542,0.04524749128281006,0.11282113871359234,0.00045000000000000004
etard_tf64,HappyQuokka g_con=False,False,64,0.05823360135157903,0.046054946934981716,0.11388890116460884,0.00045000000000000004
etard_tf64,HappyQuokka g_con=False,False,65,0.04041855329913752,0.05301254460521575,0.10534597226389797,0.00045000000000000004
etard_tf64,HappyQuokka g_con=False,False,66,0.06063634769192764,0.05008265371656134,0.10801834827195546,0.00045000000000000004
etard_tf64,HappyQuokka g_con=False,False,67,0.05706853064752761,0.0618935142854406,0.09661021197164896,0.00045000000000000004
etard_tf64,HappyQuokka g_con=False,False,68,0.045421120134137925,0.043374503968239185,0.11368102597935788,0.00045000000000000004
etard_tf64,HappyQuokka g_con=False,False,69,0.0481387551851748,0.049028717508051725,0.11070629774489828,0.00045000000000000004
etard_tf64,HappyQuokka g_con=False,False,70,0.047714274731420335,0.04788961280913403,0.11077846116815981,0.00045000000000000004
etard_tf64,HappyQuokka g_con=False,False,71,0.049073142132588794,0.04670144563230375,0.1106834891622947,0.00045000000000000004
etard_tf64,HappyQuokka g_con=False,False,72,0.052523241334018256,0.05308272647449658,0.10472459212875711,0.00045000000000000004
etard_tf64,HappyQuokka g_con=False,False,73,0.049100344612573586,0.0463337109180256,0.111826522895821,0.00045000000000000004
etard_tf64,HappyQuokka g_con=False,False,74,0.03872821258292312,0.04458919149779138,0.11363448212406572,0.00045000000000000004
etard_tf64,HappyQuokka g_con=False,False,75,0.04717358775780581,0.05386113184725955,0.10397121224810862,0.00045000000000000004
etard_tf64,HappyQuokka g_con=False,False,76,0.04692332721537068,0.05311306087034089,0.10515088769248646,0.00045000000000000004
etard_tf64,HappyQuokka g_con=False,False,77,0.05888840573884192,0.048635039129294455,0.11014014079968806,0.00045000000000000004
etard_tf64,HappyQuokka g_con=False,False,78,0.04742046489956833,0.03937477505366717,0.11842850267566973,0.00045000000000000004
etard_tf64,HappyQuokka g_con=False,False,79,0.04563821337762333,0.05414898118691608,0.10392707193464698,0.00045000000000000004
etard_tf64,HappyQuokka g_con=False,False,80,0.039963879489472935,0.04249779959874494,0.11563285899453712,0.00045000000000000004
etard_tf64,HappyQuokka g_con=False,False,81,0.03680182363660563,0.055878014054282436,0.10297208745641044,0.00045000000000000004
etard_tf64,HappyQuokka g_con=False,False,82,0.040195573520447524,0.04592446600907438,0.11312913826133722,0.00045000000000000004
etard_tf64,HappyQuokka g_con=False,False,83,0.029786177644772188,0.04799322440244612,0.11046013654677586,0.00045000000000000004
etard_tf64,HappyQuokka g_con=False,False,84,0.04126350831107369,0.04888180219235697,0.11124489287662766,0.00045000000000000004
etard_tf64,HappyQuokka g_con=False,False,85,0.0475444570183754,0.04163342969869042,0.11708554731359029,0.00045000000000000004
etard_tf64,HappyQuokka g_con=False,False,86,0.03780700301840192,0.03876540950122511,0.11882644142604347,0.00045000000000000004
etard_tf64,HappyQuokka g_con=False,False,87,0.039779990601042904,0.0474723455983968,0.11069036628580198,0.00045000000000000004
etard_tf64,HappyQuokka g_con=False,False,88,0.03530493225081868,0.04921209880350424,0.10782348528027796,0.00045000000000000004
etard_tf64,HappyQuokka g_con=False,False,89,0.04147835812043576,0.05051884672970378,0.11072578644966381,0.00045000000000000004
etard_tf64,HappyQuokka g_con=False,False,90,0.04001162498302403,0.04950821745054176,0.10903334653470492,0.00045000000000000004
etard_tf64,HappyQuokka g_con=False,False,91,0.03890727859522615,0.04297152703483811,0.11508681189973556,0.00045000000000000004
etard_tf64,HappyQuokka g_con=False,False,92,0.03163375867353309,0.045202244932408486,0.11251949661696667,0.00045000000000000004
etard_tf64,HappyQuokka g_con=False,False,93,0.030477573596207157,0.04046993266369793,0.11701975730206218,0.00045000000000000004
etard_tf64,HappyQuokka g_con=False,False,94,0.040889797732234,0.048076316642220174,0.10983116958284102,0.00045000000000000004
etard_tf64,HappyQuokka g_con=False,False,95,0.032769036545817344,0.0419358375282692,0.11529662834644634,0.00045000000000000004
etard_tf64,HappyQuokka g_con=False,False,96,0.029043078289500306,0.04210154225196069,0.1148297522975424,0.00045000000000000004
etard_tf64,HappyQuokka g_con=False,False,97,0.025460018737552065,0.04295543741456987,0.1153089526468691,0.00045000000000000004
etard_tf64,HappyQuokka g_con=False,False,98,0.031143487697201117,0.04177179855538443,0.11619305005834099,0.00045000000000000004
etard_tf64,HappyQuokka g_con=False,False,99,0.0358125539496541,0.04308987370071312,0.11412192827092008,0.00045000000000000004
etard_tf64,HappyQuokka g_con=False,False,100,0.03245579940266907,0.04659409534707222,0.11152734199041399,0.00045000000000000004
