dataset,subject_id,model,seed,test_recording_rows
etard_tf64,P00,adt,0,24
etard_tf64,P00,cca,0,24
etard_tf64,P00,cnn,0,24
etard_tf64,P00,dnn,0,24
etard_tf64,P00,eegnet,0,24
etard_tf64,P00,elasticnet,0,24
etard_tf64,P00,fcnn,0,24
etard_tf64,P00,happyquokka,0,24
etard_tf64,P00,lasso,0,24
etard_tf64,P00,linear,0,24
etard_tf64,P00,ridge,0,24
etard_tf64,P00,vlaai,0,24
etard_tf64,P01,adt,0,24
etard_tf64,P01,cca,0,24
etard_tf64,P01,cnn,0,24
etard_tf64,P01,dnn,0,24
etard_tf64,P01,eegnet,0,24
etard_tf64,P01,elasticnet,0,24
etard_tf64,P01,fcnn,0,24
etard_tf64,P01,happyquokka,0,24
etard_tf64,P01,lasso,0,24
etard_tf64,P01,linear,0,24
etard_tf64,P01,ridge,0,24
etard_tf64,P01,vlaai,0,24
etard_tf64,P02,adt,0,40
etard_tf64,P02,cca,0,40
etard_tf64,P02,cnn,0,40
etard_tf64,P02,dnn,0,40
etard_tf64,P02,eegnet,0,40
etard_tf64,P02,elasticnet,0,40
etard_tf64,P02,fcnn,0,40
etard_tf64,P02,happyquokka,0,40
etard_tf64,P02,lasso,0,40
etard_tf64,P02,linear,0,40
etard_tf64,P02,ridge,0,40
etard_tf64,P02,vlaai,0,40
etard_tf64,P03,adt,0,24
etard_tf64,P03,cca,0,24
etard_tf64,P03,cnn,0,24
etard_tf64,P03,dnn,0,24
etard_tf64,P03,eegnet,0,24
etard_tf64,P03,elasticnet,0,24
etard_tf64,P03,fcnn,0,24
etard_tf64,P03,happyquokka,0,24
etard_tf64,P03,lasso,0,24
etard_tf64,P03,linear,0,24
etard_tf64,P03,ridge,0,24
etard_tf64,P03,vlaai,0,24
etard_tf64,P04,adt,0,24
etard_tf64,P04,cca,0,24
etard_tf64,P04,cnn,0,24
etard_tf64,P04,dnn,0,24
etard_tf64,P04,eegnet,0,24
etard_tf64,P04,elasticnet,0,24
etard_tf64,P04,fcnn,0,24
etard_tf64,P04,happyquokka,0,24
etard_tf64,P04,lasso,0,24
etard_tf64,P04,linear,0,24
etard_tf64,P04,ridge,0,24
etard_tf64,P04,vlaai,0,24
etard_tf64,P05,adt,0,24
etard_tf64,P05,cca,0,24
etard_tf64,P05,cnn,0,24
etard_tf64,P05,dnn,0,24
etard_tf64,P05,eegnet,0,24
etard_tf64,P05,elasticnet,0,24
etard_tf64,P05,fcnn,0,24
etard_tf64,P05,happyquokka,0,24
etard_tf64,P05,lasso,0,24
etard_tf64,P05,linear,0,24
etard_tf64,P05,ridge,0,24
etard_tf64,P05,vlaai,0,24
etard_tf64,P06,adt,0,40
etard_tf64,P06,cca,0,40
etard_tf64,P06,cnn,0,40
etard_tf64,P06,dnn,0,40
etard_tf64,P06,eegnet,0,40
etard_tf64,P06,elasticnet,0,40
etard_tf64,P06,fcnn,0,40
etard_tf64,P06,happyquokka,0,40
etard_tf64,P06,lasso,0,40
etard_tf64,P06,linear,0,40
etard_tf64,P06,ridge,0,40
etard_tf64,P06,vlaai,0,40
etard_tf64,P07,adt,0,40
etard_tf64,P07,cca,0,40
etard_tf64,P07,cnn,0,40
etard_tf64,P07,dnn,0,40
etard_tf64,P07,eegnet,0,40
etard_tf64,P07,elasticnet,0,40
etard_tf64,P07,fcnn,0,40
etard_tf64,P07,happyquokka,0,40
etard_tf64,P07,lasso,0,40
etard_tf64,P07,linear,0,40
etard_tf64,P07,ridge,0,40
etard_tf64,P07,vlaai,0,40
etard_tf64,P08,adt,0,40
etard_tf64,P08,cca,0,40
etard_tf64,P08,cnn,0,40
etard_tf64,P08,dnn,0,40
etard_tf64,P08,eegnet,0,40
etard_tf64,P08,elasticnet,0,40
etard_tf64,P08,fcnn,0,40
etard_tf64,P08,happyquokka,0,40
etard_tf64,P08,lasso,0,40
etard_tf64,P08,linear,0,40
etard_tf64,P08,ridge,0,40
etard_tf64,P08,vlaai,0,40
etard_tf64,P09,adt,0,40
etard_tf64,P09,cca,0,40
etard_tf64,P09,cnn,0,40
etard_tf64,P09,dnn,0,40
etard_tf64,P09,eegnet,0,40
etard_tf64,P09,elasticnet,0,40
etard_tf64,P09,fcnn,0,40
etard_tf64,P09,happyquokka,0,40
etard_tf64,P09,lasso,0,40
etard_tf64,P09,linear,0,40
etard_tf64,P09,ridge,0,40
etard_tf64,P09,vlaai,0,40
etard_tf64,P10,adt,0,40
etard_tf64,P10,cca,0,40
etard_tf64,P10,cnn,0,40
etard_tf64,P10,dnn,0,40
etard_tf64,P10,eegnet,0,40
etard_tf64,P10,elasticnet,0,40
etard_tf64,P10,fcnn,0,40
etard_tf64,P10,happyquokka,0,40
etard_tf64,P10,lasso,0,40
etard_tf64,P10,linear,0,40
etard_tf64,P10,ridge,0,40
etard_tf64,P10,vlaai,0,40
etard_tf64,P11,adt,0,16
etard_tf64,P11,cca,0,16
etard_tf64,P11,cnn,0,16
etard_tf64,P11,dnn,0,16
etard_tf64,P11,eegnet,0,16
etard_tf64,P11,elasticnet,0,16
etard_tf64,P11,fcnn,0,16
etard_tf64,P11,happyquokka,0,16
etard_tf64,P11,lasso,0,16
etard_tf64,P11,linear,0,16
etard_tf64,P11,ridge,0,16
etard_tf64,P11,vlaai,0,16
etard_tf64,P12,adt,0,16
etard_tf64,P12,cca,0,16
etard_tf64,P12,cnn,0,16
etard_tf64,P12,dnn,0,16
etard_tf64,P12,eegnet,0,16
etard_tf64,P12,elasticnet,0,16
etard_tf64,P12,fcnn,0,16
etard_tf64,P12,happyquokka,0,16
etard_tf64,P12,lasso,0,16
etard_tf64,P12,linear,0,16
etard_tf64,P12,ridge,0,16
etard_tf64,P12,vlaai,0,16
etard_tf64,P13,adt,0,40
etard_tf64,P13,cca,0,40
etard_tf64,P13,cnn,0,40
etard_tf64,P13,dnn,0,40
etard_tf64,P13,eegnet,0,40
etard_tf64,P13,elasticnet,0,40
etard_tf64,P13,fcnn,0,40
etard_tf64,P13,happyquokka,0,40
etard_tf64,P13,lasso,0,40
etard_tf64,P13,linear,0,40
etard_tf64,P13,ridge,0,40
etard_tf64,P13,vlaai,0,40
etard_tf64,P14,adt,0,40
etard_tf64,P14,cca,0,40
etard_tf64,P14,cnn,0,40
etard_tf64,P14,dnn,0,40
etard_tf64,P14,eegnet,0,40
etard_tf64,P14,elasticnet,0,40
etard_tf64,P14,fcnn,0,40
etard_tf64,P14,happyquokka,0,40
etard_tf64,P14,lasso,0,40
etard_tf64,P14,linear,0,40
etard_tf64,P14,ridge,0,40
etard_tf64,P14,vlaai,0,40
etard_tf64,P15,adt,0,40
etard_tf64,P15,cca,0,40
etard_tf64,P15,cnn,0,40
etard_tf64,P15,dnn,0,40
etard_tf64,P15,eegnet,0,40
etard_tf64,P15,elasticnet,0,40
etard_tf64,P15,fcnn,0,40
etard_tf64,P15,happyquokka,0,40
etard_tf64,P15,lasso,0,40
etard_tf64,P15,linear,0,40
etard_tf64,P15,ridge,0,40
etard_tf64,P15,vlaai,0,40
etard_tf64,P16,adt,0,40
etard_tf64,P16,cca,0,40
etard_tf64,P16,cnn,0,40
etard_tf64,P16,dnn,0,40
etard_tf64,P16,eegnet,0,40
etard_tf64,P16,elasticnet,0,40
etard_tf64,P16,fcnn,0,40
etard_tf64,P16,happyquokka,0,40
etard_tf64,P16,lasso,0,40
etard_tf64,P16,linear,0,40
etard_tf64,P16,ridge,0,40
etard_tf64,P16,vlaai,0,40
etard_tf64,P17,adt,0,40
etard_tf64,P17,cca,0,40
etard_tf64,P17,cnn,0,40
etard_tf64,P17,dnn,0,40
etard_tf64,P17,eegnet,0,40
etard_tf64,P17,elasticnet,0,40
etard_tf64,P17,fcnn,0,40
etard_tf64,P17,happyquokka,0,40
etard_tf64,P17,lasso,0,40
etard_tf64,P17,linear,0,40
etard_tf64,P17,ridge,0,40
etard_tf64,P17,vlaai,0,40
etard_tf64,P18,adt,0,40
etard_tf64,P18,cca,0,40
etard_tf64,P18,cnn,0,40
etard_tf64,P18,dnn,0,40
etard_tf64,P18,eegnet,0,40
etard_tf64,P18,elasticnet,0,40
etard_tf64,P18,fcnn,0,40
etard_tf64,P18,happyquokka,0,40
etard_tf64,P18,lasso,0,40
etard_tf64,P18,linear,0,40
etard_tf64,P18,ridge,0,40
etard_tf64,P18,vlaai,0,40
etard_tf64,P19,adt,0,40
etard_tf64,P19,cca,0,40
etard_tf64,P19,cnn,0,40
etard_tf64,P19,dnn,0,40
etard_tf64,P19,eegnet,0,40
etard_tf64,P19,elasticnet,0,40
etard_tf64,P19,fcnn,0,40
etard_tf64,P19,happyquokka,0,40
etard_tf64,P19,lasso,0,40
etard_tf64,P19,linear,0,40
etard_tf64,P19,ridge,0,40
etard_tf64,P19,vlaai,0,40
weissbart_tf64,P00,adt,0,15
weissbart_tf64,P00,cca,0,15
weissbart_tf64,P00,cnn,0,15
weissbart_tf64,P00,dnn,0,15
weissbart_tf64,P00,eegnet,0,15
weissbart_tf64,P00,elasticnet,0,15
weissbart_tf64,P00,fcnn,0,15
weissbart_tf64,P00,happyquokka,0,15
weissbart_tf64,P00,lasso,0,15
weissbart_tf64,P00,linear,0,15
weissbart_tf64,P00,ridge,0,15
weissbart_tf64,P00,vlaai,0,15
weissbart_tf64,P01,adt,0,15
weissbart_tf64,P01,cca,0,15
weissbart_tf64,P01,cnn,0,15
weissbart_tf64,P01,dnn,0,15
weissbart_tf64,P01,eegnet,0,15
weissbart_tf64,P01,elasticnet,0,15
weissbart_tf64,P01,fcnn,0,15
weissbart_tf64,P01,happyquokka,0,15
weissbart_tf64,P01,lasso,0,15
weissbart_tf64,P01,linear,0,15
weissbart_tf64,P01,ridge,0,15
weissbart_tf64,P01,vlaai,0,15
weissbart_tf64,P02,adt,0,15
weissbart_tf64,P02,cca,0,15
weissbart_tf64,P02,cnn,0,15
weissbart_tf64,P02,dnn,0,15
weissbart_tf64,P02,eegnet,0,15
weissbart_tf64,P02,elasticnet,0,15
weissbart_tf64,P02,fcnn,0,15
weissbart_tf64,P02,happyquokka,0,15
weissbart_tf64,P02,lasso,0,15
weissbart_tf64,P02,linear,0,15
weissbart_tf64,P02,ridge,0,15
weissbart_tf64,P02,vlaai,0,15
weissbart_tf64,P03,adt,0,15
weissbart_tf64,P03,cca,0,15
weissbart_tf64,P03,cnn,0,15
weissbart_tf64,P03,dnn,0,15
weissbart_tf64,P03,eegnet,0,15
weissbart_tf64,P03,elasticnet,0,15
weissbart_tf64,P03,fcnn,0,15
weissbart_tf64,P03,happyquokka,0,15
weissbart_tf64,P03,lasso,0,15
weissbart_tf64,P03,linear,0,15
weissbart_tf64,P03,ridge,0,15
weissbart_tf64,P03,vlaai,0,15
weissbart_tf64,P04,adt,0,15
weissbart_tf64,P04,cca,0,15
weissbart_tf64,P04,cnn,0,15
weissbart_tf64,P04,dnn,0,15
weissbart_tf64,P04,eegnet,0,15
weissbart_tf64,P04,elasticnet,0,15
weissbart_tf64,P04,fcnn,0,15
weissbart_tf64,P04,happyquokka,0,15
weissbart_tf64,P04,lasso,0,15
weissbart_tf64,P04,linear,0,15
weissbart_tf64,P04,ridge,0,15
weissbart_tf64,P04,vlaai,0,15
weissbart_tf64,P05,adt,0,15
weissbart_tf64,P05,cca,0,15
weissbart_tf64,P05,cnn,0,15
weissbart_tf64,P05,dnn,0,15
weissbart_tf64,P05,eegnet,0,15
weissbart_tf64,P05,elasticnet,0,15
weissbart_tf64,P05,fcnn,0,15
weissbart_tf64,P05,happyquokka,0,15
weissbart_tf64,P05,lasso,0,15
weissbart_tf64,P05,linear,0,15
weissbart_tf64,P05,ridge,0,15
weissbart_tf64,P05,vlaai,0,15
weissbart_tf64,P06,adt,0,15
weissbart_tf64,P06,cca,0,15
weissbart_tf64,P06,cnn,0,15
weissbart_tf64,P06,dnn,0,15
weissbart_tf64,P06,eegnet,0,15
weissbart_tf64,P06,elasticnet,0,15
weissbart_tf64,P06,fcnn,0,15
weissbart_tf64,P06,happyquokka,0,15
weissbart_tf64,P06,lasso,0,15
weissbart_tf64,P06,linear,0,15
weissbart_tf64,P06,ridge,0,15
weissbart_tf64,P06,vlaai,0,15
weissbart_tf64,P07,adt,0,15
weissbart_tf64,P07,cca,0,15
weissbart_tf64,P07,cnn,0,15
weissbart_tf64,P07,dnn,0,15
weissbart_tf64,P07,eegnet,0,15
weissbart_tf64,P07,elasticnet,0,15
weissbart_tf64,P07,fcnn,0,15
weissbart_tf64,P07,happyquokka,0,15
weissbart_tf64,P07,lasso,0,15
weissbart_tf64,P07,linear,0,15
weissbart_tf64,P07,ridge,0,15
weissbart_tf64,P07,vlaai,0,15
weissbart_tf64,P08,adt,0,15
weissbart_tf64,P08,cca,0,15
weissbart_tf64,P08,cnn,0,15
weissbart_tf64,P08,dnn,0,15
weissbart_tf64,P08,eegnet,0,15
weissbart_tf64,P08,elasticnet,0,15
weissbart_tf64,P08,fcnn,0,15
weissbart_tf64,P08,happyquokka,0,15
weissbart_tf64,P08,lasso,0,15
weissbart_tf64,P08,linear,0,15
weissbart_tf64,P08,ridge,0,15
weissbart_tf64,P08,vlaai,0,15
weissbart_tf64,P09,adt,0,15
weissbart_tf64,P09,cca,0,15
weissbart_tf64,P09,cnn,0,15
weissbart_tf64,P09,dnn,0,15
weissbart_tf64,P09,eegnet,0,15
weissbart_tf64,P09,elasticnet,0,15
weissbart_tf64,P09,fcnn,0,15
weissbart_tf64,P09,happyquokka,0,15
weissbart_tf64,P09,lasso,0,15
weissbart_tf64,P09,linear,0,15
weissbart_tf64,P09,ridge,0,15
weissbart_tf64,P09,vlaai,0,15
weissbart_tf64,P10,adt,0,15
weissbart_tf64,P10,cca,0,15
weissbart_tf64,P10,cnn,0,15
weissbart_tf64,P10,dnn,0,15
weissbart_tf64,P10,eegnet,0,15
weissbart_tf64,P10,elasticnet,0,15
weissbart_tf64,P10,fcnn,0,15
weissbart_tf64,P10,happyquokka,0,15
weissbart_tf64,P10,lasso,0,15
weissbart_tf64,P10,linear,0,15
weissbart_tf64,P10,ridge,0,15
weissbart_tf64,P10,vlaai,0,15
weissbart_tf64,P11,adt,0,15
weissbart_tf64,P11,cca,0,15
weissbart_tf64,P11,cnn,0,15
weissbart_tf64,P11,dnn,0,15
weissbart_tf64,P11,eegnet,0,15
weissbart_tf64,P11,elasticnet,0,15
weissbart_tf64,P11,fcnn,0,15
weissbart_tf64,P11,happyquokka,0,15
weissbart_tf64,P11,lasso,0,15
weissbart_tf64,P11,linear,0,15
weissbart_tf64,P11,ridge,0,15
weissbart_tf64,P11,vlaai,0,15
weissbart_tf64,P12,adt,0,15
weissbart_tf64,P12,cca,0,15
weissbart_tf64,P12,cnn,0,15
weissbart_tf64,P12,dnn,0,15
weissbart_tf64,P12,eegnet,0,15
weissbart_tf64,P12,elasticnet,0,15
weissbart_tf64,P12,fcnn,0,15
weissbart_tf64,P12,happyquokka,0,15
weissbart_tf64,P12,lasso,0,15
weissbart_tf64,P12,linear,0,15
weissbart_tf64,P12,ridge,0,15
weissbart_tf64,P12,vlaai,0,15
