job_key,subject_id,model,epoch,train_loss,val_mean_recording_pearson_r,elapsed_seconds,device,gpu_name
sub-03:fcnn:seed0,sub-03,fcnn,1,-0.15969664343400983,0.11391606546434002,7.0767897999612615,cuda,NVIDIA GeForce RTX 5060 Ti
sub-03:fcnn:seed0,sub-03,fcnn,2,-0.26183038086281807,0.12775512134628653,6.90252010000404,cuda,NVIDIA GeForce RTX 5060 Ti
sub-03:fcnn:seed0,sub-03,fcnn,3,-0.4335753244228203,0.10769282698598934,6.890547099988908,cuda,NVIDIA GeForce RTX 5060 Ti
sub-03:fcnn:seed0,sub-03,fcnn,4,-0.6201011729972988,0.10430749964399896,6.829349100007676,cuda,NVIDIA GeForce RTX 5060 Ti
sub-03:fcnn:seed0,sub-03,fcnn,5,-0.7250518399243914,0.10650236129753873,6.851254099979997,cuda,NVIDIA GeForce RTX 5060 Ti
sub-03:fcnn:seed0,sub-03,fcnn,6,-0.7814399408561558,0.1094628176328639,6.836666399962269,cuda,NVIDIA GeForce RTX 5060 Ti
sub-03:fcnn:seed0,sub-03,fcnn,7,-0.8124781355844529,0.08642320255550959,6.916685699950904,cuda,NVIDIA GeForce RTX 5060 Ti
sub-03:fcnn:seed0,sub-03,fcnn,8,-0.8351477219738774,0.09271713520704175,6.926749599981122,cuda,NVIDIA GeForce RTX 5060 Ti
sub-03:fcnn:seed0,sub-03,fcnn,9,-0.8500881901000465,0.10477103821262831,6.9025752999586985,cuda,NVIDIA GeForce RTX 5060 Ti
sub-03:fcnn:seed0,sub-03,fcnn,10,-0.860959024236189,0.10326422360239172,6.894477599998936,cuda,NVIDIA GeForce RTX 5060 Ti
sub-03:fcnn:seed0,sub-03,fcnn,11,-0.8684089346970926,0.10134876782347382,6.865712400060147,cuda,NVIDIA GeForce RTX 5060 Ti
sub-03:fcnn:seed0,sub-03,fcnn,12,-0.8757912504939394,0.10045876159446482,6.8876803000457585,cuda,NVIDIA GeForce RTX 5060 Ti
sub-03:cnn:seed0,sub-03,cnn,1,-0.17252502169879705,0.1518495251082857,45.80402060004417,cuda,NVIDIA GeForce RTX 5060 Ti
sub-03:cnn:seed0,sub-03,cnn,2,-0.23073877007102167,0.151435974084267,45.81796549994033,cuda,NVIDIA GeForce RTX 5060 Ti
sub-03:cnn:seed0,sub-03,cnn,3,-0.25772492262904206,0.16895784810016315,45.6811549999984,cuda,NVIDIA GeForce RTX 5060 Ti
sub-03:cnn:seed0,sub-03,cnn,4,-0.2820221528244418,0.18013900917260278,45.666530999937095,cuda,NVIDIA GeForce RTX 5060 Ti
sub-03:cnn:seed0,sub-03,cnn,5,-0.2998919722587703,0.17517783978876006,45.447733599925414,cuda,NVIDIA GeForce RTX 5060 Ti
sub-03:cnn:seed0,sub-03,cnn,6,-0.3222692123088757,0.1691785754677947,45.98083370004315,cuda,NVIDIA GeForce RTX 5060 Ti
sub-03:cnn:seed0,sub-03,cnn,7,-0.3387066939190113,0.17321387075870417,46.67993840004783,cuda,NVIDIA GeForce RTX 5060 Ti
sub-03:cnn:seed0,sub-03,cnn,8,-0.3528131035536361,0.14683386630127748,46.54298769996967,cuda,NVIDIA GeForce RTX 5060 Ti
sub-03:cnn:seed0,sub-03,cnn,9,-0.36993630630011,0.15387224849525605,46.62090249999892,cuda,NVIDIA GeForce RTX 5060 Ti
sub-03:cnn:seed0,sub-03,cnn,10,-0.3825321086375407,0.13040698845177226,46.31617550004739,cuda,NVIDIA GeForce RTX 5060 Ti
sub-03:cnn:seed0,sub-03,cnn,11,-0.39766705023676324,0.1406539432900668,45.850600600009784,cuda,NVIDIA GeForce RTX 5060 Ti
sub-03:cnn:seed0,sub-03,cnn,12,-0.40767777781912734,0.13313500272250797,47.02584710007068,cuda,NVIDIA GeForce RTX 5060 Ti
sub-03:cnn:seed0,sub-03,cnn,13,-0.4231448697977226,0.14780044927967095,46.51483290002216,cuda,NVIDIA GeForce RTX 5060 Ti
sub-03:cnn:seed0,sub-03,cnn,14,-0.43230695498056254,0.12733836217709588,45.42530550004449,cuda,NVIDIA GeForce RTX 5060 Ti
sub-03:eegnet:seed0,sub-03,eegnet,1,-0.11616096984206142,0.11712427544629583,6.0960712999803945,cuda,NVIDIA GeForce RTX 5060 Ti
sub-03:eegnet:seed0,sub-03,eegnet,2,-0.17735412443452125,0.1604195001107776,6.099679499980994,cuda,NVIDIA GeForce RTX 5060 Ti
sub-03:eegnet:seed0,sub-03,eegnet,3,-0.20290392091596635,0.17955795011075848,6.127870799973607,cuda,NVIDIA GeForce RTX 5060 Ti
sub-03:eegnet:seed0,sub-03,eegnet,4,-0.2171384022784466,0.1966507691209541,6.152384000015445,cuda,NVIDIA GeForce RTX 5060 Ti
sub-03:eegnet:seed0,sub-03,eegnet,5,-0.2294673125400057,0.20439731063366628,6.083912700065412,cuda,NVIDIA GeForce RTX 5060 Ti
sub-03:eegnet:seed0,sub-03,eegnet,6,-0.23469094189102424,0.21575934953785889,6.159348499961197,cuda,NVIDIA GeForce RTX 5060 Ti
sub-03:eegnet:seed0,sub-03,eegnet,7,-0.24268637753648464,0.21031075017953038,6.162230400019325,cuda,NVIDIA GeForce RTX 5060 Ti
sub-03:eegnet:seed0,sub-03,eegnet,8,-0.25018302330424663,0.21032871520881477,6.162499799975194,cuda,NVIDIA GeForce RTX 5060 Ti
sub-03:eegnet:seed0,sub-03,eegnet,9,-0.255015076601139,0.21123626993356132,6.195240199915133,cuda,NVIDIA GeForce RTX 5060 Ti
sub-03:eegnet:seed0,sub-03,eegnet,10,-0.2608693084944893,0.21233587474281143,6.214600899955258,cuda,NVIDIA GeForce RTX 5060 Ti
sub-03:eegnet:seed0,sub-03,eegnet,11,-0.2632250213090268,0.21501268488816153,6.298119499930181,cuda,NVIDIA GeForce RTX 5060 Ti
sub-03:eegnet:seed0,sub-03,eegnet,12,-0.26938768509546474,0.21674804597089564,6.2210621000267565,cuda,NVIDIA GeForce RTX 5060 Ti
sub-03:eegnet:seed0,sub-03,eegnet,13,-0.2711526223109754,0.21981788355504722,6.2106109000742435,cuda,NVIDIA GeForce RTX 5060 Ti
sub-03:eegnet:seed0,sub-03,eegnet,14,-0.2738390275636199,0.22063248203094804,6.2219773000106215,cuda,NVIDIA GeForce RTX 5060 Ti
sub-03:eegnet:seed0,sub-03,eegnet,15,-0.27498023694786944,0.20986992770898966,6.214308999944478,cuda,NVIDIA GeForce RTX 5060 Ti
sub-03:eegnet:seed0,sub-03,eegnet,16,-0.2775914401190574,0.21184001836892313,6.2514416999183595,cuda,NVIDIA GeForce RTX 5060 Ti
sub-03:eegnet:seed0,sub-03,eegnet,17,-0.2802418261433447,0.22030624012871408,6.294209000072442,cuda,NVIDIA GeForce RTX 5060 Ti
sub-03:eegnet:seed0,sub-03,eegnet,18,-0.2845593189310761,0.21914014173490326,6.308535699965432,cuda,NVIDIA GeForce RTX 5060 Ti
sub-03:eegnet:seed0,sub-03,eegnet,19,-0.2848066292578282,0.21397986260536472,6.321840799995698,cuda,NVIDIA GeForce RTX 5060 Ti
sub-03:eegnet:seed0,sub-03,eegnet,20,-0.2823022945716394,0.22112839862885947,6.3227156000211835,cuda,NVIDIA GeForce RTX 5060 Ti
sub-03:eegnet:seed0,sub-03,eegnet,21,-0.28782840339498145,0.22580061173197913,6.3614328999537975,cuda,NVIDIA GeForce RTX 5060 Ti
sub-03:eegnet:seed0,sub-03,eegnet,22,-0.2878584424293907,0.22241666486970535,6.237157299998216,cuda,NVIDIA GeForce RTX 5060 Ti
sub-03:eegnet:seed0,sub-03,eegnet,23,-0.28969944792919317,0.22234677956999355,6.20293639996089,cuda,NVIDIA GeForce RTX 5060 Ti
sub-03:eegnet:seed0,sub-03,eegnet,24,-0.2910653658669088,0.21817522743575535,6.231759799993597,cuda,NVIDIA GeForce RTX 5060 Ti
sub-03:eegnet:seed0,sub-03,eegnet,25,-0.2921667272984649,0.217254064622194,6.19956750003621,cuda,NVIDIA GeForce RTX 5060 Ti
sub-03:eegnet:seed0,sub-03,eegnet,26,-0.29370533446026914,0.2175143254532807,6.234334200038575,cuda,NVIDIA GeForce RTX 5060 Ti
sub-03:eegnet:seed0,sub-03,eegnet,27,-0.29585754430160843,0.22788412130033475,6.212059400044382,cuda,NVIDIA GeForce RTX 5060 Ti
sub-03:eegnet:seed0,sub-03,eegnet,28,-0.2968410140309254,0.2184167437611932,6.208547499962151,cuda,NVIDIA GeForce RTX 5060 Ti
sub-03:eegnet:seed0,sub-03,eegnet,29,-0.29729255496956114,0.2282649936525176,6.235120399971493,cuda,NVIDIA GeForce RTX 5060 Ti
sub-03:eegnet:seed0,sub-03,eegnet,30,-0.2964458549239116,0.2134639774761511,6.2539607000071555,cuda,NVIDIA GeForce RTX 5060 Ti
sub-03:eegnet:seed0,sub-03,eegnet,31,-0.298045043172783,0.22280542849943422,6.229053899995051,cuda,NVIDIA GeForce RTX 5060 Ti
sub-03:eegnet:seed0,sub-03,eegnet,32,-0.3033799549471067,0.22084891619764996,6.217076800065115,cuda,NVIDIA GeForce RTX 5060 Ti
sub-03:eegnet:seed0,sub-03,eegnet,33,-0.3019422573666999,0.23067975756564496,6.307437999988906,cuda,NVIDIA GeForce RTX 5060 Ti
sub-03:eegnet:seed0,sub-03,eegnet,34,-0.30427584089546894,0.22053579837812343,6.266257399925962,cuda,NVIDIA GeForce RTX 5060 Ti
sub-03:eegnet:seed0,sub-03,eegnet,35,-0.3070849668879749,0.23258101025373046,6.272800299921073,cuda,NVIDIA GeForce RTX 5060 Ti
sub-03:eegnet:seed0,sub-03,eegnet,36,-0.30765865060537223,0.2268894814036329,6.216541200061329,cuda,NVIDIA GeForce RTX 5060 Ti
sub-03:eegnet:seed0,sub-03,eegnet,37,-0.3058479839946305,0.22109978909642303,6.231394700007513,cuda,NVIDIA GeForce RTX 5060 Ti
sub-03:eegnet:seed0,sub-03,eegnet,38,-0.3055382739107369,0.21286216337375363,6.1858191000064835,cuda,NVIDIA GeForce RTX 5060 Ti
sub-03:eegnet:seed0,sub-03,eegnet,39,-0.3093862928991211,0.21878841753944878,6.2157552998978645,cuda,NVIDIA GeForce RTX 5060 Ti
sub-03:eegnet:seed0,sub-03,eegnet,40,-0.3092724476113666,0.2232916558256346,6.262364099966362,cuda,NVIDIA GeForce RTX 5060 Ti
sub-03:eegnet:seed0,sub-03,eegnet,41,-0.30837231928576303,0.22718234085370792,6.2515941999154165,cuda,NVIDIA GeForce RTX 5060 Ti
sub-03:eegnet:seed0,sub-03,eegnet,42,-0.3082568929764812,0.21424921553596826,6.27051709999796,cuda,NVIDIA GeForce RTX 5060 Ti
sub-03:eegnet:seed0,sub-03,eegnet,43,-0.3106261312795085,0.20978205851574172,6.314113999949768,cuda,NVIDIA GeForce RTX 5060 Ti
sub-03:eegnet:seed0,sub-03,eegnet,44,-0.31180386076676114,0.22237769273145563,6.282832399941981,cuda,NVIDIA GeForce RTX 5060 Ti
sub-03:eegnet:seed0,sub-03,eegnet,45,-0.31134450868521324,0.22998943981111752,6.2691979999653995,cuda,NVIDIA GeForce RTX 5060 Ti
sub-03:adt:seed0,sub-03,adt,1,-0.1881534888155081,0.25248659470450446,3.026975499931723,cuda,NVIDIA GeForce RTX 5060 Ti
sub-03:adt:seed0,sub-03,adt,2,-0.29359572990374133,0.2955746079698993,3.012741700047627,cuda,NVIDIA GeForce RTX 5060 Ti
sub-03:adt:seed0,sub-03,adt,3,-0.33407231081615796,0.31481093676229777,3.0039993000682443,cuda,NVIDIA GeForce RTX 5060 Ti
sub-03:adt:seed0,sub-03,adt,4,-0.3619907464493405,0.3130932463689636,3.0187760000117123,cuda,NVIDIA GeForce RTX 5060 Ti
sub-03:adt:seed0,sub-03,adt,5,-0.3814111582257531,0.33039421140257197,3.0137578999856487,cuda,NVIDIA GeForce RTX 5060 Ti
sub-03:adt:seed0,sub-03,adt,6,-0.40177723291245376,0.3310654690361392,3.0125953999813646,cuda,NVIDIA GeForce RTX 5060 Ti
sub-03:adt:seed0,sub-03,adt,7,-0.4217753281647509,0.32450269714845903,3.0141936000436544,cuda,NVIDIA GeForce RTX 5060 Ti
sub-03:adt:seed0,sub-03,adt,8,-0.4376174346967177,0.3205668901747024,3.0075055999914184,cuda,NVIDIA GeForce RTX 5060 Ti
sub-03:adt:seed0,sub-03,adt,9,-0.4596667113629254,0.321037695948501,3.028129899990745,cuda,NVIDIA GeForce RTX 5060 Ti
sub-03:adt:seed0,sub-03,adt,10,-0.481146364049478,0.32324230548104904,3.03679679997731,cuda,NVIDIA GeForce RTX 5060 Ti
sub-03:adt:seed0,sub-03,adt,11,-0.49564328789711,0.3092802813826032,3.027756000054069,cuda,NVIDIA GeForce RTX 5060 Ti
sub-03:adt:seed0,sub-03,adt,12,-0.5160635581070726,0.3199559087391237,3.0500142000382766,cuda,NVIDIA GeForce RTX 5060 Ti
sub-03:adt:seed0,sub-03,adt,13,-0.5383894484151494,0.3091873580467107,3.0267155000474304,cuda,NVIDIA GeForce RTX 5060 Ti
sub-03:adt:seed0,sub-03,adt,14,-0.5525384545326233,0.3114750542755116,3.03318540006876,cuda,NVIDIA GeForce RTX 5060 Ti
sub-03:adt:seed0,sub-03,adt,15,-0.5638584494590759,0.30529495581227056,2.987132400041446,cuda,NVIDIA GeForce RTX 5060 Ti
sub-03:adt:seed0,sub-03,adt,16,-0.5728888620029796,0.3073560666311961,2.994602399994619,cuda,NVIDIA GeForce RTX 5060 Ti
sub-03:vlaai:seed0,sub-03,vlaai,1,-0.14620627637191494,0.1221069387924828,32.060988499899395,cuda,NVIDIA GeForce RTX 5060 Ti
sub-03:vlaai:seed0,sub-03,vlaai,2,-0.22842564400676219,0.15594765242461267,33.530483999988064,cuda,NVIDIA GeForce RTX 5060 Ti
sub-03:vlaai:seed0,sub-03,vlaai,3,-0.29538024116485173,0.1551381445567876,31.38186029996723,cuda,NVIDIA GeForce RTX 5060 Ti
sub-03:vlaai:seed0,sub-03,vlaai,4,-0.4024051862270769,0.11746940638490178,30.862538299988955,cuda,NVIDIA GeForce RTX 5060 Ti
sub-03:vlaai:seed0,sub-03,vlaai,5,-0.58850722654269,0.08553140491054266,30.90266000002157,cuda,NVIDIA GeForce RTX 5060 Ti
sub-03:vlaai:seed0,sub-03,vlaai,6,-0.7535979814624386,0.0840723849051243,30.91720979998354,cuda,NVIDIA GeForce RTX 5060 Ti
sub-03:vlaai:seed0,sub-03,vlaai,7,-0.8443993663221369,0.07705894074364021,30.91180240001995,cuda,NVIDIA GeForce RTX 5060 Ti
sub-03:vlaai:seed0,sub-03,vlaai,8,-0.8978932453651348,0.05196418042593487,31.26943020010367,cuda,NVIDIA GeForce RTX 5060 Ti
sub-03:vlaai:seed0,sub-03,vlaai,9,-0.9523287392179088,0.06519982003209203,31.012210799963214,cuda,NVIDIA GeForce RTX 5060 Ti
sub-03:vlaai:seed0,sub-03,vlaai,10,-0.9675617294658072,0.07114795443317526,30.88090580003336,cuda,NVIDIA GeForce RTX 5060 Ti
sub-03:vlaai:seed0,sub-03,vlaai,11,-0.9739879324334556,0.06818699461585928,30.768238999997266,cuda,NVIDIA GeForce RTX 5060 Ti
sub-03:vlaai:seed0,sub-03,vlaai,12,-0.9781501591830384,0.06058444855552913,30.181581400102004,cuda,NVIDIA GeForce RTX 5060 Ti
sub-03:happyquokka:seed0,sub-03,happyquokka,1,0.24278487182325786,0.22850213419490456,1.5232329999562353,cuda,NVIDIA GeForce RTX 5060 Ti
sub-03:happyquokka:seed0,sub-03,happyquokka,2,-0.053216235919131175,0.2551180455100167,1.4984501999570057,cuda,NVIDIA GeForce RTX 5060 Ti
sub-03:happyquokka:seed0,sub-03,happyquokka,3,-0.13010103007157645,0.3169830746044892,1.5058866000035778,cuda,NVIDIA GeForce RTX 5060 Ti
sub-03:happyquokka:seed0,sub-03,happyquokka,4,-0.1715596409307586,0.31952031059301306,1.5023968999739736,cuda,NVIDIA GeForce RTX 5060 Ti
sub-03:happyquokka:seed0,sub-03,happyquokka,5,-0.2045519542362955,0.3382445620275811,1.5695085000479594,cuda,NVIDIA GeForce RTX 5060 Ti
sub-03:happyquokka:seed0,sub-03,happyquokka,6,-0.23742888867855072,0.3064525877177713,1.620371799916029,cuda,NVIDIA GeForce RTX 5060 Ti
sub-03:happyquokka:seed0,sub-03,happyquokka,7,-0.26700171704093617,0.33603955542301056,1.7313056000275537,cuda,NVIDIA GeForce RTX 5060 Ti
sub-03:happyquokka:seed0,sub-03,happyquokka,8,-0.3029369529750612,0.35234645250267044,1.7445150999119505,cuda,NVIDIA GeForce RTX 5060 Ti
sub-03:happyquokka:seed0,sub-03,happyquokka,9,-0.3286644195516904,0.30457081220298166,1.6416234000353143,cuda,NVIDIA GeForce RTX 5060 Ti
sub-03:happyquokka:seed0,sub-03,happyquokka,10,-0.3716159231132931,0.3111534732092293,1.5710573999676853,cuda,NVIDIA GeForce RTX 5060 Ti
sub-03:happyquokka:seed0,sub-03,happyquokka,11,-0.4037203854984707,0.24880971656511808,1.6614462001016364,cuda,NVIDIA GeForce RTX 5060 Ti
sub-03:happyquokka:seed0,sub-03,happyquokka,12,-0.44765060726139283,0.26987059283262826,1.611738899955526,cuda,NVIDIA GeForce RTX 5060 Ti
sub-03:happyquokka:seed0,sub-03,happyquokka,13,-0.49304767532481086,0.27533139505450605,1.727548100054264,cuda,NVIDIA GeForce RTX 5060 Ti
sub-03:happyquokka:seed0,sub-03,happyquokka,14,-0.5454293075535033,0.23196084562117744,1.6095633000368252,cuda,NVIDIA GeForce RTX 5060 Ti
sub-03:happyquokka:seed0,sub-03,happyquokka,15,-0.5853810558716456,0.23619781091062564,1.5290181000018492,cuda,NVIDIA GeForce RTX 5060 Ti
sub-03:happyquokka:seed0,sub-03,happyquokka,16,-0.6245769245756997,0.19239877668311706,1.7031212999718264,cuda,NVIDIA GeForce RTX 5060 Ti
sub-03:happyquokka:seed0,sub-03,happyquokka,17,-0.6681448751025729,0.22307317758492498,1.5681940999347717,cuda,NVIDIA GeForce RTX 5060 Ti
sub-03:happyquokka:seed0,sub-03,happyquokka,18,-0.6990011798010932,0.2003485815802687,1.7513904999941587,cuda,NVIDIA GeForce RTX 5060 Ti
