source_dataset,target_dataset,model,task,protocol,seed,stage,subject_id,recording_id,sampling_rate,metric_name,metric_value,num_valid_samples,checkpoint_id,artifact_scope
weissbart_tf64,etard_tf64,eegnet,reconstruction,gate0_gate2_cross_dataset_transfer_v1::cross_dataset_zero_shot_eval,0,cross_dataset_zero_shot_eval,P03,test_-_P03_-_clean_part_1,64,pearson_r,-0.08807684142085484,940,eegnet_epoch_4,cross_dataset_transfer_zero_shot_plus_pooled10_target_calibration_v1::cross_dataset_zero_shot_eval
weissbart_tf64,etard_tf64,eegnet,reconstruction,gate0_gate2_cross_dataset_transfer_v1::cross_dataset_zero_shot_eval,0,cross_dataset_zero_shot_eval,P03,test_-_P03_-_clean_part_2,64,pearson_r,0.24131044077581265,976,eegnet_epoch_4,cross_dataset_transfer_zero_shot_plus_pooled10_target_calibration_v1::cross_dataset_zero_shot_eval
weissbart_tf64,etard_tf64,eegnet,reconstruction,gate0_gate2_cross_dataset_transfer_v1::cross_dataset_zero_shot_eval,0,cross_dataset_zero_shot_eval,P03,test_-_P03_-_clean_part_3,64,pearson_r,0.2666240254914143,857,eegnet_epoch_4,cross_dataset_transfer_zero_shot_plus_pooled10_target_calibration_v1::cross_dataset_zero_shot_eval
weissbart_tf64,etard_tf64,eegnet,reconstruction,gate0_gate2_cross_dataset_transfer_v1::cross_dataset_zero_shot_eval,0,cross_dataset_zero_shot_eval,P03,test_-_P03_-_clean_part_4,64,pearson_r,0.17998738646368276,938,eegnet_epoch_4,cross_dataset_transfer_zero_shot_plus_pooled10_target_calibration_v1::cross_dataset_zero_shot_eval
weissbart_tf64,etard_tf64,eegnet,reconstruction,gate0_gate2_cross_dataset_transfer_v1::cross_dataset_zero_shot_eval,0,cross_dataset_zero_shot_eval,P03,test_-_P03_-_fM_part_1,64,pearson_r,0.1641073377184841,852,eegnet_epoch_4,cross_dataset_transfer_zero_shot_plus_pooled10_target_calibration_v1::cross_dataset_zero_shot_eval
weissbart_tf64,etard_tf64,eegnet,reconstruction,gate0_gate2_cross_dataset_transfer_v1::cross_dataset_zero_shot_eval,0,cross_dataset_zero_shot_eval,P03,test_-_P03_-_fM_part_2,64,pearson_r,0.01517325906539552,813,eegnet_epoch_4,cross_dataset_transfer_zero_shot_plus_pooled10_target_calibration_v1::cross_dataset_zero_shot_eval
weissbart_tf64,etard_tf64,eegnet,reconstruction,gate0_gate2_cross_dataset_transfer_v1::cross_dataset_zero_shot_eval,0,cross_dataset_zero_shot_eval,P03,test_-_P03_-_fM_part_3,64,pearson_r,-0.06884586022810836,869,eegnet_epoch_4,cross_dataset_transfer_zero_shot_plus_pooled10_target_calibration_v1::cross_dataset_zero_shot_eval
weissbart_tf64,etard_tf64,eegnet,reconstruction,gate0_gate2_cross_dataset_transfer_v1::cross_dataset_zero_shot_eval,0,cross_dataset_zero_shot_eval,P03,test_-_P03_-_fM_part_4,64,pearson_r,0.10484561157581349,953,eegnet_epoch_4,cross_dataset_transfer_zero_shot_plus_pooled10_target_calibration_v1::cross_dataset_zero_shot_eval
weissbart_tf64,etard_tf64,eegnet,reconstruction,gate0_gate2_cross_dataset_transfer_v1::cross_dataset_zero_shot_eval,0,cross_dataset_zero_shot_eval,P03,test_-_P03_-_fW_part_1,64,pearson_r,0.05566907703710393,843,eegnet_epoch_4,cross_dataset_transfer_zero_shot_plus_pooled10_target_calibration_v1::cross_dataset_zero_shot_eval
weissbart_tf64,etard_tf64,eegnet,reconstruction,gate0_gate2_cross_dataset_transfer_v1::cross_dataset_zero_shot_eval,0,cross_dataset_zero_shot_eval,P03,test_-_P03_-_fW_part_2,64,pearson_r,0.08860378409632635,870,eegnet_epoch_4,cross_dataset_transfer_zero_shot_plus_pooled10_target_calibration_v1::cross_dataset_zero_shot_eval
weissbart_tf64,etard_tf64,eegnet,reconstruction,gate0_gate2_cross_dataset_transfer_v1::cross_dataset_zero_shot_eval,0,cross_dataset_zero_shot_eval,P03,test_-_P03_-_fW_part_3,64,pearson_r,0.17616278600575655,974,eegnet_epoch_4,cross_dataset_transfer_zero_shot_plus_pooled10_target_calibration_v1::cross_dataset_zero_shot_eval
weissbart_tf64,etard_tf64,eegnet,reconstruction,gate0_gate2_cross_dataset_transfer_v1::cross_dataset_zero_shot_eval,0,cross_dataset_zero_shot_eval,P03,test_-_P03_-_fW_part_4,64,pearson_r,0.11113387618227456,1047,eegnet_epoch_4,cross_dataset_transfer_zero_shot_plus_pooled10_target_calibration_v1::cross_dataset_zero_shot_eval
weissbart_tf64,etard_tf64,eegnet,reconstruction,gate0_gate2_cross_dataset_transfer_v1::cross_dataset_zero_shot_eval,0,cross_dataset_zero_shot_eval,P03,test_-_P03_-_hb_part_1,64,pearson_r,-0.043992132257029054,1137,eegnet_epoch_4,cross_dataset_transfer_zero_shot_plus_pooled10_target_calibration_v1::cross_dataset_zero_shot_eval
weissbart_tf64,etard_tf64,eegnet,reconstruction,gate0_gate2_cross_dataset_transfer_v1::cross_dataset_zero_shot_eval,0,cross_dataset_zero_shot_eval,P03,test_-_P03_-_hb_part_2,64,pearson_r,0.036743890902243316,1074,eegnet_epoch_4,cross_dataset_transfer_zero_shot_plus_pooled10_target_calibration_v1::cross_dataset_zero_shot_eval
weissbart_tf64,etard_tf64,eegnet,reconstruction,gate0_gate2_cross_dataset_transfer_v1::cross_dataset_zero_shot_eval,0,cross_dataset_zero_shot_eval,P03,test_-_P03_-_hb_part_3,64,pearson_r,0.09867484664234069,1157,eegnet_epoch_4,cross_dataset_transfer_zero_shot_plus_pooled10_target_calibration_v1::cross_dataset_zero_shot_eval
weissbart_tf64,etard_tf64,eegnet,reconstruction,gate0_gate2_cross_dataset_transfer_v1::cross_dataset_zero_shot_eval,0,cross_dataset_zero_shot_eval,P03,test_-_P03_-_hb_part_4,64,pearson_r,0.10832059616406527,1080,eegnet_epoch_4,cross_dataset_transfer_zero_shot_plus_pooled10_target_calibration_v1::cross_dataset_zero_shot_eval
weissbart_tf64,etard_tf64,eegnet,reconstruction,gate0_gate2_cross_dataset_transfer_v1::cross_dataset_zero_shot_eval,0,cross_dataset_zero_shot_eval,P03,test_-_P03_-_lb_part_1,64,pearson_r,0.14840969132116943,1396,eegnet_epoch_4,cross_dataset_transfer_zero_shot_plus_pooled10_target_calibration_v1::cross_dataset_zero_shot_eval
weissbart_tf64,etard_tf64,eegnet,reconstruction,gate0_gate2_cross_dataset_transfer_v1::cross_dataset_zero_shot_eval,0,cross_dataset_zero_shot_eval,P03,test_-_P03_-_lb_part_2,64,pearson_r,-0.04671949305047516,1433,eegnet_epoch_4,cross_dataset_transfer_zero_shot_plus_pooled10_target_calibration_v1::cross_dataset_zero_shot_eval
weissbart_tf64,etard_tf64,eegnet,reconstruction,gate0_gate2_cross_dataset_transfer_v1::cross_dataset_zero_shot_eval,0,cross_dataset_zero_shot_eval,P03,test_-_P03_-_lb_part_3,64,pearson_r,-0.01690142608994,1365,eegnet_epoch_4,cross_dataset_transfer_zero_shot_plus_pooled10_target_calibration_v1::cross_dataset_zero_shot_eval
weissbart_tf64,etard_tf64,eegnet,reconstruction,gate0_gate2_cross_dataset_transfer_v1::cross_dataset_zero_shot_eval,0,cross_dataset_zero_shot_eval,P03,test_-_P03_-_lb_part_4,64,pearson_r,-0.1068620002093662,1501,eegnet_epoch_4,cross_dataset_transfer_zero_shot_plus_pooled10_target_calibration_v1::cross_dataset_zero_shot_eval
weissbart_tf64,etard_tf64,eegnet,reconstruction,gate0_gate2_cross_dataset_transfer_v1::cross_dataset_zero_shot_eval,0,cross_dataset_zero_shot_eval,P03,test_-_P03_-_mb_part_1,64,pearson_r,-0.09620211840856673,945,eegnet_epoch_4,cross_dataset_transfer_zero_shot_plus_pooled10_target_calibration_v1::cross_dataset_zero_shot_eval
weissbart_tf64,etard_tf64,eegnet,reconstruction,gate0_gate2_cross_dataset_transfer_v1::cross_dataset_zero_shot_eval,0,cross_dataset_zero_shot_eval,P03,test_-_P03_-_mb_part_2,64,pearson_r,0.153652223242024,994,eegnet_epoch_4,cross_dataset_transfer_zero_shot_plus_pooled10_target_calibration_v1::cross_dataset_zero_shot_eval
weissbart_tf64,etard_tf64,eegnet,reconstruction,gate0_gate2_cross_dataset_transfer_v1::cross_dataset_zero_shot_eval,0,cross_dataset_zero_shot_eval,P03,test_-_P03_-_mb_part_3,64,pearson_r,0.02838363139895494,995,eegnet_epoch_4,cross_dataset_transfer_zero_shot_plus_pooled10_target_calibration_v1::cross_dataset_zero_shot_eval
weissbart_tf64,etard_tf64,eegnet,reconstruction,gate0_gate2_cross_dataset_transfer_v1::cross_dataset_zero_shot_eval,0,cross_dataset_zero_shot_eval,P03,test_-_P03_-_mb_part_4,64,pearson_r,0.0766954599109445,1034,eegnet_epoch_4,cross_dataset_transfer_zero_shot_plus_pooled10_target_calibration_v1::cross_dataset_zero_shot_eval
weissbart_tf64,etard_tf64,eegnet,reconstruction,gate0_gate2_cross_dataset_transfer_v1::cross_dataset_zero_shot_eval,0,cross_dataset_zero_shot_eval,P10,test_-_P10_-_cleanDutch_part_1,64,pearson_r,0.03824570151786482,941,eegnet_epoch_4,cross_dataset_transfer_zero_shot_plus_pooled10_target_calibration_v1::cross_dataset_zero_shot_eval
weissbart_tf64,etard_tf64,eegnet,reconstruction,gate0_gate2_cross_dataset_transfer_v1::cross_dataset_zero_shot_eval,0,cross_dataset_zero_shot_eval,P10,test_-_P10_-_cleanDutch_part_2,64,pearson_r,0.07630134599871047,963,eegnet_epoch_4,cross_dataset_transfer_zero_shot_plus_pooled10_target_calibration_v1::cross_dataset_zero_shot_eval
weissbart_tf64,etard_tf64,eegnet,reconstruction,gate0_gate2_cross_dataset_transfer_v1::cross_dataset_zero_shot_eval,0,cross_dataset_zero_shot_eval,P10,test_-_P10_-_cleanDutch_part_3,64,pearson_r,0.14526390889013036,974,eegnet_epoch_4,cross_dataset_transfer_zero_shot_plus_pooled10_target_calibration_v1::cross_dataset_zero_shot_eval
weissbart_tf64,etard_tf64,eegnet,reconstruction,gate0_gate2_cross_dataset_transfer_v1::cross_dataset_zero_shot_eval,0,cross_dataset_zero_shot_eval,P10,test_-_P10_-_cleanDutch_part_4,64,pearson_r,0.08617619822562254,970,eegnet_epoch_4,cross_dataset_transfer_zero_shot_plus_pooled10_target_calibration_v1::cross_dataset_zero_shot_eval
weissbart_tf64,etard_tf64,eegnet,reconstruction,gate0_gate2_cross_dataset_transfer_v1::cross_dataset_zero_shot_eval,0,cross_dataset_zero_shot_eval,P10,test_-_P10_-_clean_part_1,64,pearson_r,0.11545975970083942,940,eegnet_epoch_4,cross_dataset_transfer_zero_shot_plus_pooled10_target_calibration_v1::cross_dataset_zero_shot_eval
weissbart_tf64,etard_tf64,eegnet,reconstruction,gate0_gate2_cross_dataset_transfer_v1::cross_dataset_zero_shot_eval,0,cross_dataset_zero_shot_eval,P10,test_-_P10_-_clean_part_2,64,pearson_r,0.2482595591213029,976,eegnet_epoch_4,cross_dataset_transfer_zero_shot_plus_pooled10_target_calibration_v1::cross_dataset_zero_shot_eval
weissbart_tf64,etard_tf64,eegnet,reconstruction,gate0_gate2_cross_dataset_transfer_v1::cross_dataset_zero_shot_eval,0,cross_dataset_zero_shot_eval,P10,test_-_P10_-_clean_part_3,64,pearson_r,0.19084314929734392,857,eegnet_epoch_4,cross_dataset_transfer_zero_shot_plus_pooled10_target_calibration_v1::cross_dataset_zero_shot_eval
weissbart_tf64,etard_tf64,eegnet,reconstruction,gate0_gate2_cross_dataset_transfer_v1::cross_dataset_zero_shot_eval,0,cross_dataset_zero_shot_eval,P10,test_-_P10_-_clean_part_4,64,pearson_r,0.23992373655607807,938,eegnet_epoch_4,cross_dataset_transfer_zero_shot_plus_pooled10_target_calibration_v1::cross_dataset_zero_shot_eval
weissbart_tf64,etard_tf64,eegnet,reconstruction,gate0_gate2_cross_dataset_transfer_v1::cross_dataset_zero_shot_eval,0,cross_dataset_zero_shot_eval,P10,test_-_P10_-_fM_part_1,64,pearson_r,0.1165464216322261,852,eegnet_epoch_4,cross_dataset_transfer_zero_shot_plus_pooled10_target_calibration_v1::cross_dataset_zero_shot_eval
weissbart_tf64,etard_tf64,eegnet,reconstruction,gate0_gate2_cross_dataset_transfer_v1::cross_dataset_zero_shot_eval,0,cross_dataset_zero_shot_eval,P10,test_-_P10_-_fM_part_2,64,pearson_r,0.20778394377834647,813,eegnet_epoch_4,cross_dataset_transfer_zero_shot_plus_pooled10_target_calibration_v1::cross_dataset_zero_shot_eval
weissbart_tf64,etard_tf64,eegnet,reconstruction,gate0_gate2_cross_dataset_transfer_v1::cross_dataset_zero_shot_eval,0,cross_dataset_zero_shot_eval,P10,test_-_P10_-_fM_part_3,64,pearson_r,0.07669386731652977,869,eegnet_epoch_4,cross_dataset_transfer_zero_shot_plus_pooled10_target_calibration_v1::cross_dataset_zero_shot_eval
weissbart_tf64,etard_tf64,eegnet,reconstruction,gate0_gate2_cross_dataset_transfer_v1::cross_dataset_zero_shot_eval,0,cross_dataset_zero_shot_eval,P10,test_-_P10_-_fM_part_4,64,pearson_r,0.3331356213851945,953,eegnet_epoch_4,cross_dataset_transfer_zero_shot_plus_pooled10_target_calibration_v1::cross_dataset_zero_shot_eval
weissbart_tf64,etard_tf64,eegnet,reconstruction,gate0_gate2_cross_dataset_transfer_v1::cross_dataset_zero_shot_eval,0,cross_dataset_zero_shot_eval,P10,test_-_P10_-_fW_part_1,64,pearson_r,0.20415748740357845,843,eegnet_epoch_4,cross_dataset_transfer_zero_shot_plus_pooled10_target_calibration_v1::cross_dataset_zero_shot_eval
weissbart_tf64,etard_tf64,eegnet,reconstruction,gate0_gate2_cross_dataset_transfer_v1::cross_dataset_zero_shot_eval,0,cross_dataset_zero_shot_eval,P10,test_-_P10_-_fW_part_2,64,pearson_r,0.09252124925821459,870,eegnet_epoch_4,cross_dataset_transfer_zero_shot_plus_pooled10_target_calibration_v1::cross_dataset_zero_shot_eval
weissbart_tf64,etard_tf64,eegnet,reconstruction,gate0_gate2_cross_dataset_transfer_v1::cross_dataset_zero_shot_eval,0,cross_dataset_zero_shot_eval,P10,test_-_P10_-_fW_part_3,64,pearson_r,0.0775608166677502,974,eegnet_epoch_4,cross_dataset_transfer_zero_shot_plus_pooled10_target_calibration_v1::cross_dataset_zero_shot_eval
weissbart_tf64,etard_tf64,eegnet,reconstruction,gate0_gate2_cross_dataset_transfer_v1::cross_dataset_zero_shot_eval,0,cross_dataset_zero_shot_eval,P10,test_-_P10_-_fW_part_4,64,pearson_r,0.22646592824054826,1047,eegnet_epoch_4,cross_dataset_transfer_zero_shot_plus_pooled10_target_calibration_v1::cross_dataset_zero_shot_eval
weissbart_tf64,etard_tf64,eegnet,reconstruction,gate0_gate2_cross_dataset_transfer_v1::cross_dataset_zero_shot_eval,0,cross_dataset_zero_shot_eval,P10,test_-_P10_-_hbDutch_part_1,64,pearson_r,0.053591231622225496,984,eegnet_epoch_4,cross_dataset_transfer_zero_shot_plus_pooled10_target_calibration_v1::cross_dataset_zero_shot_eval
weissbart_tf64,etard_tf64,eegnet,reconstruction,gate0_gate2_cross_dataset_transfer_v1::cross_dataset_zero_shot_eval,0,cross_dataset_zero_shot_eval,P10,test_-_P10_-_hbDutch_part_2,64,pearson_r,0.1473788136062728,998,eegnet_epoch_4,cross_dataset_transfer_zero_shot_plus_pooled10_target_calibration_v1::cross_dataset_zero_shot_eval
weissbart_tf64,etard_tf64,eegnet,reconstruction,gate0_gate2_cross_dataset_transfer_v1::cross_dataset_zero_shot_eval,0,cross_dataset_zero_shot_eval,P10,test_-_P10_-_hbDutch_part_3,64,pearson_r,-0.05143097984077658,1017,eegnet_epoch_4,cross_dataset_transfer_zero_shot_plus_pooled10_target_calibration_v1::cross_dataset_zero_shot_eval
weissbart_tf64,etard_tf64,eegnet,reconstruction,gate0_gate2_cross_dataset_transfer_v1::cross_dataset_zero_shot_eval,0,cross_dataset_zero_shot_eval,P10,test_-_P10_-_hbDutch_part_4,64,pearson_r,0.1360701675084751,1001,eegnet_epoch_4,cross_dataset_transfer_zero_shot_plus_pooled10_target_calibration_v1::cross_dataset_zero_shot_eval
weissbart_tf64,etard_tf64,eegnet,reconstruction,gate0_gate2_cross_dataset_transfer_v1::cross_dataset_zero_shot_eval,0,cross_dataset_zero_shot_eval,P10,test_-_P10_-_hb_part_1,64,pearson_r,0.18713297630655296,1137,eegnet_epoch_4,cross_dataset_transfer_zero_shot_plus_pooled10_target_calibration_v1::cross_dataset_zero_shot_eval
weissbart_tf64,etard_tf64,eegnet,reconstruction,gate0_gate2_cross_dataset_transfer_v1::cross_dataset_zero_shot_eval,0,cross_dataset_zero_shot_eval,P10,test_-_P10_-_hb_part_2,64,pearson_r,0.07636135365204058,1074,eegnet_epoch_4,cross_dataset_transfer_zero_shot_plus_pooled10_target_calibration_v1::cross_dataset_zero_shot_eval
weissbart_tf64,etard_tf64,eegnet,reconstruction,gate0_gate2_cross_dataset_transfer_v1::cross_dataset_zero_shot_eval,0,cross_dataset_zero_shot_eval,P10,test_-_P10_-_hb_part_3,64,pearson_r,0.07916206894443449,1157,eegnet_epoch_4,cross_dataset_transfer_zero_shot_plus_pooled10_target_calibration_v1::cross_dataset_zero_shot_eval
weissbart_tf64,etard_tf64,eegnet,reconstruction,gate0_gate2_cross_dataset_transfer_v1::cross_dataset_zero_shot_eval,0,cross_dataset_zero_shot_eval,P10,test_-_P10_-_hb_part_4,64,pearson_r,0.038434534553235464,1080,eegnet_epoch_4,cross_dataset_transfer_zero_shot_plus_pooled10_target_calibration_v1::cross_dataset_zero_shot_eval
weissbart_tf64,etard_tf64,eegnet,reconstruction,gate0_gate2_cross_dataset_transfer_v1::cross_dataset_zero_shot_eval,0,cross_dataset_zero_shot_eval,P10,test_-_P10_-_lbDutch_part_1,64,pearson_r,0.044101594350879306,1001,eegnet_epoch_4,cross_dataset_transfer_zero_shot_plus_pooled10_target_calibration_v1::cross_dataset_zero_shot_eval
weissbart_tf64,etard_tf64,eegnet,reconstruction,gate0_gate2_cross_dataset_transfer_v1::cross_dataset_zero_shot_eval,0,cross_dataset_zero_shot_eval,P10,test_-_P10_-_lbDutch_part_2,64,pearson_r,-0.03253183581890302,1026,eegnet_epoch_4,cross_dataset_transfer_zero_shot_plus_pooled10_target_calibration_v1::cross_dataset_zero_shot_eval
weissbart_tf64,etard_tf64,eegnet,reconstruction,gate0_gate2_cross_dataset_transfer_v1::cross_dataset_zero_shot_eval,0,cross_dataset_zero_shot_eval,P10,test_-_P10_-_lbDutch_part_3,64,pearson_r,-0.026337178101354858,991,eegnet_epoch_4,cross_dataset_transfer_zero_shot_plus_pooled10_target_calibration_v1::cross_dataset_zero_shot_eval
weissbart_tf64,etard_tf64,eegnet,reconstruction,gate0_gate2_cross_dataset_transfer_v1::cross_dataset_zero_shot_eval,0,cross_dataset_zero_shot_eval,P10,test_-_P10_-_lbDutch_part_4,64,pearson_r,0.06209807947633423,1011,eegnet_epoch_4,cross_dataset_transfer_zero_shot_plus_pooled10_target_calibration_v1::cross_dataset_zero_shot_eval
weissbart_tf64,etard_tf64,eegnet,reconstruction,gate0_gate2_cross_dataset_transfer_v1::cross_dataset_zero_shot_eval,0,cross_dataset_zero_shot_eval,P10,test_-_P10_-_lb_part_1,64,pearson_r,0.03565598527927199,1396,eegnet_epoch_4,cross_dataset_transfer_zero_shot_plus_pooled10_target_calibration_v1::cross_dataset_zero_shot_eval
weissbart_tf64,etard_tf64,eegnet,reconstruction,gate0_gate2_cross_dataset_transfer_v1::cross_dataset_zero_shot_eval,0,cross_dataset_zero_shot_eval,P10,test_-_P10_-_lb_part_2,64,pearson_r,0.009527951425542313,1433,eegnet_epoch_4,cross_dataset_transfer_zero_shot_plus_pooled10_target_calibration_v1::cross_dataset_zero_shot_eval
weissbart_tf64,etard_tf64,eegnet,reconstruction,gate0_gate2_cross_dataset_transfer_v1::cross_dataset_zero_shot_eval,0,cross_dataset_zero_shot_eval,P10,test_-_P10_-_lb_part_3,64,pearson_r,0.09939297180357676,1365,eegnet_epoch_4,cross_dataset_transfer_zero_shot_plus_pooled10_target_calibration_v1::cross_dataset_zero_shot_eval
weissbart_tf64,etard_tf64,eegnet,reconstruction,gate0_gate2_cross_dataset_transfer_v1::cross_dataset_zero_shot_eval,0,cross_dataset_zero_shot_eval,P10,test_-_P10_-_lb_part_4,64,pearson_r,-0.046163259444465,1501,eegnet_epoch_4,cross_dataset_transfer_zero_shot_plus_pooled10_target_calibration_v1::cross_dataset_zero_shot_eval
weissbart_tf64,etard_tf64,eegnet,reconstruction,gate0_gate2_cross_dataset_transfer_v1::cross_dataset_zero_shot_eval,0,cross_dataset_zero_shot_eval,P10,test_-_P10_-_mbDutch_part_1,64,pearson_r,0.08024339266913473,1021,eegnet_epoch_4,cross_dataset_transfer_zero_shot_plus_pooled10_target_calibration_v1::cross_dataset_zero_shot_eval
weissbart_tf64,etard_tf64,eegnet,reconstruction,gate0_gate2_cross_dataset_transfer_v1::cross_dataset_zero_shot_eval,0,cross_dataset_zero_shot_eval,P10,test_-_P10_-_mbDutch_part_2,64,pearson_r,0.08710376903609623,981,eegnet_epoch_4,cross_dataset_transfer_zero_shot_plus_pooled10_target_calibration_v1::cross_dataset_zero_shot_eval
weissbart_tf64,etard_tf64,eegnet,reconstruction,gate0_gate2_cross_dataset_transfer_v1::cross_dataset_zero_shot_eval,0,cross_dataset_zero_shot_eval,P10,test_-_P10_-_mbDutch_part_3,64,pearson_r,0.14382617853251103,995,eegnet_epoch_4,cross_dataset_transfer_zero_shot_plus_pooled10_target_calibration_v1::cross_dataset_zero_shot_eval
weissbart_tf64,etard_tf64,eegnet,reconstruction,gate0_gate2_cross_dataset_transfer_v1::cross_dataset_zero_shot_eval,0,cross_dataset_zero_shot_eval,P10,test_-_P10_-_mbDutch_part_4,64,pearson_r,-0.014559058530646117,1000,eegnet_epoch_4,cross_dataset_transfer_zero_shot_plus_pooled10_target_calibration_v1::cross_dataset_zero_shot_eval
weissbart_tf64,etard_tf64,eegnet,reconstruction,gate0_gate2_cross_dataset_transfer_v1::cross_dataset_zero_shot_eval,0,cross_dataset_zero_shot_eval,P10,test_-_P10_-_mb_part_1,64,pearson_r,0.008448304686391675,945,eegnet_epoch_4,cross_dataset_transfer_zero_shot_plus_pooled10_target_calibration_v1::cross_dataset_zero_shot_eval
weissbart_tf64,etard_tf64,eegnet,reconstruction,gate0_gate2_cross_dataset_transfer_v1::cross_dataset_zero_shot_eval,0,cross_dataset_zero_shot_eval,P10,test_-_P10_-_mb_part_2,64,pearson_r,-0.16882645369314103,994,eegnet_epoch_4,cross_dataset_transfer_zero_shot_plus_pooled10_target_calibration_v1::cross_dataset_zero_shot_eval
weissbart_tf64,etard_tf64,eegnet,reconstruction,gate0_gate2_cross_dataset_transfer_v1::cross_dataset_zero_shot_eval,0,cross_dataset_zero_shot_eval,P10,test_-_P10_-_mb_part_3,64,pearson_r,0.033901424439121364,995,eegnet_epoch_4,cross_dataset_transfer_zero_shot_plus_pooled10_target_calibration_v1::cross_dataset_zero_shot_eval
weissbart_tf64,etard_tf64,eegnet,reconstruction,gate0_gate2_cross_dataset_transfer_v1::cross_dataset_zero_shot_eval,0,cross_dataset_zero_shot_eval,P10,test_-_P10_-_mb_part_4,64,pearson_r,-0.038608096968911605,1034,eegnet_epoch_4,cross_dataset_transfer_zero_shot_plus_pooled10_target_calibration_v1::cross_dataset_zero_shot_eval
weissbart_tf64,etard_tf64,eegnet,reconstruction,gate0_gate2_cross_dataset_transfer_v1::cross_dataset_zero_shot_eval,0,cross_dataset_zero_shot_eval,P16,test_-_P16_-_cleanDutch_part_1,64,pearson_r,0.07609017568401097,941,eegnet_epoch_4,cross_dataset_transfer_zero_shot_plus_pooled10_target_calibration_v1::cross_dataset_zero_shot_eval
weissbart_tf64,etard_tf64,eegnet,reconstruction,gate0_gate2_cross_dataset_transfer_v1::cross_dataset_zero_shot_eval,0,cross_dataset_zero_shot_eval,P16,test_-_P16_-_cleanDutch_part_2,64,pearson_r,0.060565148165813494,963,eegnet_epoch_4,cross_dataset_transfer_zero_shot_plus_pooled10_target_calibration_v1::cross_dataset_zero_shot_eval
weissbart_tf64,etard_tf64,eegnet,reconstruction,gate0_gate2_cross_dataset_transfer_v1::cross_dataset_zero_shot_eval,0,cross_dataset_zero_shot_eval,P16,test_-_P16_-_cleanDutch_part_3,64,pearson_r,0.11040351027069993,974,eegnet_epoch_4,cross_dataset_transfer_zero_shot_plus_pooled10_target_calibration_v1::cross_dataset_zero_shot_eval
weissbart_tf64,etard_tf64,eegnet,reconstruction,gate0_gate2_cross_dataset_transfer_v1::cross_dataset_zero_shot_eval,0,cross_dataset_zero_shot_eval,P16,test_-_P16_-_cleanDutch_part_4,64,pearson_r,0.0810634133477577,970,eegnet_epoch_4,cross_dataset_transfer_zero_shot_plus_pooled10_target_calibration_v1::cross_dataset_zero_shot_eval
weissbart_tf64,etard_tf64,eegnet,reconstruction,gate0_gate2_cross_dataset_transfer_v1::cross_dataset_zero_shot_eval,0,cross_dataset_zero_shot_eval,P16,test_-_P16_-_clean_part_1,64,pearson_r,0.14985561181249005,940,eegnet_epoch_4,cross_dataset_transfer_zero_shot_plus_pooled10_target_calibration_v1::cross_dataset_zero_shot_eval
weissbart_tf64,etard_tf64,eegnet,reconstruction,gate0_gate2_cross_dataset_transfer_v1::cross_dataset_zero_shot_eval,0,cross_dataset_zero_shot_eval,P16,test_-_P16_-_clean_part_2,64,pearson_r,0.18423791332119288,976,eegnet_epoch_4,cross_dataset_transfer_zero_shot_plus_pooled10_target_calibration_v1::cross_dataset_zero_shot_eval
weissbart_tf64,etard_tf64,eegnet,reconstruction,gate0_gate2_cross_dataset_transfer_v1::cross_dataset_zero_shot_eval,0,cross_dataset_zero_shot_eval,P16,test_-_P16_-_clean_part_3,64,pearson_r,0.16999290274466228,857,eegnet_epoch_4,cross_dataset_transfer_zero_shot_plus_pooled10_target_calibration_v1::cross_dataset_zero_shot_eval
weissbart_tf64,etard_tf64,eegnet,reconstruction,gate0_gate2_cross_dataset_transfer_v1::cross_dataset_zero_shot_eval,0,cross_dataset_zero_shot_eval,P16,test_-_P16_-_clean_part_4,64,pearson_r,0.2014965565387622,938,eegnet_epoch_4,cross_dataset_transfer_zero_shot_plus_pooled10_target_calibration_v1::cross_dataset_zero_shot_eval
weissbart_tf64,etard_tf64,eegnet,reconstruction,gate0_gate2_cross_dataset_transfer_v1::cross_dataset_zero_shot_eval,0,cross_dataset_zero_shot_eval,P16,test_-_P16_-_fM_part_1,64,pearson_r,0.10462141207943922,852,eegnet_epoch_4,cross_dataset_transfer_zero_shot_plus_pooled10_target_calibration_v1::cross_dataset_zero_shot_eval
weissbart_tf64,etard_tf64,eegnet,reconstruction,gate0_gate2_cross_dataset_transfer_v1::cross_dataset_zero_shot_eval,0,cross_dataset_zero_shot_eval,P16,test_-_P16_-_fM_part_2,64,pearson_r,0.32658699704525784,813,eegnet_epoch_4,cross_dataset_transfer_zero_shot_plus_pooled10_target_calibration_v1::cross_dataset_zero_shot_eval
weissbart_tf64,etard_tf64,eegnet,reconstruction,gate0_gate2_cross_dataset_transfer_v1::cross_dataset_zero_shot_eval,0,cross_dataset_zero_shot_eval,P16,test_-_P16_-_fM_part_3,64,pearson_r,0.12305163432171577,869,eegnet_epoch_4,cross_dataset_transfer_zero_shot_plus_pooled10_target_calibration_v1::cross_dataset_zero_shot_eval
weissbart_tf64,etard_tf64,eegnet,reconstruction,gate0_gate2_cross_dataset_transfer_v1::cross_dataset_zero_shot_eval,0,cross_dataset_zero_shot_eval,P16,test_-_P16_-_fM_part_4,64,pearson_r,0.18168614166374436,953,eegnet_epoch_4,cross_dataset_transfer_zero_shot_plus_pooled10_target_calibration_v1::cross_dataset_zero_shot_eval
weissbart_tf64,etard_tf64,eegnet,reconstruction,gate0_gate2_cross_dataset_transfer_v1::cross_dataset_zero_shot_eval,0,cross_dataset_zero_shot_eval,P16,test_-_P16_-_fW_part_1,64,pearson_r,0.15568894650013637,843,eegnet_epoch_4,cross_dataset_transfer_zero_shot_plus_pooled10_target_calibration_v1::cross_dataset_zero_shot_eval
weissbart_tf64,etard_tf64,eegnet,reconstruction,gate0_gate2_cross_dataset_transfer_v1::cross_dataset_zero_shot_eval,0,cross_dataset_zero_shot_eval,P16,test_-_P16_-_fW_part_2,64,pearson_r,0.15852831708456083,870,eegnet_epoch_4,cross_dataset_transfer_zero_shot_plus_pooled10_target_calibration_v1::cross_dataset_zero_shot_eval
weissbart_tf64,etard_tf64,eegnet,reconstruction,gate0_gate2_cross_dataset_transfer_v1::cross_dataset_zero_shot_eval,0,cross_dataset_zero_shot_eval,P16,test_-_P16_-_fW_part_3,64,pearson_r,0.0020191123500237973,974,eegnet_epoch_4,cross_dataset_transfer_zero_shot_plus_pooled10_target_calibration_v1::cross_dataset_zero_shot_eval
weissbart_tf64,etard_tf64,eegnet,reconstruction,gate0_gate2_cross_dataset_transfer_v1::cross_dataset_zero_shot_eval,0,cross_dataset_zero_shot_eval,P16,test_-_P16_-_fW_part_4,64,pearson_r,0.05677138917353971,1047,eegnet_epoch_4,cross_dataset_transfer_zero_shot_plus_pooled10_target_calibration_v1::cross_dataset_zero_shot_eval
weissbart_tf64,etard_tf64,eegnet,reconstruction,gate0_gate2_cross_dataset_transfer_v1::cross_dataset_zero_shot_eval,0,cross_dataset_zero_shot_eval,P16,test_-_P16_-_hbDutch_part_1,64,pearson_r,0.08760768822272033,984,eegnet_epoch_4,cross_dataset_transfer_zero_shot_plus_pooled10_target_calibration_v1::cross_dataset_zero_shot_eval
weissbart_tf64,etard_tf64,eegnet,reconstruction,gate0_gate2_cross_dataset_transfer_v1::cross_dataset_zero_shot_eval,0,cross_dataset_zero_shot_eval,P16,test_-_P16_-_hbDutch_part_2,64,pearson_r,0.049394841315019304,998,eegnet_epoch_4,cross_dataset_transfer_zero_shot_plus_pooled10_target_calibration_v1::cross_dataset_zero_shot_eval
weissbart_tf64,etard_tf64,eegnet,reconstruction,gate0_gate2_cross_dataset_transfer_v1::cross_dataset_zero_shot_eval,0,cross_dataset_zero_shot_eval,P16,test_-_P16_-_hbDutch_part_3,64,pearson_r,0.17553467637566636,1017,eegnet_epoch_4,cross_dataset_transfer_zero_shot_plus_pooled10_target_calibration_v1::cross_dataset_zero_shot_eval
weissbart_tf64,etard_tf64,eegnet,reconstruction,gate0_gate2_cross_dataset_transfer_v1::cross_dataset_zero_shot_eval,0,cross_dataset_zero_shot_eval,P16,test_-_P16_-_hbDutch_part_4,64,pearson_r,-0.04349720263503206,1001,eegnet_epoch_4,cross_dataset_transfer_zero_shot_plus_pooled10_target_calibration_v1::cross_dataset_zero_shot_eval
weissbart_tf64,etard_tf64,eegnet,reconstruction,gate0_gate2_cross_dataset_transfer_v1::cross_dataset_zero_shot_eval,0,cross_dataset_zero_shot_eval,P16,test_-_P16_-_hb_part_1,64,pearson_r,-0.057043596186794956,1137,eegnet_epoch_4,cross_dataset_transfer_zero_shot_plus_pooled10_target_calibration_v1::cross_dataset_zero_shot_eval
weissbart_tf64,etard_tf64,eegnet,reconstruction,gate0_gate2_cross_dataset_transfer_v1::cross_dataset_zero_shot_eval,0,cross_dataset_zero_shot_eval,P16,test_-_P16_-_hb_part_2,64,pearson_r,0.03371970553172383,1074,eegnet_epoch_4,cross_dataset_transfer_zero_shot_plus_pooled10_target_calibration_v1::cross_dataset_zero_shot_eval
weissbart_tf64,etard_tf64,eegnet,reconstruction,gate0_gate2_cross_dataset_transfer_v1::cross_dataset_zero_shot_eval,0,cross_dataset_zero_shot_eval,P16,test_-_P16_-_hb_part_3,64,pearson_r,0.07277057272609061,1157,eegnet_epoch_4,cross_dataset_transfer_zero_shot_plus_pooled10_target_calibration_v1::cross_dataset_zero_shot_eval
weissbart_tf64,etard_tf64,eegnet,reconstruction,gate0_gate2_cross_dataset_transfer_v1::cross_dataset_zero_shot_eval,0,cross_dataset_zero_shot_eval,P16,test_-_P16_-_hb_part_4,64,pearson_r,0.07320751991066461,1080,eegnet_epoch_4,cross_dataset_transfer_zero_shot_plus_pooled10_target_calibration_v1::cross_dataset_zero_shot_eval
weissbart_tf64,etard_tf64,eegnet,reconstruction,gate0_gate2_cross_dataset_transfer_v1::cross_dataset_zero_shot_eval,0,cross_dataset_zero_shot_eval,P16,test_-_P16_-_lbDutch_part_1,64,pearson_r,0.06038942088852842,1001,eegnet_epoch_4,cross_dataset_transfer_zero_shot_plus_pooled10_target_calibration_v1::cross_dataset_zero_shot_eval
weissbart_tf64,etard_tf64,eegnet,reconstruction,gate0_gate2_cross_dataset_transfer_v1::cross_dataset_zero_shot_eval,0,cross_dataset_zero_shot_eval,P16,test_-_P16_-_lbDutch_part_2,64,pearson_r,0.030244829820064732,1026,eegnet_epoch_4,cross_dataset_transfer_zero_shot_plus_pooled10_target_calibration_v1::cross_dataset_zero_shot_eval
weissbart_tf64,etard_tf64,eegnet,reconstruction,gate0_gate2_cross_dataset_transfer_v1::cross_dataset_zero_shot_eval,0,cross_dataset_zero_shot_eval,P16,test_-_P16_-_lbDutch_part_3,64,pearson_r,-0.0020989837179820467,991,eegnet_epoch_4,cross_dataset_transfer_zero_shot_plus_pooled10_target_calibration_v1::cross_dataset_zero_shot_eval
weissbart_tf64,etard_tf64,eegnet,reconstruction,gate0_gate2_cross_dataset_transfer_v1::cross_dataset_zero_shot_eval,0,cross_dataset_zero_shot_eval,P16,test_-_P16_-_lbDutch_part_4,64,pearson_r,-0.0032785860618830837,1011,eegnet_epoch_4,cross_dataset_transfer_zero_shot_plus_pooled10_target_calibration_v1::cross_dataset_zero_shot_eval
weissbart_tf64,etard_tf64,eegnet,reconstruction,gate0_gate2_cross_dataset_transfer_v1::cross_dataset_zero_shot_eval,0,cross_dataset_zero_shot_eval,P16,test_-_P16_-_lb_part_1,64,pearson_r,0.07588782937957546,1396,eegnet_epoch_4,cross_dataset_transfer_zero_shot_plus_pooled10_target_calibration_v1::cross_dataset_zero_shot_eval
weissbart_tf64,etard_tf64,eegnet,reconstruction,gate0_gate2_cross_dataset_transfer_v1::cross_dataset_zero_shot_eval,0,cross_dataset_zero_shot_eval,P16,test_-_P16_-_lb_part_2,64,pearson_r,0.08943135646246794,1433,eegnet_epoch_4,cross_dataset_transfer_zero_shot_plus_pooled10_target_calibration_v1::cross_dataset_zero_shot_eval
weissbart_tf64,etard_tf64,eegnet,reconstruction,gate0_gate2_cross_dataset_transfer_v1::cross_dataset_zero_shot_eval,0,cross_dataset_zero_shot_eval,P16,test_-_P16_-_lb_part_3,64,pearson_r,0.027455629416338025,1365,eegnet_epoch_4,cross_dataset_transfer_zero_shot_plus_pooled10_target_calibration_v1::cross_dataset_zero_shot_eval
weissbart_tf64,etard_tf64,eegnet,reconstruction,gate0_gate2_cross_dataset_transfer_v1::cross_dataset_zero_shot_eval,0,cross_dataset_zero_shot_eval,P16,test_-_P16_-_lb_part_4,64,pearson_r,0.07461004951333665,1501,eegnet_epoch_4,cross_dataset_transfer_zero_shot_plus_pooled10_target_calibration_v1::cross_dataset_zero_shot_eval
weissbart_tf64,etard_tf64,eegnet,reconstruction,gate0_gate2_cross_dataset_transfer_v1::cross_dataset_zero_shot_eval,0,cross_dataset_zero_shot_eval,P16,test_-_P16_-_mbDutch_part_1,64,pearson_r,0.08337003314241577,1021,eegnet_epoch_4,cross_dataset_transfer_zero_shot_plus_pooled10_target_calibration_v1::cross_dataset_zero_shot_eval
weissbart_tf64,etard_tf64,eegnet,reconstruction,gate0_gate2_cross_dataset_transfer_v1::cross_dataset_zero_shot_eval,0,cross_dataset_zero_shot_eval,P16,test_-_P16_-_mbDutch_part_2,64,pearson_r,-0.06416435034555905,981,eegnet_epoch_4,cross_dataset_transfer_zero_shot_plus_pooled10_target_calibration_v1::cross_dataset_zero_shot_eval
weissbart_tf64,etard_tf64,eegnet,reconstruction,gate0_gate2_cross_dataset_transfer_v1::cross_dataset_zero_shot_eval,0,cross_dataset_zero_shot_eval,P16,test_-_P16_-_mbDutch_part_3,64,pearson_r,-0.018571596764765923,995,eegnet_epoch_4,cross_dataset_transfer_zero_shot_plus_pooled10_target_calibration_v1::cross_dataset_zero_shot_eval
weissbart_tf64,etard_tf64,eegnet,reconstruction,gate0_gate2_cross_dataset_transfer_v1::cross_dataset_zero_shot_eval,0,cross_dataset_zero_shot_eval,P16,test_-_P16_-_mbDutch_part_4,64,pearson_r,-0.01764069829611236,1000,eegnet_epoch_4,cross_dataset_transfer_zero_shot_plus_pooled10_target_calibration_v1::cross_dataset_zero_shot_eval
weissbart_tf64,etard_tf64,eegnet,reconstruction,gate0_gate2_cross_dataset_transfer_v1::cross_dataset_zero_shot_eval,0,cross_dataset_zero_shot_eval,P16,test_-_P16_-_mb_part_1,64,pearson_r,0.08008970051038514,945,eegnet_epoch_4,cross_dataset_transfer_zero_shot_plus_pooled10_target_calibration_v1::cross_dataset_zero_shot_eval
weissbart_tf64,etard_tf64,eegnet,reconstruction,gate0_gate2_cross_dataset_transfer_v1::cross_dataset_zero_shot_eval,0,cross_dataset_zero_shot_eval,P16,test_-_P16_-_mb_part_2,64,pearson_r,0.05748575486133728,994,eegnet_epoch_4,cross_dataset_transfer_zero_shot_plus_pooled10_target_calibration_v1::cross_dataset_zero_shot_eval
weissbart_tf64,etard_tf64,eegnet,reconstruction,gate0_gate2_cross_dataset_transfer_v1::cross_dataset_zero_shot_eval,0,cross_dataset_zero_shot_eval,P16,test_-_P16_-_mb_part_3,64,pearson_r,0.02395995378993012,995,eegnet_epoch_4,cross_dataset_transfer_zero_shot_plus_pooled10_target_calibration_v1::cross_dataset_zero_shot_eval
weissbart_tf64,etard_tf64,eegnet,reconstruction,gate0_gate2_cross_dataset_transfer_v1::cross_dataset_zero_shot_eval,0,cross_dataset_zero_shot_eval,P16,test_-_P16_-_mb_part_4,64,pearson_r,-0.06080326962227067,1034,eegnet_epoch_4,cross_dataset_transfer_zero_shot_plus_pooled10_target_calibration_v1::cross_dataset_zero_shot_eval
weissbart_tf64,etard_tf64,eegnet,reconstruction,gate0_gate2_cross_dataset_transfer_v1::cross_dataset_zero_shot_eval,0,cross_dataset_zero_shot_eval,P17,test_-_P17_-_cleanDutch_part_1,64,pearson_r,0.0526642796926745,941,eegnet_epoch_4,cross_dataset_transfer_zero_shot_plus_pooled10_target_calibration_v1::cross_dataset_zero_shot_eval
weissbart_tf64,etard_tf64,eegnet,reconstruction,gate0_gate2_cross_dataset_transfer_v1::cross_dataset_zero_shot_eval,0,cross_dataset_zero_shot_eval,P17,test_-_P17_-_cleanDutch_part_2,64,pearson_r,0.0324518666145478,963,eegnet_epoch_4,cross_dataset_transfer_zero_shot_plus_pooled10_target_calibration_v1::cross_dataset_zero_shot_eval
weissbart_tf64,etard_tf64,eegnet,reconstruction,gate0_gate2_cross_dataset_transfer_v1::cross_dataset_zero_shot_eval,0,cross_dataset_zero_shot_eval,P17,test_-_P17_-_cleanDutch_part_3,64,pearson_r,0.2870059031294635,974,eegnet_epoch_4,cross_dataset_transfer_zero_shot_plus_pooled10_target_calibration_v1::cross_dataset_zero_shot_eval
weissbart_tf64,etard_tf64,eegnet,reconstruction,gate0_gate2_cross_dataset_transfer_v1::cross_dataset_zero_shot_eval,0,cross_dataset_zero_shot_eval,P17,test_-_P17_-_cleanDutch_part_4,64,pearson_r,-0.007745631986840646,970,eegnet_epoch_4,cross_dataset_transfer_zero_shot_plus_pooled10_target_calibration_v1::cross_dataset_zero_shot_eval
weissbart_tf64,etard_tf64,eegnet,reconstruction,gate0_gate2_cross_dataset_transfer_v1::cross_dataset_zero_shot_eval,0,cross_dataset_zero_shot_eval,P17,test_-_P17_-_clean_part_1,64,pearson_r,0.0149831008840007,940,eegnet_epoch_4,cross_dataset_transfer_zero_shot_plus_pooled10_target_calibration_v1::cross_dataset_zero_shot_eval
weissbart_tf64,etard_tf64,eegnet,reconstruction,gate0_gate2_cross_dataset_transfer_v1::cross_dataset_zero_shot_eval,0,cross_dataset_zero_shot_eval,P17,test_-_P17_-_clean_part_2,64,pearson_r,0.17700549064493737,976,eegnet_epoch_4,cross_dataset_transfer_zero_shot_plus_pooled10_target_calibration_v1::cross_dataset_zero_shot_eval
weissbart_tf64,etard_tf64,eegnet,reconstruction,gate0_gate2_cross_dataset_transfer_v1::cross_dataset_zero_shot_eval,0,cross_dataset_zero_shot_eval,P17,test_-_P17_-_clean_part_3,64,pearson_r,0.18729112885966948,857,eegnet_epoch_4,cross_dataset_transfer_zero_shot_plus_pooled10_target_calibration_v1::cross_dataset_zero_shot_eval
weissbart_tf64,etard_tf64,eegnet,reconstruction,gate0_gate2_cross_dataset_transfer_v1::cross_dataset_zero_shot_eval,0,cross_dataset_zero_shot_eval,P17,test_-_P17_-_clean_part_4,64,pearson_r,0.21036714273008278,938,eegnet_epoch_4,cross_dataset_transfer_zero_shot_plus_pooled10_target_calibration_v1::cross_dataset_zero_shot_eval
weissbart_tf64,etard_tf64,eegnet,reconstruction,gate0_gate2_cross_dataset_transfer_v1::cross_dataset_zero_shot_eval,0,cross_dataset_zero_shot_eval,P17,test_-_P17_-_fM_part_1,64,pearson_r,0.10034487433191866,852,eegnet_epoch_4,cross_dataset_transfer_zero_shot_plus_pooled10_target_calibration_v1::cross_dataset_zero_shot_eval
weissbart_tf64,etard_tf64,eegnet,reconstruction,gate0_gate2_cross_dataset_transfer_v1::cross_dataset_zero_shot_eval,0,cross_dataset_zero_shot_eval,P17,test_-_P17_-_fM_part_2,64,pearson_r,-0.09841294317216419,813,eegnet_epoch_4,cross_dataset_transfer_zero_shot_plus_pooled10_target_calibration_v1::cross_dataset_zero_shot_eval
weissbart_tf64,etard_tf64,eegnet,reconstruction,gate0_gate2_cross_dataset_transfer_v1::cross_dataset_zero_shot_eval,0,cross_dataset_zero_shot_eval,P17,test_-_P17_-_fM_part_3,64,pearson_r,-0.05541349005589558,869,eegnet_epoch_4,cross_dataset_transfer_zero_shot_plus_pooled10_target_calibration_v1::cross_dataset_zero_shot_eval
weissbart_tf64,etard_tf64,eegnet,reconstruction,gate0_gate2_cross_dataset_transfer_v1::cross_dataset_zero_shot_eval,0,cross_dataset_zero_shot_eval,P17,test_-_P17_-_fM_part_4,64,pearson_r,0.2376629549729241,953,eegnet_epoch_4,cross_dataset_transfer_zero_shot_plus_pooled10_target_calibration_v1::cross_dataset_zero_shot_eval
weissbart_tf64,etard_tf64,eegnet,reconstruction,gate0_gate2_cross_dataset_transfer_v1::cross_dataset_zero_shot_eval,0,cross_dataset_zero_shot_eval,P17,test_-_P17_-_fW_part_1,64,pearson_r,-0.013964328523450913,843,eegnet_epoch_4,cross_dataset_transfer_zero_shot_plus_pooled10_target_calibration_v1::cross_dataset_zero_shot_eval
weissbart_tf64,etard_tf64,eegnet,reconstruction,gate0_gate2_cross_dataset_transfer_v1::cross_dataset_zero_shot_eval,0,cross_dataset_zero_shot_eval,P17,test_-_P17_-_fW_part_2,64,pearson_r,0.020587505649579486,870,eegnet_epoch_4,cross_dataset_transfer_zero_shot_plus_pooled10_target_calibration_v1::cross_dataset_zero_shot_eval
weissbart_tf64,etard_tf64,eegnet,reconstruction,gate0_gate2_cross_dataset_transfer_v1::cross_dataset_zero_shot_eval,0,cross_dataset_zero_shot_eval,P17,test_-_P17_-_fW_part_3,64,pearson_r,0.053355211357819655,974,eegnet_epoch_4,cross_dataset_transfer_zero_shot_plus_pooled10_target_calibration_v1::cross_dataset_zero_shot_eval
weissbart_tf64,etard_tf64,eegnet,reconstruction,gate0_gate2_cross_dataset_transfer_v1::cross_dataset_zero_shot_eval,0,cross_dataset_zero_shot_eval,P17,test_-_P17_-_fW_part_4,64,pearson_r,-0.00912995018614642,1047,eegnet_epoch_4,cross_dataset_transfer_zero_shot_plus_pooled10_target_calibration_v1::cross_dataset_zero_shot_eval
weissbart_tf64,etard_tf64,eegnet,reconstruction,gate0_gate2_cross_dataset_transfer_v1::cross_dataset_zero_shot_eval,0,cross_dataset_zero_shot_eval,P17,test_-_P17_-_hbDutch_part_1,64,pearson_r,0.1285854754641589,984,eegnet_epoch_4,cross_dataset_transfer_zero_shot_plus_pooled10_target_calibration_v1::cross_dataset_zero_shot_eval
weissbart_tf64,etard_tf64,eegnet,reconstruction,gate0_gate2_cross_dataset_transfer_v1::cross_dataset_zero_shot_eval,0,cross_dataset_zero_shot_eval,P17,test_-_P17_-_hbDutch_part_2,64,pearson_r,0.05536091914095561,998,eegnet_epoch_4,cross_dataset_transfer_zero_shot_plus_pooled10_target_calibration_v1::cross_dataset_zero_shot_eval
weissbart_tf64,etard_tf64,eegnet,reconstruction,gate0_gate2_cross_dataset_transfer_v1::cross_dataset_zero_shot_eval,0,cross_dataset_zero_shot_eval,P17,test_-_P17_-_hbDutch_part_3,64,pearson_r,0.01527966492789623,1017,eegnet_epoch_4,cross_dataset_transfer_zero_shot_plus_pooled10_target_calibration_v1::cross_dataset_zero_shot_eval
weissbart_tf64,etard_tf64,eegnet,reconstruction,gate0_gate2_cross_dataset_transfer_v1::cross_dataset_zero_shot_eval,0,cross_dataset_zero_shot_eval,P17,test_-_P17_-_hbDutch_part_4,64,pearson_r,0.03385149727244291,1001,eegnet_epoch_4,cross_dataset_transfer_zero_shot_plus_pooled10_target_calibration_v1::cross_dataset_zero_shot_eval
weissbart_tf64,etard_tf64,eegnet,reconstruction,gate0_gate2_cross_dataset_transfer_v1::cross_dataset_zero_shot_eval,0,cross_dataset_zero_shot_eval,P17,test_-_P17_-_hb_part_1,64,pearson_r,0.06710038250462291,1137,eegnet_epoch_4,cross_dataset_transfer_zero_shot_plus_pooled10_target_calibration_v1::cross_dataset_zero_shot_eval
weissbart_tf64,etard_tf64,eegnet,reconstruction,gate0_gate2_cross_dataset_transfer_v1::cross_dataset_zero_shot_eval,0,cross_dataset_zero_shot_eval,P17,test_-_P17_-_hb_part_2,64,pearson_r,-0.05417291798390408,1074,eegnet_epoch_4,cross_dataset_transfer_zero_shot_plus_pooled10_target_calibration_v1::cross_dataset_zero_shot_eval
weissbart_tf64,etard_tf64,eegnet,reconstruction,gate0_gate2_cross_dataset_transfer_v1::cross_dataset_zero_shot_eval,0,cross_dataset_zero_shot_eval,P17,test_-_P17_-_hb_part_3,64,pearson_r,0.06806447321319282,1157,eegnet_epoch_4,cross_dataset_transfer_zero_shot_plus_pooled10_target_calibration_v1::cross_dataset_zero_shot_eval
weissbart_tf64,etard_tf64,eegnet,reconstruction,gate0_gate2_cross_dataset_transfer_v1::cross_dataset_zero_shot_eval,0,cross_dataset_zero_shot_eval,P17,test_-_P17_-_hb_part_4,64,pearson_r,0.11477028792346017,1080,eegnet_epoch_4,cross_dataset_transfer_zero_shot_plus_pooled10_target_calibration_v1::cross_dataset_zero_shot_eval
weissbart_tf64,etard_tf64,eegnet,reconstruction,gate0_gate2_cross_dataset_transfer_v1::cross_dataset_zero_shot_eval,0,cross_dataset_zero_shot_eval,P17,test_-_P17_-_lbDutch_part_1,64,pearson_r,0.011536722084436157,1001,eegnet_epoch_4,cross_dataset_transfer_zero_shot_plus_pooled10_target_calibration_v1::cross_dataset_zero_shot_eval
weissbart_tf64,etard_tf64,eegnet,reconstruction,gate0_gate2_cross_dataset_transfer_v1::cross_dataset_zero_shot_eval,0,cross_dataset_zero_shot_eval,P17,test_-_P17_-_lbDutch_part_2,64,pearson_r,0.20161942455745557,1026,eegnet_epoch_4,cross_dataset_transfer_zero_shot_plus_pooled10_target_calibration_v1::cross_dataset_zero_shot_eval
weissbart_tf64,etard_tf64,eegnet,reconstruction,gate0_gate2_cross_dataset_transfer_v1::cross_dataset_zero_shot_eval,0,cross_dataset_zero_shot_eval,P17,test_-_P17_-_lbDutch_part_3,64,pearson_r,0.11467470139555401,991,eegnet_epoch_4,cross_dataset_transfer_zero_shot_plus_pooled10_target_calibration_v1::cross_dataset_zero_shot_eval
weissbart_tf64,etard_tf64,eegnet,reconstruction,gate0_gate2_cross_dataset_transfer_v1::cross_dataset_zero_shot_eval,0,cross_dataset_zero_shot_eval,P17,test_-_P17_-_lbDutch_part_4,64,pearson_r,0.04817015005392204,1011,eegnet_epoch_4,cross_dataset_transfer_zero_shot_plus_pooled10_target_calibration_v1::cross_dataset_zero_shot_eval
weissbart_tf64,etard_tf64,eegnet,reconstruction,gate0_gate2_cross_dataset_transfer_v1::cross_dataset_zero_shot_eval,0,cross_dataset_zero_shot_eval,P17,test_-_P17_-_lb_part_1,64,pearson_r,0.026493191435864344,1396,eegnet_epoch_4,cross_dataset_transfer_zero_shot_plus_pooled10_target_calibration_v1::cross_dataset_zero_shot_eval
weissbart_tf64,etard_tf64,eegnet,reconstruction,gate0_gate2_cross_dataset_transfer_v1::cross_dataset_zero_shot_eval,0,cross_dataset_zero_shot_eval,P17,test_-_P17_-_lb_part_2,64,pearson_r,-0.039817644805878176,1433,eegnet_epoch_4,cross_dataset_transfer_zero_shot_plus_pooled10_target_calibration_v1::cross_dataset_zero_shot_eval
weissbart_tf64,etard_tf64,eegnet,reconstruction,gate0_gate2_cross_dataset_transfer_v1::cross_dataset_zero_shot_eval,0,cross_dataset_zero_shot_eval,P17,test_-_P17_-_lb_part_3,64,pearson_r,0.09151680912064014,1365,eegnet_epoch_4,cross_dataset_transfer_zero_shot_plus_pooled10_target_calibration_v1::cross_dataset_zero_shot_eval
weissbart_tf64,etard_tf64,eegnet,reconstruction,gate0_gate2_cross_dataset_transfer_v1::cross_dataset_zero_shot_eval,0,cross_dataset_zero_shot_eval,P17,test_-_P17_-_lb_part_4,64,pearson_r,0.12874396229278695,1501,eegnet_epoch_4,cross_dataset_transfer_zero_shot_plus_pooled10_target_calibration_v1::cross_dataset_zero_shot_eval
weissbart_tf64,etard_tf64,eegnet,reconstruction,gate0_gate2_cross_dataset_transfer_v1::cross_dataset_zero_shot_eval,0,cross_dataset_zero_shot_eval,P17,test_-_P17_-_mbDutch_part_1,64,pearson_r,-0.08088145705337106,1021,eegnet_epoch_4,cross_dataset_transfer_zero_shot_plus_pooled10_target_calibration_v1::cross_dataset_zero_shot_eval
weissbart_tf64,etard_tf64,eegnet,reconstruction,gate0_gate2_cross_dataset_transfer_v1::cross_dataset_zero_shot_eval,0,cross_dataset_zero_shot_eval,P17,test_-_P17_-_mbDutch_part_2,64,pearson_r,-0.035301348001281374,981,eegnet_epoch_4,cross_dataset_transfer_zero_shot_plus_pooled10_target_calibration_v1::cross_dataset_zero_shot_eval
weissbart_tf64,etard_tf64,eegnet,reconstruction,gate0_gate2_cross_dataset_transfer_v1::cross_dataset_zero_shot_eval,0,cross_dataset_zero_shot_eval,P17,test_-_P17_-_mbDutch_part_3,64,pearson_r,0.0707290141516523,995,eegnet_epoch_4,cross_dataset_transfer_zero_shot_plus_pooled10_target_calibration_v1::cross_dataset_zero_shot_eval
weissbart_tf64,etard_tf64,eegnet,reconstruction,gate0_gate2_cross_dataset_transfer_v1::cross_dataset_zero_shot_eval,0,cross_dataset_zero_shot_eval,P17,test_-_P17_-_mbDutch_part_4,64,pearson_r,-0.056316651661444235,1000,eegnet_epoch_4,cross_dataset_transfer_zero_shot_plus_pooled10_target_calibration_v1::cross_dataset_zero_shot_eval
weissbart_tf64,etard_tf64,eegnet,reconstruction,gate0_gate2_cross_dataset_transfer_v1::cross_dataset_zero_shot_eval,0,cross_dataset_zero_shot_eval,P17,test_-_P17_-_mb_part_1,64,pearson_r,-0.06017973728414503,945,eegnet_epoch_4,cross_dataset_transfer_zero_shot_plus_pooled10_target_calibration_v1::cross_dataset_zero_shot_eval
weissbart_tf64,etard_tf64,eegnet,reconstruction,gate0_gate2_cross_dataset_transfer_v1::cross_dataset_zero_shot_eval,0,cross_dataset_zero_shot_eval,P17,test_-_P17_-_mb_part_2,64,pearson_r,0.015859739992286414,994,eegnet_epoch_4,cross_dataset_transfer_zero_shot_plus_pooled10_target_calibration_v1::cross_dataset_zero_shot_eval
weissbart_tf64,etard_tf64,eegnet,reconstruction,gate0_gate2_cross_dataset_transfer_v1::cross_dataset_zero_shot_eval,0,cross_dataset_zero_shot_eval,P17,test_-_P17_-_mb_part_3,64,pearson_r,-0.061196214122687984,995,eegnet_epoch_4,cross_dataset_transfer_zero_shot_plus_pooled10_target_calibration_v1::cross_dataset_zero_shot_eval
weissbart_tf64,etard_tf64,eegnet,reconstruction,gate0_gate2_cross_dataset_transfer_v1::cross_dataset_zero_shot_eval,0,cross_dataset_zero_shot_eval,P17,test_-_P17_-_mb_part_4,64,pearson_r,0.14475648553411422,1034,eegnet_epoch_4,cross_dataset_transfer_zero_shot_plus_pooled10_target_calibration_v1::cross_dataset_zero_shot_eval
weissbart_tf64,etard_tf64,eegnet,reconstruction,gate0_gate2_cross_dataset_transfer_v1::pooled10_target_calibration,0,pooled10_target_calibration,P03,test_-_P03_-_clean_part_1,64,pearson_r,-0.04701278661749039,940,eegnet_pooled10_epoch_0,cross_dataset_transfer_zero_shot_plus_pooled10_target_calibration_v1::pooled10_target_calibration
weissbart_tf64,etard_tf64,eegnet,reconstruction,gate0_gate2_cross_dataset_transfer_v1::pooled10_target_calibration,0,pooled10_target_calibration,P03,test_-_P03_-_clean_part_2,64,pearson_r,0.23862894410498775,976,eegnet_pooled10_epoch_0,cross_dataset_transfer_zero_shot_plus_pooled10_target_calibration_v1::pooled10_target_calibration
weissbart_tf64,etard_tf64,eegnet,reconstruction,gate0_gate2_cross_dataset_transfer_v1::pooled10_target_calibration,0,pooled10_target_calibration,P03,test_-_P03_-_clean_part_3,64,pearson_r,0.251851259650939,857,eegnet_pooled10_epoch_0,cross_dataset_transfer_zero_shot_plus_pooled10_target_calibration_v1::pooled10_target_calibration
weissbart_tf64,etard_tf64,eegnet,reconstruction,gate0_gate2_cross_dataset_transfer_v1::pooled10_target_calibration,0,pooled10_target_calibration,P03,test_-_P03_-_clean_part_4,64,pearson_r,0.2427097885451429,938,eegnet_pooled10_epoch_0,cross_dataset_transfer_zero_shot_plus_pooled10_target_calibration_v1::pooled10_target_calibration
weissbart_tf64,etard_tf64,eegnet,reconstruction,gate0_gate2_cross_dataset_transfer_v1::pooled10_target_calibration,0,pooled10_target_calibration,P03,test_-_P03_-_fM_part_1,64,pearson_r,0.09353859360863509,852,eegnet_pooled10_epoch_0,cross_dataset_transfer_zero_shot_plus_pooled10_target_calibration_v1::pooled10_target_calibration
weissbart_tf64,etard_tf64,eegnet,reconstruction,gate0_gate2_cross_dataset_transfer_v1::pooled10_target_calibration,0,pooled10_target_calibration,P03,test_-_P03_-_fM_part_2,64,pearson_r,-0.036962371371291124,813,eegnet_pooled10_epoch_0,cross_dataset_transfer_zero_shot_plus_pooled10_target_calibration_v1::pooled10_target_calibration
weissbart_tf64,etard_tf64,eegnet,reconstruction,gate0_gate2_cross_dataset_transfer_v1::pooled10_target_calibration,0,pooled10_target_calibration,P03,test_-_P03_-_fM_part_3,64,pearson_r,-0.06770550324907626,869,eegnet_pooled10_epoch_0,cross_dataset_transfer_zero_shot_plus_pooled10_target_calibration_v1::pooled10_target_calibration
weissbart_tf64,etard_tf64,eegnet,reconstruction,gate0_gate2_cross_dataset_transfer_v1::pooled10_target_calibration,0,pooled10_target_calibration,P03,test_-_P03_-_fM_part_4,64,pearson_r,0.0989244877172408,953,eegnet_pooled10_epoch_0,cross_dataset_transfer_zero_shot_plus_pooled10_target_calibration_v1::pooled10_target_calibration
weissbart_tf64,etard_tf64,eegnet,reconstruction,gate0_gate2_cross_dataset_transfer_v1::pooled10_target_calibration,0,pooled10_target_calibration,P03,test_-_P03_-_fW_part_1,64,pearson_r,0.06628865185663481,843,eegnet_pooled10_epoch_0,cross_dataset_transfer_zero_shot_plus_pooled10_target_calibration_v1::pooled10_target_calibration
weissbart_tf64,etard_tf64,eegnet,reconstruction,gate0_gate2_cross_dataset_transfer_v1::pooled10_target_calibration,0,pooled10_target_calibration,P03,test_-_P03_-_fW_part_2,64,pearson_r,0.09808380571707488,870,eegnet_pooled10_epoch_0,cross_dataset_transfer_zero_shot_plus_pooled10_target_calibration_v1::pooled10_target_calibration
weissbart_tf64,etard_tf64,eegnet,reconstruction,gate0_gate2_cross_dataset_transfer_v1::pooled10_target_calibration,0,pooled10_target_calibration,P03,test_-_P03_-_fW_part_3,64,pearson_r,0.19121519191405142,974,eegnet_pooled10_epoch_0,cross_dataset_transfer_zero_shot_plus_pooled10_target_calibration_v1::pooled10_target_calibration
weissbart_tf64,etard_tf64,eegnet,reconstruction,gate0_gate2_cross_dataset_transfer_v1::pooled10_target_calibration,0,pooled10_target_calibration,P03,test_-_P03_-_fW_part_4,64,pearson_r,0.2067280951498586,1047,eegnet_pooled10_epoch_0,cross_dataset_transfer_zero_shot_plus_pooled10_target_calibration_v1::pooled10_target_calibration
weissbart_tf64,etard_tf64,eegnet,reconstruction,gate0_gate2_cross_dataset_transfer_v1::pooled10_target_calibration,0,pooled10_target_calibration,P03,test_-_P03_-_hb_part_1,64,pearson_r,-0.00826482069598679,1137,eegnet_pooled10_epoch_0,cross_dataset_transfer_zero_shot_plus_pooled10_target_calibration_v1::pooled10_target_calibration
weissbart_tf64,etard_tf64,eegnet,reconstruction,gate0_gate2_cross_dataset_transfer_v1::pooled10_target_calibration,0,pooled10_target_calibration,P03,test_-_P03_-_hb_part_2,64,pearson_r,0.009111501593338752,1074,eegnet_pooled10_epoch_0,cross_dataset_transfer_zero_shot_plus_pooled10_target_calibration_v1::pooled10_target_calibration
weissbart_tf64,etard_tf64,eegnet,reconstruction,gate0_gate2_cross_dataset_transfer_v1::pooled10_target_calibration,0,pooled10_target_calibration,P03,test_-_P03_-_hb_part_3,64,pearson_r,0.08049315743150758,1157,eegnet_pooled10_epoch_0,cross_dataset_transfer_zero_shot_plus_pooled10_target_calibration_v1::pooled10_target_calibration
weissbart_tf64,etard_tf64,eegnet,reconstruction,gate0_gate2_cross_dataset_transfer_v1::pooled10_target_calibration,0,pooled10_target_calibration,P03,test_-_P03_-_hb_part_4,64,pearson_r,0.12265762412108462,1080,eegnet_pooled10_epoch_0,cross_dataset_transfer_zero_shot_plus_pooled10_target_calibration_v1::pooled10_target_calibration
weissbart_tf64,etard_tf64,eegnet,reconstruction,gate0_gate2_cross_dataset_transfer_v1::pooled10_target_calibration,0,pooled10_target_calibration,P03,test_-_P03_-_lb_part_1,64,pearson_r,0.11368612971239121,1396,eegnet_pooled10_epoch_0,cross_dataset_transfer_zero_shot_plus_pooled10_target_calibration_v1::pooled10_target_calibration
weissbart_tf64,etard_tf64,eegnet,reconstruction,gate0_gate2_cross_dataset_transfer_v1::pooled10_target_calibration,0,pooled10_target_calibration,P03,test_-_P03_-_lb_part_2,64,pearson_r,-0.09919750141552693,1433,eegnet_pooled10_epoch_0,cross_dataset_transfer_zero_shot_plus_pooled10_target_calibration_v1::pooled10_target_calibration
weissbart_tf64,etard_tf64,eegnet,reconstruction,gate0_gate2_cross_dataset_transfer_v1::pooled10_target_calibration,0,pooled10_target_calibration,P03,test_-_P03_-_lb_part_3,64,pearson_r,-0.0010042329360081892,1365,eegnet_pooled10_epoch_0,cross_dataset_transfer_zero_shot_plus_pooled10_target_calibration_v1::pooled10_target_calibration
weissbart_tf64,etard_tf64,eegnet,reconstruction,gate0_gate2_cross_dataset_transfer_v1::pooled10_target_calibration,0,pooled10_target_calibration,P03,test_-_P03_-_lb_part_4,64,pearson_r,-0.12603615149769679,1501,eegnet_pooled10_epoch_0,cross_dataset_transfer_zero_shot_plus_pooled10_target_calibration_v1::pooled10_target_calibration
weissbart_tf64,etard_tf64,eegnet,reconstruction,gate0_gate2_cross_dataset_transfer_v1::pooled10_target_calibration,0,pooled10_target_calibration,P03,test_-_P03_-_mb_part_1,64,pearson_r,-0.15488315029934985,945,eegnet_pooled10_epoch_0,cross_dataset_transfer_zero_shot_plus_pooled10_target_calibration_v1::pooled10_target_calibration
weissbart_tf64,etard_tf64,eegnet,reconstruction,gate0_gate2_cross_dataset_transfer_v1::pooled10_target_calibration,0,pooled10_target_calibration,P03,test_-_P03_-_mb_part_2,64,pearson_r,0.08788718559930773,994,eegnet_pooled10_epoch_0,cross_dataset_transfer_zero_shot_plus_pooled10_target_calibration_v1::pooled10_target_calibration
weissbart_tf64,etard_tf64,eegnet,reconstruction,gate0_gate2_cross_dataset_transfer_v1::pooled10_target_calibration,0,pooled10_target_calibration,P03,test_-_P03_-_mb_part_3,64,pearson_r,0.0665403031053157,995,eegnet_pooled10_epoch_0,cross_dataset_transfer_zero_shot_plus_pooled10_target_calibration_v1::pooled10_target_calibration
weissbart_tf64,etard_tf64,eegnet,reconstruction,gate0_gate2_cross_dataset_transfer_v1::pooled10_target_calibration,0,pooled10_target_calibration,P03,test_-_P03_-_mb_part_4,64,pearson_r,0.10287806970805818,1034,eegnet_pooled10_epoch_0,cross_dataset_transfer_zero_shot_plus_pooled10_target_calibration_v1::pooled10_target_calibration
weissbart_tf64,etard_tf64,eegnet,reconstruction,gate0_gate2_cross_dataset_transfer_v1::pooled10_target_calibration,0,pooled10_target_calibration,P10,test_-_P10_-_cleanDutch_part_1,64,pearson_r,-0.04836856681303515,941,eegnet_pooled10_epoch_0,cross_dataset_transfer_zero_shot_plus_pooled10_target_calibration_v1::pooled10_target_calibration
weissbart_tf64,etard_tf64,eegnet,reconstruction,gate0_gate2_cross_dataset_transfer_v1::pooled10_target_calibration,0,pooled10_target_calibration,P10,test_-_P10_-_cleanDutch_part_2,64,pearson_r,0.06615272261761067,963,eegnet_pooled10_epoch_0,cross_dataset_transfer_zero_shot_plus_pooled10_target_calibration_v1::pooled10_target_calibration
weissbart_tf64,etard_tf64,eegnet,reconstruction,gate0_gate2_cross_dataset_transfer_v1::pooled10_target_calibration,0,pooled10_target_calibration,P10,test_-_P10_-_cleanDutch_part_3,64,pearson_r,0.20478505896229052,974,eegnet_pooled10_epoch_0,cross_dataset_transfer_zero_shot_plus_pooled10_target_calibration_v1::pooled10_target_calibration
weissbart_tf64,etard_tf64,eegnet,reconstruction,gate0_gate2_cross_dataset_transfer_v1::pooled10_target_calibration,0,pooled10_target_calibration,P10,test_-_P10_-_cleanDutch_part_4,64,pearson_r,0.08516187379657275,970,eegnet_pooled10_epoch_0,cross_dataset_transfer_zero_shot_plus_pooled10_target_calibration_v1::pooled10_target_calibration
weissbart_tf64,etard_tf64,eegnet,reconstruction,gate0_gate2_cross_dataset_transfer_v1::pooled10_target_calibration,0,pooled10_target_calibration,P10,test_-_P10_-_clean_part_1,64,pearson_r,0.11607654954450045,940,eegnet_pooled10_epoch_0,cross_dataset_transfer_zero_shot_plus_pooled10_target_calibration_v1::pooled10_target_calibration
weissbart_tf64,etard_tf64,eegnet,reconstruction,gate0_gate2_cross_dataset_transfer_v1::pooled10_target_calibration,0,pooled10_target_calibration,P10,test_-_P10_-_clean_part_2,64,pearson_r,0.24306799845200808,976,eegnet_pooled10_epoch_0,cross_dataset_transfer_zero_shot_plus_pooled10_target_calibration_v1::pooled10_target_calibration
weissbart_tf64,etard_tf64,eegnet,reconstruction,gate0_gate2_cross_dataset_transfer_v1::pooled10_target_calibration,0,pooled10_target_calibration,P10,test_-_P10_-_clean_part_3,64,pearson_r,0.20211329985364457,857,eegnet_pooled10_epoch_0,cross_dataset_transfer_zero_shot_plus_pooled10_target_calibration_v1::pooled10_target_calibration
weissbart_tf64,etard_tf64,eegnet,reconstruction,gate0_gate2_cross_dataset_transfer_v1::pooled10_target_calibration,0,pooled10_target_calibration,P10,test_-_P10_-_clean_part_4,64,pearson_r,0.2443375641065219,938,eegnet_pooled10_epoch_0,cross_dataset_transfer_zero_shot_plus_pooled10_target_calibration_v1::pooled10_target_calibration
weissbart_tf64,etard_tf64,eegnet,reconstruction,gate0_gate2_cross_dataset_transfer_v1::pooled10_target_calibration,0,pooled10_target_calibration,P10,test_-_P10_-_fM_part_1,64,pearson_r,0.12381648456738165,852,eegnet_pooled10_epoch_0,cross_dataset_transfer_zero_shot_plus_pooled10_target_calibration_v1::pooled10_target_calibration
weissbart_tf64,etard_tf64,eegnet,reconstruction,gate0_gate2_cross_dataset_transfer_v1::pooled10_target_calibration,0,pooled10_target_calibration,P10,test_-_P10_-_fM_part_2,64,pearson_r,0.2241314294962811,813,eegnet_pooled10_epoch_0,cross_dataset_transfer_zero_shot_plus_pooled10_target_calibration_v1::pooled10_target_calibration
weissbart_tf64,etard_tf64,eegnet,reconstruction,gate0_gate2_cross_dataset_transfer_v1::pooled10_target_calibration,0,pooled10_target_calibration,P10,test_-_P10_-_fM_part_3,64,pearson_r,0.044642318988589245,869,eegnet_pooled10_epoch_0,cross_dataset_transfer_zero_shot_plus_pooled10_target_calibration_v1::pooled10_target_calibration
weissbart_tf64,etard_tf64,eegnet,reconstruction,gate0_gate2_cross_dataset_transfer_v1::pooled10_target_calibration,0,pooled10_target_calibration,P10,test_-_P10_-_fM_part_4,64,pearson_r,0.30922896508433456,953,eegnet_pooled10_epoch_0,cross_dataset_transfer_zero_shot_plus_pooled10_target_calibration_v1::pooled10_target_calibration
weissbart_tf64,etard_tf64,eegnet,reconstruction,gate0_gate2_cross_dataset_transfer_v1::pooled10_target_calibration,0,pooled10_target_calibration,P10,test_-_P10_-_fW_part_1,64,pearson_r,0.2048998285965528,843,eegnet_pooled10_epoch_0,cross_dataset_transfer_zero_shot_plus_pooled10_target_calibration_v1::pooled10_target_calibration
weissbart_tf64,etard_tf64,eegnet,reconstruction,gate0_gate2_cross_dataset_transfer_v1::pooled10_target_calibration,0,pooled10_target_calibration,P10,test_-_P10_-_fW_part_2,64,pearson_r,0.12285631179999038,870,eegnet_pooled10_epoch_0,cross_dataset_transfer_zero_shot_plus_pooled10_target_calibration_v1::pooled10_target_calibration
weissbart_tf64,etard_tf64,eegnet,reconstruction,gate0_gate2_cross_dataset_transfer_v1::pooled10_target_calibration,0,pooled10_target_calibration,P10,test_-_P10_-_fW_part_3,64,pearson_r,0.10831554081997569,974,eegnet_pooled10_epoch_0,cross_dataset_transfer_zero_shot_plus_pooled10_target_calibration_v1::pooled10_target_calibration
weissbart_tf64,etard_tf64,eegnet,reconstruction,gate0_gate2_cross_dataset_transfer_v1::pooled10_target_calibration,0,pooled10_target_calibration,P10,test_-_P10_-_fW_part_4,64,pearson_r,0.20680107207906837,1047,eegnet_pooled10_epoch_0,cross_dataset_transfer_zero_shot_plus_pooled10_target_calibration_v1::pooled10_target_calibration
weissbart_tf64,etard_tf64,eegnet,reconstruction,gate0_gate2_cross_dataset_transfer_v1::pooled10_target_calibration,0,pooled10_target_calibration,P10,test_-_P10_-_hbDutch_part_1,64,pearson_r,0.12493004407031431,984,eegnet_pooled10_epoch_0,cross_dataset_transfer_zero_shot_plus_pooled10_target_calibration_v1::pooled10_target_calibration
weissbart_tf64,etard_tf64,eegnet,reconstruction,gate0_gate2_cross_dataset_transfer_v1::pooled10_target_calibration,0,pooled10_target_calibration,P10,test_-_P10_-_hbDutch_part_2,64,pearson_r,0.1260448543963301,998,eegnet_pooled10_epoch_0,cross_dataset_transfer_zero_shot_plus_pooled10_target_calibration_v1::pooled10_target_calibration
weissbart_tf64,etard_tf64,eegnet,reconstruction,gate0_gate2_cross_dataset_transfer_v1::pooled10_target_calibration,0,pooled10_target_calibration,P10,test_-_P10_-_hbDutch_part_3,64,pearson_r,0.014817946554441378,1017,eegnet_pooled10_epoch_0,cross_dataset_transfer_zero_shot_plus_pooled10_target_calibration_v1::pooled10_target_calibration
weissbart_tf64,etard_tf64,eegnet,reconstruction,gate0_gate2_cross_dataset_transfer_v1::pooled10_target_calibration,0,pooled10_target_calibration,P10,test_-_P10_-_hbDutch_part_4,64,pearson_r,0.0920859402153157,1001,eegnet_pooled10_epoch_0,cross_dataset_transfer_zero_shot_plus_pooled10_target_calibration_v1::pooled10_target_calibration
weissbart_tf64,etard_tf64,eegnet,reconstruction,gate0_gate2_cross_dataset_transfer_v1::pooled10_target_calibration,0,pooled10_target_calibration,P10,test_-_P10_-_hb_part_1,64,pearson_r,0.18293241207271238,1137,eegnet_pooled10_epoch_0,cross_dataset_transfer_zero_shot_plus_pooled10_target_calibration_v1::pooled10_target_calibration
weissbart_tf64,etard_tf64,eegnet,reconstruction,gate0_gate2_cross_dataset_transfer_v1::pooled10_target_calibration,0,pooled10_target_calibration,P10,test_-_P10_-_hb_part_2,64,pearson_r,0.0564667184562962,1074,eegnet_pooled10_epoch_0,cross_dataset_transfer_zero_shot_plus_pooled10_target_calibration_v1::pooled10_target_calibration
weissbart_tf64,etard_tf64,eegnet,reconstruction,gate0_gate2_cross_dataset_transfer_v1::pooled10_target_calibration,0,pooled10_target_calibration,P10,test_-_P10_-_hb_part_3,64,pearson_r,0.045645144699596275,1157,eegnet_pooled10_epoch_0,cross_dataset_transfer_zero_shot_plus_pooled10_target_calibration_v1::pooled10_target_calibration
weissbart_tf64,etard_tf64,eegnet,reconstruction,gate0_gate2_cross_dataset_transfer_v1::pooled10_target_calibration,0,pooled10_target_calibration,P10,test_-_P10_-_hb_part_4,64,pearson_r,0.08188667628036583,1080,eegnet_pooled10_epoch_0,cross_dataset_transfer_zero_shot_plus_pooled10_target_calibration_v1::pooled10_target_calibration
weissbart_tf64,etard_tf64,eegnet,reconstruction,gate0_gate2_cross_dataset_transfer_v1::pooled10_target_calibration,0,pooled10_target_calibration,P10,test_-_P10_-_lbDutch_part_1,64,pearson_r,0.043519691795407205,1001,eegnet_pooled10_epoch_0,cross_dataset_transfer_zero_shot_plus_pooled10_target_calibration_v1::pooled10_target_calibration
weissbart_tf64,etard_tf64,eegnet,reconstruction,gate0_gate2_cross_dataset_transfer_v1::pooled10_target_calibration,0,pooled10_target_calibration,P10,test_-_P10_-_lbDutch_part_2,64,pearson_r,-0.011457508769388142,1026,eegnet_pooled10_epoch_0,cross_dataset_transfer_zero_shot_plus_pooled10_target_calibration_v1::pooled10_target_calibration
weissbart_tf64,etard_tf64,eegnet,reconstruction,gate0_gate2_cross_dataset_transfer_v1::pooled10_target_calibration,0,pooled10_target_calibration,P10,test_-_P10_-_lbDutch_part_3,64,pearson_r,-0.0706514965691982,991,eegnet_pooled10_epoch_0,cross_dataset_transfer_zero_shot_plus_pooled10_target_calibration_v1::pooled10_target_calibration
weissbart_tf64,etard_tf64,eegnet,reconstruction,gate0_gate2_cross_dataset_transfer_v1::pooled10_target_calibration,0,pooled10_target_calibration,P10,test_-_P10_-_lbDutch_part_4,64,pearson_r,0.0482995788641327,1011,eegnet_pooled10_epoch_0,cross_dataset_transfer_zero_shot_plus_pooled10_target_calibration_v1::pooled10_target_calibration
weissbart_tf64,etard_tf64,eegnet,reconstruction,gate0_gate2_cross_dataset_transfer_v1::pooled10_target_calibration,0,pooled10_target_calibration,P10,test_-_P10_-_lb_part_1,64,pearson_r,-0.011122799781166808,1396,eegnet_pooled10_epoch_0,cross_dataset_transfer_zero_shot_plus_pooled10_target_calibration_v1::pooled10_target_calibration
weissbart_tf64,etard_tf64,eegnet,reconstruction,gate0_gate2_cross_dataset_transfer_v1::pooled10_target_calibration,0,pooled10_target_calibration,P10,test_-_P10_-_lb_part_2,64,pearson_r,-0.030628925712824093,1433,eegnet_pooled10_epoch_0,cross_dataset_transfer_zero_shot_plus_pooled10_target_calibration_v1::pooled10_target_calibration
weissbart_tf64,etard_tf64,eegnet,reconstruction,gate0_gate2_cross_dataset_transfer_v1::pooled10_target_calibration,0,pooled10_target_calibration,P10,test_-_P10_-_lb_part_3,64,pearson_r,0.06789337724264813,1365,eegnet_pooled10_epoch_0,cross_dataset_transfer_zero_shot_plus_pooled10_target_calibration_v1::pooled10_target_calibration
weissbart_tf64,etard_tf64,eegnet,reconstruction,gate0_gate2_cross_dataset_transfer_v1::pooled10_target_calibration,0,pooled10_target_calibration,P10,test_-_P10_-_lb_part_4,64,pearson_r,-0.006496424461836894,1501,eegnet_pooled10_epoch_0,cross_dataset_transfer_zero_shot_plus_pooled10_target_calibration_v1::pooled10_target_calibration
weissbart_tf64,etard_tf64,eegnet,reconstruction,gate0_gate2_cross_dataset_transfer_v1::pooled10_target_calibration,0,pooled10_target_calibration,P10,test_-_P10_-_mbDutch_part_1,64,pearson_r,0.07242795560540655,1021,eegnet_pooled10_epoch_0,cross_dataset_transfer_zero_shot_plus_pooled10_target_calibration_v1::pooled10_target_calibration
weissbart_tf64,etard_tf64,eegnet,reconstruction,gate0_gate2_cross_dataset_transfer_v1::pooled10_target_calibration,0,pooled10_target_calibration,P10,test_-_P10_-_mbDutch_part_2,64,pearson_r,0.08199607402391398,981,eegnet_pooled10_epoch_0,cross_dataset_transfer_zero_shot_plus_pooled10_target_calibration_v1::pooled10_target_calibration
weissbart_tf64,etard_tf64,eegnet,reconstruction,gate0_gate2_cross_dataset_transfer_v1::pooled10_target_calibration,0,pooled10_target_calibration,P10,test_-_P10_-_mbDutch_part_3,64,pearson_r,0.13206669421261877,995,eegnet_pooled10_epoch_0,cross_dataset_transfer_zero_shot_plus_pooled10_target_calibration_v1::pooled10_target_calibration
weissbart_tf64,etard_tf64,eegnet,reconstruction,gate0_gate2_cross_dataset_transfer_v1::pooled10_target_calibration,0,pooled10_target_calibration,P10,test_-_P10_-_mbDutch_part_4,64,pearson_r,-0.07831376053763765,1000,eegnet_pooled10_epoch_0,cross_dataset_transfer_zero_shot_plus_pooled10_target_calibration_v1::pooled10_target_calibration
weissbart_tf64,etard_tf64,eegnet,reconstruction,gate0_gate2_cross_dataset_transfer_v1::pooled10_target_calibration,0,pooled10_target_calibration,P10,test_-_P10_-_mb_part_1,64,pearson_r,0.056828970397579864,945,eegnet_pooled10_epoch_0,cross_dataset_transfer_zero_shot_plus_pooled10_target_calibration_v1::pooled10_target_calibration
weissbart_tf64,etard_tf64,eegnet,reconstruction,gate0_gate2_cross_dataset_transfer_v1::pooled10_target_calibration,0,pooled10_target_calibration,P10,test_-_P10_-_mb_part_2,64,pearson_r,-0.08635388579883292,994,eegnet_pooled10_epoch_0,cross_dataset_transfer_zero_shot_plus_pooled10_target_calibration_v1::pooled10_target_calibration
weissbart_tf64,etard_tf64,eegnet,reconstruction,gate0_gate2_cross_dataset_transfer_v1::pooled10_target_calibration,0,pooled10_target_calibration,P10,test_-_P10_-_mb_part_3,64,pearson_r,0.04305616931046739,995,eegnet_pooled10_epoch_0,cross_dataset_transfer_zero_shot_plus_pooled10_target_calibration_v1::pooled10_target_calibration
weissbart_tf64,etard_tf64,eegnet,reconstruction,gate0_gate2_cross_dataset_transfer_v1::pooled10_target_calibration,0,pooled10_target_calibration,P10,test_-_P10_-_mb_part_4,64,pearson_r,-0.056204141276898587,1034,eegnet_pooled10_epoch_0,cross_dataset_transfer_zero_shot_plus_pooled10_target_calibration_v1::pooled10_target_calibration
weissbart_tf64,etard_tf64,eegnet,reconstruction,gate0_gate2_cross_dataset_transfer_v1::pooled10_target_calibration,0,pooled10_target_calibration,P16,test_-_P16_-_cleanDutch_part_1,64,pearson_r,0.06919726028312274,941,eegnet_pooled10_epoch_0,cross_dataset_transfer_zero_shot_plus_pooled10_target_calibration_v1::pooled10_target_calibration
weissbart_tf64,etard_tf64,eegnet,reconstruction,gate0_gate2_cross_dataset_transfer_v1::pooled10_target_calibration,0,pooled10_target_calibration,P16,test_-_P16_-_cleanDutch_part_2,64,pearson_r,0.05051632522401272,963,eegnet_pooled10_epoch_0,cross_dataset_transfer_zero_shot_plus_pooled10_target_calibration_v1::pooled10_target_calibration
weissbart_tf64,etard_tf64,eegnet,reconstruction,gate0_gate2_cross_dataset_transfer_v1::pooled10_target_calibration,0,pooled10_target_calibration,P16,test_-_P16_-_cleanDutch_part_3,64,pearson_r,0.13711018765114688,974,eegnet_pooled10_epoch_0,cross_dataset_transfer_zero_shot_plus_pooled10_target_calibration_v1::pooled10_target_calibration
weissbart_tf64,etard_tf64,eegnet,reconstruction,gate0_gate2_cross_dataset_transfer_v1::pooled10_target_calibration,0,pooled10_target_calibration,P16,test_-_P16_-_cleanDutch_part_4,64,pearson_r,0.12068962480361829,970,eegnet_pooled10_epoch_0,cross_dataset_transfer_zero_shot_plus_pooled10_target_calibration_v1::pooled10_target_calibration
weissbart_tf64,etard_tf64,eegnet,reconstruction,gate0_gate2_cross_dataset_transfer_v1::pooled10_target_calibration,0,pooled10_target_calibration,P16,test_-_P16_-_clean_part_1,64,pearson_r,0.13645243436030424,940,eegnet_pooled10_epoch_0,cross_dataset_transfer_zero_shot_plus_pooled10_target_calibration_v1::pooled10_target_calibration
weissbart_tf64,etard_tf64,eegnet,reconstruction,gate0_gate2_cross_dataset_transfer_v1::pooled10_target_calibration,0,pooled10_target_calibration,P16,test_-_P16_-_clean_part_2,64,pearson_r,0.18820408460217317,976,eegnet_pooled10_epoch_0,cross_dataset_transfer_zero_shot_plus_pooled10_target_calibration_v1::pooled10_target_calibration
weissbart_tf64,etard_tf64,eegnet,reconstruction,gate0_gate2_cross_dataset_transfer_v1::pooled10_target_calibration,0,pooled10_target_calibration,P16,test_-_P16_-_clean_part_3,64,pearson_r,0.21361321121598426,857,eegnet_pooled10_epoch_0,cross_dataset_transfer_zero_shot_plus_pooled10_target_calibration_v1::pooled10_target_calibration
weissbart_tf64,etard_tf64,eegnet,reconstruction,gate0_gate2_cross_dataset_transfer_v1::pooled10_target_calibration,0,pooled10_target_calibration,P16,test_-_P16_-_clean_part_4,64,pearson_r,0.21976899132755157,938,eegnet_pooled10_epoch_0,cross_dataset_transfer_zero_shot_plus_pooled10_target_calibration_v1::pooled10_target_calibration
weissbart_tf64,etard_tf64,eegnet,reconstruction,gate0_gate2_cross_dataset_transfer_v1::pooled10_target_calibration,0,pooled10_target_calibration,P16,test_-_P16_-_fM_part_1,64,pearson_r,0.1298974746234602,852,eegnet_pooled10_epoch_0,cross_dataset_transfer_zero_shot_plus_pooled10_target_calibration_v1::pooled10_target_calibration
weissbart_tf64,etard_tf64,eegnet,reconstruction,gate0_gate2_cross_dataset_transfer_v1::pooled10_target_calibration,0,pooled10_target_calibration,P16,test_-_P16_-_fM_part_2,64,pearson_r,0.31888714147666225,813,eegnet_pooled10_epoch_0,cross_dataset_transfer_zero_shot_plus_pooled10_target_calibration_v1::pooled10_target_calibration
weissbart_tf64,etard_tf64,eegnet,reconstruction,gate0_gate2_cross_dataset_transfer_v1::pooled10_target_calibration,0,pooled10_target_calibration,P16,test_-_P16_-_fM_part_3,64,pearson_r,0.1629921237020385,869,eegnet_pooled10_epoch_0,cross_dataset_transfer_zero_shot_plus_pooled10_target_calibration_v1::pooled10_target_calibration
weissbart_tf64,etard_tf64,eegnet,reconstruction,gate0_gate2_cross_dataset_transfer_v1::pooled10_target_calibration,0,pooled10_target_calibration,P16,test_-_P16_-_fM_part_4,64,pearson_r,0.20801872082265666,953,eegnet_pooled10_epoch_0,cross_dataset_transfer_zero_shot_plus_pooled10_target_calibration_v1::pooled10_target_calibration
weissbart_tf64,etard_tf64,eegnet,reconstruction,gate0_gate2_cross_dataset_transfer_v1::pooled10_target_calibration,0,pooled10_target_calibration,P16,test_-_P16_-_fW_part_1,64,pearson_r,0.12406998213699177,843,eegnet_pooled10_epoch_0,cross_dataset_transfer_zero_shot_plus_pooled10_target_calibration_v1::pooled10_target_calibration
weissbart_tf64,etard_tf64,eegnet,reconstruction,gate0_gate2_cross_dataset_transfer_v1::pooled10_target_calibration,0,pooled10_target_calibration,P16,test_-_P16_-_fW_part_2,64,pearson_r,0.14017177926644397,870,eegnet_pooled10_epoch_0,cross_dataset_transfer_zero_shot_plus_pooled10_target_calibration_v1::pooled10_target_calibration
weissbart_tf64,etard_tf64,eegnet,reconstruction,gate0_gate2_cross_dataset_transfer_v1::pooled10_target_calibration,0,pooled10_target_calibration,P16,test_-_P16_-_fW_part_3,64,pearson_r,0.10297789414792094,974,eegnet_pooled10_epoch_0,cross_dataset_transfer_zero_shot_plus_pooled10_target_calibration_v1::pooled10_target_calibration
weissbart_tf64,etard_tf64,eegnet,reconstruction,gate0_gate2_cross_dataset_transfer_v1::pooled10_target_calibration,0,pooled10_target_calibration,P16,test_-_P16_-_fW_part_4,64,pearson_r,0.11857195649388871,1047,eegnet_pooled10_epoch_0,cross_dataset_transfer_zero_shot_plus_pooled10_target_calibration_v1::pooled10_target_calibration
weissbart_tf64,etard_tf64,eegnet,reconstruction,gate0_gate2_cross_dataset_transfer_v1::pooled10_target_calibration,0,pooled10_target_calibration,P16,test_-_P16_-_hbDutch_part_1,64,pearson_r,0.08177984782889927,984,eegnet_pooled10_epoch_0,cross_dataset_transfer_zero_shot_plus_pooled10_target_calibration_v1::pooled10_target_calibration
weissbart_tf64,etard_tf64,eegnet,reconstruction,gate0_gate2_cross_dataset_transfer_v1::pooled10_target_calibration,0,pooled10_target_calibration,P16,test_-_P16_-_hbDutch_part_2,64,pearson_r,0.06402056232340009,998,eegnet_pooled10_epoch_0,cross_dataset_transfer_zero_shot_plus_pooled10_target_calibration_v1::pooled10_target_calibration
weissbart_tf64,etard_tf64,eegnet,reconstruction,gate0_gate2_cross_dataset_transfer_v1::pooled10_target_calibration,0,pooled10_target_calibration,P16,test_-_P16_-_hbDutch_part_3,64,pearson_r,0.15406652615018113,1017,eegnet_pooled10_epoch_0,cross_dataset_transfer_zero_shot_plus_pooled10_target_calibration_v1::pooled10_target_calibration
weissbart_tf64,etard_tf64,eegnet,reconstruction,gate0_gate2_cross_dataset_transfer_v1::pooled10_target_calibration,0,pooled10_target_calibration,P16,test_-_P16_-_hbDutch_part_4,64,pearson_r,-0.013111005792648754,1001,eegnet_pooled10_epoch_0,cross_dataset_transfer_zero_shot_plus_pooled10_target_calibration_v1::pooled10_target_calibration
weissbart_tf64,etard_tf64,eegnet,reconstruction,gate0_gate2_cross_dataset_transfer_v1::pooled10_target_calibration,0,pooled10_target_calibration,P16,test_-_P16_-_hb_part_1,64,pearson_r,-0.026426235282135457,1137,eegnet_pooled10_epoch_0,cross_dataset_transfer_zero_shot_plus_pooled10_target_calibration_v1::pooled10_target_calibration
weissbart_tf64,etard_tf64,eegnet,reconstruction,gate0_gate2_cross_dataset_transfer_v1::pooled10_target_calibration,0,pooled10_target_calibration,P16,test_-_P16_-_hb_part_2,64,pearson_r,0.07097034993823069,1074,eegnet_pooled10_epoch_0,cross_dataset_transfer_zero_shot_plus_pooled10_target_calibration_v1::pooled10_target_calibration
weissbart_tf64,etard_tf64,eegnet,reconstruction,gate0_gate2_cross_dataset_transfer_v1::pooled10_target_calibration,0,pooled10_target_calibration,P16,test_-_P16_-_hb_part_3,64,pearson_r,0.07128406377519862,1157,eegnet_pooled10_epoch_0,cross_dataset_transfer_zero_shot_plus_pooled10_target_calibration_v1::pooled10_target_calibration
weissbart_tf64,etard_tf64,eegnet,reconstruction,gate0_gate2_cross_dataset_transfer_v1::pooled10_target_calibration,0,pooled10_target_calibration,P16,test_-_P16_-_hb_part_4,64,pearson_r,0.07502469652296458,1080,eegnet_pooled10_epoch_0,cross_dataset_transfer_zero_shot_plus_pooled10_target_calibration_v1::pooled10_target_calibration
weissbart_tf64,etard_tf64,eegnet,reconstruction,gate0_gate2_cross_dataset_transfer_v1::pooled10_target_calibration,0,pooled10_target_calibration,P16,test_-_P16_-_lbDutch_part_1,64,pearson_r,0.09157713981072273,1001,eegnet_pooled10_epoch_0,cross_dataset_transfer_zero_shot_plus_pooled10_target_calibration_v1::pooled10_target_calibration
weissbart_tf64,etard_tf64,eegnet,reconstruction,gate0_gate2_cross_dataset_transfer_v1::pooled10_target_calibration,0,pooled10_target_calibration,P16,test_-_P16_-_lbDutch_part_2,64,pearson_r,0.022766845931755715,1026,eegnet_pooled10_epoch_0,cross_dataset_transfer_zero_shot_plus_pooled10_target_calibration_v1::pooled10_target_calibration
weissbart_tf64,etard_tf64,eegnet,reconstruction,gate0_gate2_cross_dataset_transfer_v1::pooled10_target_calibration,0,pooled10_target_calibration,P16,test_-_P16_-_lbDutch_part_3,64,pearson_r,0.011282553087632905,991,eegnet_pooled10_epoch_0,cross_dataset_transfer_zero_shot_plus_pooled10_target_calibration_v1::pooled10_target_calibration
weissbart_tf64,etard_tf64,eegnet,reconstruction,gate0_gate2_cross_dataset_transfer_v1::pooled10_target_calibration,0,pooled10_target_calibration,P16,test_-_P16_-_lbDutch_part_4,64,pearson_r,0.038645736812083456,1011,eegnet_pooled10_epoch_0,cross_dataset_transfer_zero_shot_plus_pooled10_target_calibration_v1::pooled10_target_calibration
weissbart_tf64,etard_tf64,eegnet,reconstruction,gate0_gate2_cross_dataset_transfer_v1::pooled10_target_calibration,0,pooled10_target_calibration,P16,test_-_P16_-_lb_part_1,64,pearson_r,0.0742629427376998,1396,eegnet_pooled10_epoch_0,cross_dataset_transfer_zero_shot_plus_pooled10_target_calibration_v1::pooled10_target_calibration
weissbart_tf64,etard_tf64,eegnet,reconstruction,gate0_gate2_cross_dataset_transfer_v1::pooled10_target_calibration,0,pooled10_target_calibration,P16,test_-_P16_-_lb_part_2,64,pearson_r,0.09386332368191379,1433,eegnet_pooled10_epoch_0,cross_dataset_transfer_zero_shot_plus_pooled10_target_calibration_v1::pooled10_target_calibration
weissbart_tf64,etard_tf64,eegnet,reconstruction,gate0_gate2_cross_dataset_transfer_v1::pooled10_target_calibration,0,pooled10_target_calibration,P16,test_-_P16_-_lb_part_3,64,pearson_r,0.034621622350788736,1365,eegnet_pooled10_epoch_0,cross_dataset_transfer_zero_shot_plus_pooled10_target_calibration_v1::pooled10_target_calibration
weissbart_tf64,etard_tf64,eegnet,reconstruction,gate0_gate2_cross_dataset_transfer_v1::pooled10_target_calibration,0,pooled10_target_calibration,P16,test_-_P16_-_lb_part_4,64,pearson_r,0.08845808087638922,1501,eegnet_pooled10_epoch_0,cross_dataset_transfer_zero_shot_plus_pooled10_target_calibration_v1::pooled10_target_calibration
weissbart_tf64,etard_tf64,eegnet,reconstruction,gate0_gate2_cross_dataset_transfer_v1::pooled10_target_calibration,0,pooled10_target_calibration,P16,test_-_P16_-_mbDutch_part_1,64,pearson_r,0.12127188856074582,1021,eegnet_pooled10_epoch_0,cross_dataset_transfer_zero_shot_plus_pooled10_target_calibration_v1::pooled10_target_calibration
weissbart_tf64,etard_tf64,eegnet,reconstruction,gate0_gate2_cross_dataset_transfer_v1::pooled10_target_calibration,0,pooled10_target_calibration,P16,test_-_P16_-_mbDutch_part_2,64,pearson_r,-0.05251887875976368,981,eegnet_pooled10_epoch_0,cross_dataset_transfer_zero_shot_plus_pooled10_target_calibration_v1::pooled10_target_calibration
weissbart_tf64,etard_tf64,eegnet,reconstruction,gate0_gate2_cross_dataset_transfer_v1::pooled10_target_calibration,0,pooled10_target_calibration,P16,test_-_P16_-_mbDutch_part_3,64,pearson_r,-0.018381974579046105,995,eegnet_pooled10_epoch_0,cross_dataset_transfer_zero_shot_plus_pooled10_target_calibration_v1::pooled10_target_calibration
weissbart_tf64,etard_tf64,eegnet,reconstruction,gate0_gate2_cross_dataset_transfer_v1::pooled10_target_calibration,0,pooled10_target_calibration,P16,test_-_P16_-_mbDutch_part_4,64,pearson_r,-0.009665997537594173,1000,eegnet_pooled10_epoch_0,cross_dataset_transfer_zero_shot_plus_pooled10_target_calibration_v1::pooled10_target_calibration
weissbart_tf64,etard_tf64,eegnet,reconstruction,gate0_gate2_cross_dataset_transfer_v1::pooled10_target_calibration,0,pooled10_target_calibration,P16,test_-_P16_-_mb_part_1,64,pearson_r,0.06831681678030231,945,eegnet_pooled10_epoch_0,cross_dataset_transfer_zero_shot_plus_pooled10_target_calibration_v1::pooled10_target_calibration
weissbart_tf64,etard_tf64,eegnet,reconstruction,gate0_gate2_cross_dataset_transfer_v1::pooled10_target_calibration,0,pooled10_target_calibration,P16,test_-_P16_-_mb_part_2,64,pearson_r,0.11152422470712331,994,eegnet_pooled10_epoch_0,cross_dataset_transfer_zero_shot_plus_pooled10_target_calibration_v1::pooled10_target_calibration
weissbart_tf64,etard_tf64,eegnet,reconstruction,gate0_gate2_cross_dataset_transfer_v1::pooled10_target_calibration,0,pooled10_target_calibration,P16,test_-_P16_-_mb_part_3,64,pearson_r,0.08322407632180648,995,eegnet_pooled10_epoch_0,cross_dataset_transfer_zero_shot_plus_pooled10_target_calibration_v1::pooled10_target_calibration
weissbart_tf64,etard_tf64,eegnet,reconstruction,gate0_gate2_cross_dataset_transfer_v1::pooled10_target_calibration,0,pooled10_target_calibration,P16,test_-_P16_-_mb_part_4,64,pearson_r,-0.03882307543353645,1034,eegnet_pooled10_epoch_0,cross_dataset_transfer_zero_shot_plus_pooled10_target_calibration_v1::pooled10_target_calibration
weissbart_tf64,etard_tf64,eegnet,reconstruction,gate0_gate2_cross_dataset_transfer_v1::pooled10_target_calibration,0,pooled10_target_calibration,P17,test_-_P17_-_cleanDutch_part_1,64,pearson_r,0.05838699730524184,941,eegnet_pooled10_epoch_0,cross_dataset_transfer_zero_shot_plus_pooled10_target_calibration_v1::pooled10_target_calibration
weissbart_tf64,etard_tf64,eegnet,reconstruction,gate0_gate2_cross_dataset_transfer_v1::pooled10_target_calibration,0,pooled10_target_calibration,P17,test_-_P17_-_cleanDutch_part_2,64,pearson_r,0.15353424137636743,963,eegnet_pooled10_epoch_0,cross_dataset_transfer_zero_shot_plus_pooled10_target_calibration_v1::pooled10_target_calibration
weissbart_tf64,etard_tf64,eegnet,reconstruction,gate0_gate2_cross_dataset_transfer_v1::pooled10_target_calibration,0,pooled10_target_calibration,P17,test_-_P17_-_cleanDutch_part_3,64,pearson_r,0.2992610702607203,974,eegnet_pooled10_epoch_0,cross_dataset_transfer_zero_shot_plus_pooled10_target_calibration_v1::pooled10_target_calibration
weissbart_tf64,etard_tf64,eegnet,reconstruction,gate0_gate2_cross_dataset_transfer_v1::pooled10_target_calibration,0,pooled10_target_calibration,P17,test_-_P17_-_cleanDutch_part_4,64,pearson_r,0.05007242592075643,970,eegnet_pooled10_epoch_0,cross_dataset_transfer_zero_shot_plus_pooled10_target_calibration_v1::pooled10_target_calibration
weissbart_tf64,etard_tf64,eegnet,reconstruction,gate0_gate2_cross_dataset_transfer_v1::pooled10_target_calibration,0,pooled10_target_calibration,P17,test_-_P17_-_clean_part_1,64,pearson_r,0.025094640664702524,940,eegnet_pooled10_epoch_0,cross_dataset_transfer_zero_shot_plus_pooled10_target_calibration_v1::pooled10_target_calibration
weissbart_tf64,etard_tf64,eegnet,reconstruction,gate0_gate2_cross_dataset_transfer_v1::pooled10_target_calibration,0,pooled10_target_calibration,P17,test_-_P17_-_clean_part_2,64,pearson_r,0.18250490417244444,976,eegnet_pooled10_epoch_0,cross_dataset_transfer_zero_shot_plus_pooled10_target_calibration_v1::pooled10_target_calibration
weissbart_tf64,etard_tf64,eegnet,reconstruction,gate0_gate2_cross_dataset_transfer_v1::pooled10_target_calibration,0,pooled10_target_calibration,P17,test_-_P17_-_clean_part_3,64,pearson_r,0.16933105822313768,857,eegnet_pooled10_epoch_0,cross_dataset_transfer_zero_shot_plus_pooled10_target_calibration_v1::pooled10_target_calibration
weissbart_tf64,etard_tf64,eegnet,reconstruction,gate0_gate2_cross_dataset_transfer_v1::pooled10_target_calibration,0,pooled10_target_calibration,P17,test_-_P17_-_clean_part_4,64,pearson_r,0.22282634422805697,938,eegnet_pooled10_epoch_0,cross_dataset_transfer_zero_shot_plus_pooled10_target_calibration_v1::pooled10_target_calibration
weissbart_tf64,etard_tf64,eegnet,reconstruction,gate0_gate2_cross_dataset_transfer_v1::pooled10_target_calibration,0,pooled10_target_calibration,P17,test_-_P17_-_fM_part_1,64,pearson_r,0.19408405247748264,852,eegnet_pooled10_epoch_0,cross_dataset_transfer_zero_shot_plus_pooled10_target_calibration_v1::pooled10_target_calibration
weissbart_tf64,etard_tf64,eegnet,reconstruction,gate0_gate2_cross_dataset_transfer_v1::pooled10_target_calibration,0,pooled10_target_calibration,P17,test_-_P17_-_fM_part_2,64,pearson_r,-0.03411202056129355,813,eegnet_pooled10_epoch_0,cross_dataset_transfer_zero_shot_plus_pooled10_target_calibration_v1::pooled10_target_calibration
weissbart_tf64,etard_tf64,eegnet,reconstruction,gate0_gate2_cross_dataset_transfer_v1::pooled10_target_calibration,0,pooled10_target_calibration,P17,test_-_P17_-_fM_part_3,64,pearson_r,-0.08035072807979195,869,eegnet_pooled10_epoch_0,cross_dataset_transfer_zero_shot_plus_pooled10_target_calibration_v1::pooled10_target_calibration
weissbart_tf64,etard_tf64,eegnet,reconstruction,gate0_gate2_cross_dataset_transfer_v1::pooled10_target_calibration,0,pooled10_target_calibration,P17,test_-_P17_-_fM_part_4,64,pearson_r,0.24826538837014317,953,eegnet_pooled10_epoch_0,cross_dataset_transfer_zero_shot_plus_pooled10_target_calibration_v1::pooled10_target_calibration
weissbart_tf64,etard_tf64,eegnet,reconstruction,gate0_gate2_cross_dataset_transfer_v1::pooled10_target_calibration,0,pooled10_target_calibration,P17,test_-_P17_-_fW_part_1,64,pearson_r,-0.00973770842040334,843,eegnet_pooled10_epoch_0,cross_dataset_transfer_zero_shot_plus_pooled10_target_calibration_v1::pooled10_target_calibration
weissbart_tf64,etard_tf64,eegnet,reconstruction,gate0_gate2_cross_dataset_transfer_v1::pooled10_target_calibration,0,pooled10_target_calibration,P17,test_-_P17_-_fW_part_2,64,pearson_r,0.025288262277007735,870,eegnet_pooled10_epoch_0,cross_dataset_transfer_zero_shot_plus_pooled10_target_calibration_v1::pooled10_target_calibration
weissbart_tf64,etard_tf64,eegnet,reconstruction,gate0_gate2_cross_dataset_transfer_v1::pooled10_target_calibration,0,pooled10_target_calibration,P17,test_-_P17_-_fW_part_3,64,pearson_r,0.08253846006752635,974,eegnet_pooled10_epoch_0,cross_dataset_transfer_zero_shot_plus_pooled10_target_calibration_v1::pooled10_target_calibration
weissbart_tf64,etard_tf64,eegnet,reconstruction,gate0_gate2_cross_dataset_transfer_v1::pooled10_target_calibration,0,pooled10_target_calibration,P17,test_-_P17_-_fW_part_4,64,pearson_r,0.06918678784688291,1047,eegnet_pooled10_epoch_0,cross_dataset_transfer_zero_shot_plus_pooled10_target_calibration_v1::pooled10_target_calibration
weissbart_tf64,etard_tf64,eegnet,reconstruction,gate0_gate2_cross_dataset_transfer_v1::pooled10_target_calibration,0,pooled10_target_calibration,P17,test_-_P17_-_hbDutch_part_1,64,pearson_r,0.12175343377473037,984,eegnet_pooled10_epoch_0,cross_dataset_transfer_zero_shot_plus_pooled10_target_calibration_v1::pooled10_target_calibration
weissbart_tf64,etard_tf64,eegnet,reconstruction,gate0_gate2_cross_dataset_transfer_v1::pooled10_target_calibration,0,pooled10_target_calibration,P17,test_-_P17_-_hbDutch_part_2,64,pearson_r,0.03254534474012542,998,eegnet_pooled10_epoch_0,cross_dataset_transfer_zero_shot_plus_pooled10_target_calibration_v1::pooled10_target_calibration
weissbart_tf64,etard_tf64,eegnet,reconstruction,gate0_gate2_cross_dataset_transfer_v1::pooled10_target_calibration,0,pooled10_target_calibration,P17,test_-_P17_-_hbDutch_part_3,64,pearson_r,0.04485272389414384,1017,eegnet_pooled10_epoch_0,cross_dataset_transfer_zero_shot_plus_pooled10_target_calibration_v1::pooled10_target_calibration
weissbart_tf64,etard_tf64,eegnet,reconstruction,gate0_gate2_cross_dataset_transfer_v1::pooled10_target_calibration,0,pooled10_target_calibration,P17,test_-_P17_-_hbDutch_part_4,64,pearson_r,0.09592880290861722,1001,eegnet_pooled10_epoch_0,cross_dataset_transfer_zero_shot_plus_pooled10_target_calibration_v1::pooled10_target_calibration
weissbart_tf64,etard_tf64,eegnet,reconstruction,gate0_gate2_cross_dataset_transfer_v1::pooled10_target_calibration,0,pooled10_target_calibration,P17,test_-_P17_-_hb_part_1,64,pearson_r,0.08308190244308772,1137,eegnet_pooled10_epoch_0,cross_dataset_transfer_zero_shot_plus_pooled10_target_calibration_v1::pooled10_target_calibration
weissbart_tf64,etard_tf64,eegnet,reconstruction,gate0_gate2_cross_dataset_transfer_v1::pooled10_target_calibration,0,pooled10_target_calibration,P17,test_-_P17_-_hb_part_2,64,pearson_r,-0.01571311128441624,1074,eegnet_pooled10_epoch_0,cross_dataset_transfer_zero_shot_plus_pooled10_target_calibration_v1::pooled10_target_calibration
weissbart_tf64,etard_tf64,eegnet,reconstruction,gate0_gate2_cross_dataset_transfer_v1::pooled10_target_calibration,0,pooled10_target_calibration,P17,test_-_P17_-_hb_part_3,64,pearson_r,0.1325481657781476,1157,eegnet_pooled10_epoch_0,cross_dataset_transfer_zero_shot_plus_pooled10_target_calibration_v1::pooled10_target_calibration
weissbart_tf64,etard_tf64,eegnet,reconstruction,gate0_gate2_cross_dataset_transfer_v1::pooled10_target_calibration,0,pooled10_target_calibration,P17,test_-_P17_-_hb_part_4,64,pearson_r,0.16700886017945604,1080,eegnet_pooled10_epoch_0,cross_dataset_transfer_zero_shot_plus_pooled10_target_calibration_v1::pooled10_target_calibration
weissbart_tf64,etard_tf64,eegnet,reconstruction,gate0_gate2_cross_dataset_transfer_v1::pooled10_target_calibration,0,pooled10_target_calibration,P17,test_-_P17_-_lbDutch_part_1,64,pearson_r,-0.014972259274594458,1001,eegnet_pooled10_epoch_0,cross_dataset_transfer_zero_shot_plus_pooled10_target_calibration_v1::pooled10_target_calibration
weissbart_tf64,etard_tf64,eegnet,reconstruction,gate0_gate2_cross_dataset_transfer_v1::pooled10_target_calibration,0,pooled10_target_calibration,P17,test_-_P17_-_lbDutch_part_2,64,pearson_r,0.13975449371360674,1026,eegnet_pooled10_epoch_0,cross_dataset_transfer_zero_shot_plus_pooled10_target_calibration_v1::pooled10_target_calibration
weissbart_tf64,etard_tf64,eegnet,reconstruction,gate0_gate2_cross_dataset_transfer_v1::pooled10_target_calibration,0,pooled10_target_calibration,P17,test_-_P17_-_lbDutch_part_3,64,pearson_r,0.10963672678070092,991,eegnet_pooled10_epoch_0,cross_dataset_transfer_zero_shot_plus_pooled10_target_calibration_v1::pooled10_target_calibration
weissbart_tf64,etard_tf64,eegnet,reconstruction,gate0_gate2_cross_dataset_transfer_v1::pooled10_target_calibration,0,pooled10_target_calibration,P17,test_-_P17_-_lbDutch_part_4,64,pearson_r,0.08655341889933692,1011,eegnet_pooled10_epoch_0,cross_dataset_transfer_zero_shot_plus_pooled10_target_calibration_v1::pooled10_target_calibration
weissbart_tf64,etard_tf64,eegnet,reconstruction,gate0_gate2_cross_dataset_transfer_v1::pooled10_target_calibration,0,pooled10_target_calibration,P17,test_-_P17_-_lb_part_1,64,pearson_r,0.06545599711835537,1396,eegnet_pooled10_epoch_0,cross_dataset_transfer_zero_shot_plus_pooled10_target_calibration_v1::pooled10_target_calibration
weissbart_tf64,etard_tf64,eegnet,reconstruction,gate0_gate2_cross_dataset_transfer_v1::pooled10_target_calibration,0,pooled10_target_calibration,P17,test_-_P17_-_lb_part_2,64,pearson_r,-0.009569462314819152,1433,eegnet_pooled10_epoch_0,cross_dataset_transfer_zero_shot_plus_pooled10_target_calibration_v1::pooled10_target_calibration
weissbart_tf64,etard_tf64,eegnet,reconstruction,gate0_gate2_cross_dataset_transfer_v1::pooled10_target_calibration,0,pooled10_target_calibration,P17,test_-_P17_-_lb_part_3,64,pearson_r,0.15548257712848768,1365,eegnet_pooled10_epoch_0,cross_dataset_transfer_zero_shot_plus_pooled10_target_calibration_v1::pooled10_target_calibration
weissbart_tf64,etard_tf64,eegnet,reconstruction,gate0_gate2_cross_dataset_transfer_v1::pooled10_target_calibration,0,pooled10_target_calibration,P17,test_-_P17_-_lb_part_4,64,pearson_r,0.11939646987781143,1501,eegnet_pooled10_epoch_0,cross_dataset_transfer_zero_shot_plus_pooled10_target_calibration_v1::pooled10_target_calibration
weissbart_tf64,etard_tf64,eegnet,reconstruction,gate0_gate2_cross_dataset_transfer_v1::pooled10_target_calibration,0,pooled10_target_calibration,P17,test_-_P17_-_mbDutch_part_1,64,pearson_r,-0.0773354217326083,1021,eegnet_pooled10_epoch_0,cross_dataset_transfer_zero_shot_plus_pooled10_target_calibration_v1::pooled10_target_calibration
weissbart_tf64,etard_tf64,eegnet,reconstruction,gate0_gate2_cross_dataset_transfer_v1::pooled10_target_calibration,0,pooled10_target_calibration,P17,test_-_P17_-_mbDutch_part_2,64,pearson_r,-0.05129103003375663,981,eegnet_pooled10_epoch_0,cross_dataset_transfer_zero_shot_plus_pooled10_target_calibration_v1::pooled10_target_calibration
weissbart_tf64,etard_tf64,eegnet,reconstruction,gate0_gate2_cross_dataset_transfer_v1::pooled10_target_calibration,0,pooled10_target_calibration,P17,test_-_P17_-_mbDutch_part_3,64,pearson_r,0.08920809535043502,995,eegnet_pooled10_epoch_0,cross_dataset_transfer_zero_shot_plus_pooled10_target_calibration_v1::pooled10_target_calibration
weissbart_tf64,etard_tf64,eegnet,reconstruction,gate0_gate2_cross_dataset_transfer_v1::pooled10_target_calibration,0,pooled10_target_calibration,P17,test_-_P17_-_mbDutch_part_4,64,pearson_r,-0.03262165522957641,1000,eegnet_pooled10_epoch_0,cross_dataset_transfer_zero_shot_plus_pooled10_target_calibration_v1::pooled10_target_calibration
weissbart_tf64,etard_tf64,eegnet,reconstruction,gate0_gate2_cross_dataset_transfer_v1::pooled10_target_calibration,0,pooled10_target_calibration,P17,test_-_P17_-_mb_part_1,64,pearson_r,-0.034207573775092884,945,eegnet_pooled10_epoch_0,cross_dataset_transfer_zero_shot_plus_pooled10_target_calibration_v1::pooled10_target_calibration
weissbart_tf64,etard_tf64,eegnet,reconstruction,gate0_gate2_cross_dataset_transfer_v1::pooled10_target_calibration,0,pooled10_target_calibration,P17,test_-_P17_-_mb_part_2,64,pearson_r,0.010345581237536596,994,eegnet_pooled10_epoch_0,cross_dataset_transfer_zero_shot_plus_pooled10_target_calibration_v1::pooled10_target_calibration
weissbart_tf64,etard_tf64,eegnet,reconstruction,gate0_gate2_cross_dataset_transfer_v1::pooled10_target_calibration,0,pooled10_target_calibration,P17,test_-_P17_-_mb_part_3,64,pearson_r,0.015328247118957524,995,eegnet_pooled10_epoch_0,cross_dataset_transfer_zero_shot_plus_pooled10_target_calibration_v1::pooled10_target_calibration
weissbart_tf64,etard_tf64,eegnet,reconstruction,gate0_gate2_cross_dataset_transfer_v1::pooled10_target_calibration,0,pooled10_target_calibration,P17,test_-_P17_-_mb_part_4,64,pearson_r,0.21841008717308158,1034,eegnet_pooled10_epoch_0,cross_dataset_transfer_zero_shot_plus_pooled10_target_calibration_v1::pooled10_target_calibration
