job_index,dataset,subject_id,model,seed,job_key,status,checkpoint_path
0,etard_tf64,P00,linear,0,etard_tf64:P00:linear:seed0,pending,local_checkpoints/gate0_gate2_subject_specific_modelset_etard_full_v1/etard_tf64__P00__linear__seed0.pt
1,etard_tf64,P00,ridge,0,etard_tf64:P00:ridge:seed0,pending,local_checkpoints/gate0_gate2_subject_specific_modelset_etard_full_v1/etard_tf64__P00__ridge__seed0.pt
2,etard_tf64,P00,lasso,0,etard_tf64:P00:lasso:seed0,pending,local_checkpoints/gate0_gate2_subject_specific_modelset_etard_full_v1/etard_tf64__P00__lasso__seed0.pt
3,etard_tf64,P00,elasticnet,0,etard_tf64:P00:elasticnet:seed0,pending,local_checkpoints/gate0_gate2_subject_specific_modelset_etard_full_v1/etard_tf64__P00__elasticnet__seed0.pt
4,etard_tf64,P00,cca,0,etard_tf64:P00:cca:seed0,pending,local_checkpoints/gate0_gate2_subject_specific_modelset_etard_full_v1/etard_tf64__P00__cca__seed0.pt
5,etard_tf64,P00,fcnn,0,etard_tf64:P00:fcnn:seed0,pending,local_checkpoints/gate0_gate2_subject_specific_modelset_etard_full_v1/etard_tf64__P00__fcnn__seed0.pt
6,etard_tf64,P00,dnn,0,etard_tf64:P00:dnn:seed0,pending,local_checkpoints/gate0_gate2_subject_specific_modelset_etard_full_v1/etard_tf64__P00__dnn__seed0.pt
7,etard_tf64,P00,cnn,0,etard_tf64:P00:cnn:seed0,pending,local_checkpoints/gate0_gate2_subject_specific_modelset_etard_full_v1/etard_tf64__P00__cnn__seed0.pt
8,etard_tf64,P00,eegnet,0,etard_tf64:P00:eegnet:seed0,pending,local_checkpoints/gate0_gate2_subject_specific_modelset_etard_full_v1/etard_tf64__P00__eegnet__seed0.pt
9,etard_tf64,P00,adt,0,etard_tf64:P00:adt:seed0,pending,local_checkpoints/gate0_gate2_subject_specific_modelset_etard_full_v1/etard_tf64__P00__adt__seed0.pt
10,etard_tf64,P00,vlaai,0,etard_tf64:P00:vlaai:seed0,pending,local_checkpoints/gate0_gate2_subject_specific_modelset_etard_full_v1/etard_tf64__P00__vlaai__seed0.pt
11,etard_tf64,P00,happyquokka,0,etard_tf64:P00:happyquokka:seed0,pending,local_checkpoints/gate0_gate2_subject_specific_modelset_etard_full_v1/etard_tf64__P00__happyquokka__seed0.pt
12,etard_tf64,P01,linear,0,etard_tf64:P01:linear:seed0,pending,local_checkpoints/gate0_gate2_subject_specific_modelset_etard_full_v1/etard_tf64__P01__linear__seed0.pt
13,etard_tf64,P01,ridge,0,etard_tf64:P01:ridge:seed0,pending,local_checkpoints/gate0_gate2_subject_specific_modelset_etard_full_v1/etard_tf64__P01__ridge__seed0.pt
14,etard_tf64,P01,lasso,0,etard_tf64:P01:lasso:seed0,pending,local_checkpoints/gate0_gate2_subject_specific_modelset_etard_full_v1/etard_tf64__P01__lasso__seed0.pt
15,etard_tf64,P01,elasticnet,0,etard_tf64:P01:elasticnet:seed0,pending,local_checkpoints/gate0_gate2_subject_specific_modelset_etard_full_v1/etard_tf64__P01__elasticnet__seed0.pt
16,etard_tf64,P01,cca,0,etard_tf64:P01:cca:seed0,pending,local_checkpoints/gate0_gate2_subject_specific_modelset_etard_full_v1/etard_tf64__P01__cca__seed0.pt
17,etard_tf64,P01,fcnn,0,etard_tf64:P01:fcnn:seed0,pending,local_checkpoints/gate0_gate2_subject_specific_modelset_etard_full_v1/etard_tf64__P01__fcnn__seed0.pt
18,etard_tf64,P01,dnn,0,etard_tf64:P01:dnn:seed0,pending,local_checkpoints/gate0_gate2_subject_specific_modelset_etard_full_v1/etard_tf64__P01__dnn__seed0.pt
19,etard_tf64,P01,cnn,0,etard_tf64:P01:cnn:seed0,pending,local_checkpoints/gate0_gate2_subject_specific_modelset_etard_full_v1/etard_tf64__P01__cnn__seed0.pt
20,etard_tf64,P01,eegnet,0,etard_tf64:P01:eegnet:seed0,pending,local_checkpoints/gate0_gate2_subject_specific_modelset_etard_full_v1/etard_tf64__P01__eegnet__seed0.pt
21,etard_tf64,P01,adt,0,etard_tf64:P01:adt:seed0,pending,local_checkpoints/gate0_gate2_subject_specific_modelset_etard_full_v1/etard_tf64__P01__adt__seed0.pt
22,etard_tf64,P01,vlaai,0,etard_tf64:P01:vlaai:seed0,pending,local_checkpoints/gate0_gate2_subject_specific_modelset_etard_full_v1/etard_tf64__P01__vlaai__seed0.pt
23,etard_tf64,P01,happyquokka,0,etard_tf64:P01:happyquokka:seed0,pending,local_checkpoints/gate0_gate2_subject_specific_modelset_etard_full_v1/etard_tf64__P01__happyquokka__seed0.pt
24,etard_tf64,P02,linear,0,etard_tf64:P02:linear:seed0,pending,local_checkpoints/gate0_gate2_subject_specific_modelset_etard_full_v1/etard_tf64__P02__linear__seed0.pt
25,etard_tf64,P02,ridge,0,etard_tf64:P02:ridge:seed0,pending,local_checkpoints/gate0_gate2_subject_specific_modelset_etard_full_v1/etard_tf64__P02__ridge__seed0.pt
26,etard_tf64,P02,lasso,0,etard_tf64:P02:lasso:seed0,pending,local_checkpoints/gate0_gate2_subject_specific_modelset_etard_full_v1/etard_tf64__P02__lasso__seed0.pt
27,etard_tf64,P02,elasticnet,0,etard_tf64:P02:elasticnet:seed0,pending,local_checkpoints/gate0_gate2_subject_specific_modelset_etard_full_v1/etard_tf64__P02__elasticnet__seed0.pt
28,etard_tf64,P02,cca,0,etard_tf64:P02:cca:seed0,pending,local_checkpoints/gate0_gate2_subject_specific_modelset_etard_full_v1/etard_tf64__P02__cca__seed0.pt
29,etard_tf64,P02,fcnn,0,etard_tf64:P02:fcnn:seed0,pending,local_checkpoints/gate0_gate2_subject_specific_modelset_etard_full_v1/etard_tf64__P02__fcnn__seed0.pt
30,etard_tf64,P02,dnn,0,etard_tf64:P02:dnn:seed0,pending,local_checkpoints/gate0_gate2_subject_specific_modelset_etard_full_v1/etard_tf64__P02__dnn__seed0.pt
31,etard_tf64,P02,cnn,0,etard_tf64:P02:cnn:seed0,pending,local_checkpoints/gate0_gate2_subject_specific_modelset_etard_full_v1/etard_tf64__P02__cnn__seed0.pt
32,etard_tf64,P02,eegnet,0,etard_tf64:P02:eegnet:seed0,pending,local_checkpoints/gate0_gate2_subject_specific_modelset_etard_full_v1/etard_tf64__P02__eegnet__seed0.pt
33,etard_tf64,P02,adt,0,etard_tf64:P02:adt:seed0,pending,local_checkpoints/gate0_gate2_subject_specific_modelset_etard_full_v1/etard_tf64__P02__adt__seed0.pt
34,etard_tf64,P02,vlaai,0,etard_tf64:P02:vlaai:seed0,pending,local_checkpoints/gate0_gate2_subject_specific_modelset_etard_full_v1/etard_tf64__P02__vlaai__seed0.pt
35,etard_tf64,P02,happyquokka,0,etard_tf64:P02:happyquokka:seed0,pending,local_checkpoints/gate0_gate2_subject_specific_modelset_etard_full_v1/etard_tf64__P02__happyquokka__seed0.pt
36,etard_tf64,P03,linear,0,etard_tf64:P03:linear:seed0,pending,local_checkpoints/gate0_gate2_subject_specific_modelset_etard_full_v1/etard_tf64__P03__linear__seed0.pt
37,etard_tf64,P03,ridge,0,etard_tf64:P03:ridge:seed0,pending,local_checkpoints/gate0_gate2_subject_specific_modelset_etard_full_v1/etard_tf64__P03__ridge__seed0.pt
38,etard_tf64,P03,lasso,0,etard_tf64:P03:lasso:seed0,pending,local_checkpoints/gate0_gate2_subject_specific_modelset_etard_full_v1/etard_tf64__P03__lasso__seed0.pt
39,etard_tf64,P03,elasticnet,0,etard_tf64:P03:elasticnet:seed0,pending,local_checkpoints/gate0_gate2_subject_specific_modelset_etard_full_v1/etard_tf64__P03__elasticnet__seed0.pt
40,etard_tf64,P03,cca,0,etard_tf64:P03:cca:seed0,pending,local_checkpoints/gate0_gate2_subject_specific_modelset_etard_full_v1/etard_tf64__P03__cca__seed0.pt
41,etard_tf64,P03,fcnn,0,etard_tf64:P03:fcnn:seed0,pending,local_checkpoints/gate0_gate2_subject_specific_modelset_etard_full_v1/etard_tf64__P03__fcnn__seed0.pt
42,etard_tf64,P03,dnn,0,etard_tf64:P03:dnn:seed0,pending,local_checkpoints/gate0_gate2_subject_specific_modelset_etard_full_v1/etard_tf64__P03__dnn__seed0.pt
43,etard_tf64,P03,cnn,0,etard_tf64:P03:cnn:seed0,pending,local_checkpoints/gate0_gate2_subject_specific_modelset_etard_full_v1/etard_tf64__P03__cnn__seed0.pt
44,etard_tf64,P03,eegnet,0,etard_tf64:P03:eegnet:seed0,pending,local_checkpoints/gate0_gate2_subject_specific_modelset_etard_full_v1/etard_tf64__P03__eegnet__seed0.pt
45,etard_tf64,P03,adt,0,etard_tf64:P03:adt:seed0,pending,local_checkpoints/gate0_gate2_subject_specific_modelset_etard_full_v1/etard_tf64__P03__adt__seed0.pt
46,etard_tf64,P03,vlaai,0,etard_tf64:P03:vlaai:seed0,pending,local_checkpoints/gate0_gate2_subject_specific_modelset_etard_full_v1/etard_tf64__P03__vlaai__seed0.pt
47,etard_tf64,P03,happyquokka,0,etard_tf64:P03:happyquokka:seed0,pending,local_checkpoints/gate0_gate2_subject_specific_modelset_etard_full_v1/etard_tf64__P03__happyquokka__seed0.pt
48,etard_tf64,P04,linear,0,etard_tf64:P04:linear:seed0,pending,local_checkpoints/gate0_gate2_subject_specific_modelset_etard_full_v1/etard_tf64__P04__linear__seed0.pt
49,etard_tf64,P04,ridge,0,etard_tf64:P04:ridge:seed0,pending,local_checkpoints/gate0_gate2_subject_specific_modelset_etard_full_v1/etard_tf64__P04__ridge__seed0.pt
50,etard_tf64,P04,lasso,0,etard_tf64:P04:lasso:seed0,pending,local_checkpoints/gate0_gate2_subject_specific_modelset_etard_full_v1/etard_tf64__P04__lasso__seed0.pt
51,etard_tf64,P04,elasticnet,0,etard_tf64:P04:elasticnet:seed0,pending,local_checkpoints/gate0_gate2_subject_specific_modelset_etard_full_v1/etard_tf64__P04__elasticnet__seed0.pt
52,etard_tf64,P04,cca,0,etard_tf64:P04:cca:seed0,pending,local_checkpoints/gate0_gate2_subject_specific_modelset_etard_full_v1/etard_tf64__P04__cca__seed0.pt
53,etard_tf64,P04,fcnn,0,etard_tf64:P04:fcnn:seed0,pending,local_checkpoints/gate0_gate2_subject_specific_modelset_etard_full_v1/etard_tf64__P04__fcnn__seed0.pt
54,etard_tf64,P04,dnn,0,etard_tf64:P04:dnn:seed0,pending,local_checkpoints/gate0_gate2_subject_specific_modelset_etard_full_v1/etard_tf64__P04__dnn__seed0.pt
55,etard_tf64,P04,cnn,0,etard_tf64:P04:cnn:seed0,pending,local_checkpoints/gate0_gate2_subject_specific_modelset_etard_full_v1/etard_tf64__P04__cnn__seed0.pt
56,etard_tf64,P04,eegnet,0,etard_tf64:P04:eegnet:seed0,pending,local_checkpoints/gate0_gate2_subject_specific_modelset_etard_full_v1/etard_tf64__P04__eegnet__seed0.pt
57,etard_tf64,P04,adt,0,etard_tf64:P04:adt:seed0,pending,local_checkpoints/gate0_gate2_subject_specific_modelset_etard_full_v1/etard_tf64__P04__adt__seed0.pt
58,etard_tf64,P04,vlaai,0,etard_tf64:P04:vlaai:seed0,pending,local_checkpoints/gate0_gate2_subject_specific_modelset_etard_full_v1/etard_tf64__P04__vlaai__seed0.pt
59,etard_tf64,P04,happyquokka,0,etard_tf64:P04:happyquokka:seed0,pending,local_checkpoints/gate0_gate2_subject_specific_modelset_etard_full_v1/etard_tf64__P04__happyquokka__seed0.pt
60,etard_tf64,P05,linear,0,etard_tf64:P05:linear:seed0,pending,local_checkpoints/gate0_gate2_subject_specific_modelset_etard_full_v1/etard_tf64__P05__linear__seed0.pt
61,etard_tf64,P05,ridge,0,etard_tf64:P05:ridge:seed0,pending,local_checkpoints/gate0_gate2_subject_specific_modelset_etard_full_v1/etard_tf64__P05__ridge__seed0.pt
62,etard_tf64,P05,lasso,0,etard_tf64:P05:lasso:seed0,pending,local_checkpoints/gate0_gate2_subject_specific_modelset_etard_full_v1/etard_tf64__P05__lasso__seed0.pt
63,etard_tf64,P05,elasticnet,0,etard_tf64:P05:elasticnet:seed0,pending,local_checkpoints/gate0_gate2_subject_specific_modelset_etard_full_v1/etard_tf64__P05__elasticnet__seed0.pt
64,etard_tf64,P05,cca,0,etard_tf64:P05:cca:seed0,pending,local_checkpoints/gate0_gate2_subject_specific_modelset_etard_full_v1/etard_tf64__P05__cca__seed0.pt
65,etard_tf64,P05,fcnn,0,etard_tf64:P05:fcnn:seed0,pending,local_checkpoints/gate0_gate2_subject_specific_modelset_etard_full_v1/etard_tf64__P05__fcnn__seed0.pt
66,etard_tf64,P05,dnn,0,etard_tf64:P05:dnn:seed0,pending,local_checkpoints/gate0_gate2_subject_specific_modelset_etard_full_v1/etard_tf64__P05__dnn__seed0.pt
67,etard_tf64,P05,cnn,0,etard_tf64:P05:cnn:seed0,pending,local_checkpoints/gate0_gate2_subject_specific_modelset_etard_full_v1/etard_tf64__P05__cnn__seed0.pt
68,etard_tf64,P05,eegnet,0,etard_tf64:P05:eegnet:seed0,pending,local_checkpoints/gate0_gate2_subject_specific_modelset_etard_full_v1/etard_tf64__P05__eegnet__seed0.pt
69,etard_tf64,P05,adt,0,etard_tf64:P05:adt:seed0,pending,local_checkpoints/gate0_gate2_subject_specific_modelset_etard_full_v1/etard_tf64__P05__adt__seed0.pt
70,etard_tf64,P05,vlaai,0,etard_tf64:P05:vlaai:seed0,pending,local_checkpoints/gate0_gate2_subject_specific_modelset_etard_full_v1/etard_tf64__P05__vlaai__seed0.pt
71,etard_tf64,P05,happyquokka,0,etard_tf64:P05:happyquokka:seed0,pending,local_checkpoints/gate0_gate2_subject_specific_modelset_etard_full_v1/etard_tf64__P05__happyquokka__seed0.pt
72,etard_tf64,P06,linear,0,etard_tf64:P06:linear:seed0,pending,local_checkpoints/gate0_gate2_subject_specific_modelset_etard_full_v1/etard_tf64__P06__linear__seed0.pt
73,etard_tf64,P06,ridge,0,etard_tf64:P06:ridge:seed0,pending,local_checkpoints/gate0_gate2_subject_specific_modelset_etard_full_v1/etard_tf64__P06__ridge__seed0.pt
74,etard_tf64,P06,lasso,0,etard_tf64:P06:lasso:seed0,pending,local_checkpoints/gate0_gate2_subject_specific_modelset_etard_full_v1/etard_tf64__P06__lasso__seed0.pt
75,etard_tf64,P06,elasticnet,0,etard_tf64:P06:elasticnet:seed0,pending,local_checkpoints/gate0_gate2_subject_specific_modelset_etard_full_v1/etard_tf64__P06__elasticnet__seed0.pt
76,etard_tf64,P06,cca,0,etard_tf64:P06:cca:seed0,pending,local_checkpoints/gate0_gate2_subject_specific_modelset_etard_full_v1/etard_tf64__P06__cca__seed0.pt
77,etard_tf64,P06,fcnn,0,etard_tf64:P06:fcnn:seed0,pending,local_checkpoints/gate0_gate2_subject_specific_modelset_etard_full_v1/etard_tf64__P06__fcnn__seed0.pt
78,etard_tf64,P06,dnn,0,etard_tf64:P06:dnn:seed0,pending,local_checkpoints/gate0_gate2_subject_specific_modelset_etard_full_v1/etard_tf64__P06__dnn__seed0.pt
79,etard_tf64,P06,cnn,0,etard_tf64:P06:cnn:seed0,pending,local_checkpoints/gate0_gate2_subject_specific_modelset_etard_full_v1/etard_tf64__P06__cnn__seed0.pt
80,etard_tf64,P06,eegnet,0,etard_tf64:P06:eegnet:seed0,pending,local_checkpoints/gate0_gate2_subject_specific_modelset_etard_full_v1/etard_tf64__P06__eegnet__seed0.pt
81,etard_tf64,P06,adt,0,etard_tf64:P06:adt:seed0,pending,local_checkpoints/gate0_gate2_subject_specific_modelset_etard_full_v1/etard_tf64__P06__adt__seed0.pt
82,etard_tf64,P06,vlaai,0,etard_tf64:P06:vlaai:seed0,pending,local_checkpoints/gate0_gate2_subject_specific_modelset_etard_full_v1/etard_tf64__P06__vlaai__seed0.pt
83,etard_tf64,P06,happyquokka,0,etard_tf64:P06:happyquokka:seed0,pending,local_checkpoints/gate0_gate2_subject_specific_modelset_etard_full_v1/etard_tf64__P06__happyquokka__seed0.pt
84,etard_tf64,P07,linear,0,etard_tf64:P07:linear:seed0,pending,local_checkpoints/gate0_gate2_subject_specific_modelset_etard_full_v1/etard_tf64__P07__linear__seed0.pt
85,etard_tf64,P07,ridge,0,etard_tf64:P07:ridge:seed0,pending,local_checkpoints/gate0_gate2_subject_specific_modelset_etard_full_v1/etard_tf64__P07__ridge__seed0.pt
86,etard_tf64,P07,lasso,0,etard_tf64:P07:lasso:seed0,pending,local_checkpoints/gate0_gate2_subject_specific_modelset_etard_full_v1/etard_tf64__P07__lasso__seed0.pt
87,etard_tf64,P07,elasticnet,0,etard_tf64:P07:elasticnet:seed0,pending,local_checkpoints/gate0_gate2_subject_specific_modelset_etard_full_v1/etard_tf64__P07__elasticnet__seed0.pt
88,etard_tf64,P07,cca,0,etard_tf64:P07:cca:seed0,pending,local_checkpoints/gate0_gate2_subject_specific_modelset_etard_full_v1/etard_tf64__P07__cca__seed0.pt
89,etard_tf64,P07,fcnn,0,etard_tf64:P07:fcnn:seed0,pending,local_checkpoints/gate0_gate2_subject_specific_modelset_etard_full_v1/etard_tf64__P07__fcnn__seed0.pt
90,etard_tf64,P07,dnn,0,etard_tf64:P07:dnn:seed0,pending,local_checkpoints/gate0_gate2_subject_specific_modelset_etard_full_v1/etard_tf64__P07__dnn__seed0.pt
91,etard_tf64,P07,cnn,0,etard_tf64:P07:cnn:seed0,pending,local_checkpoints/gate0_gate2_subject_specific_modelset_etard_full_v1/etard_tf64__P07__cnn__seed0.pt
92,etard_tf64,P07,eegnet,0,etard_tf64:P07:eegnet:seed0,pending,local_checkpoints/gate0_gate2_subject_specific_modelset_etard_full_v1/etard_tf64__P07__eegnet__seed0.pt
93,etard_tf64,P07,adt,0,etard_tf64:P07:adt:seed0,pending,local_checkpoints/gate0_gate2_subject_specific_modelset_etard_full_v1/etard_tf64__P07__adt__seed0.pt
94,etard_tf64,P07,vlaai,0,etard_tf64:P07:vlaai:seed0,pending,local_checkpoints/gate0_gate2_subject_specific_modelset_etard_full_v1/etard_tf64__P07__vlaai__seed0.pt
95,etard_tf64,P07,happyquokka,0,etard_tf64:P07:happyquokka:seed0,pending,local_checkpoints/gate0_gate2_subject_specific_modelset_etard_full_v1/etard_tf64__P07__happyquokka__seed0.pt
96,etard_tf64,P08,linear,0,etard_tf64:P08:linear:seed0,pending,local_checkpoints/gate0_gate2_subject_specific_modelset_etard_full_v1/etard_tf64__P08__linear__seed0.pt
97,etard_tf64,P08,ridge,0,etard_tf64:P08:ridge:seed0,pending,local_checkpoints/gate0_gate2_subject_specific_modelset_etard_full_v1/etard_tf64__P08__ridge__seed0.pt
98,etard_tf64,P08,lasso,0,etard_tf64:P08:lasso:seed0,pending,local_checkpoints/gate0_gate2_subject_specific_modelset_etard_full_v1/etard_tf64__P08__lasso__seed0.pt
99,etard_tf64,P08,elasticnet,0,etard_tf64:P08:elasticnet:seed0,pending,local_checkpoints/gate0_gate2_subject_specific_modelset_etard_full_v1/etard_tf64__P08__elasticnet__seed0.pt
100,etard_tf64,P08,cca,0,etard_tf64:P08:cca:seed0,pending,local_checkpoints/gate0_gate2_subject_specific_modelset_etard_full_v1/etard_tf64__P08__cca__seed0.pt
101,etard_tf64,P08,fcnn,0,etard_tf64:P08:fcnn:seed0,pending,local_checkpoints/gate0_gate2_subject_specific_modelset_etard_full_v1/etard_tf64__P08__fcnn__seed0.pt
102,etard_tf64,P08,dnn,0,etard_tf64:P08:dnn:seed0,pending,local_checkpoints/gate0_gate2_subject_specific_modelset_etard_full_v1/etard_tf64__P08__dnn__seed0.pt
103,etard_tf64,P08,cnn,0,etard_tf64:P08:cnn:seed0,pending,local_checkpoints/gate0_gate2_subject_specific_modelset_etard_full_v1/etard_tf64__P08__cnn__seed0.pt
104,etard_tf64,P08,eegnet,0,etard_tf64:P08:eegnet:seed0,pending,local_checkpoints/gate0_gate2_subject_specific_modelset_etard_full_v1/etard_tf64__P08__eegnet__seed0.pt
105,etard_tf64,P08,adt,0,etard_tf64:P08:adt:seed0,pending,local_checkpoints/gate0_gate2_subject_specific_modelset_etard_full_v1/etard_tf64__P08__adt__seed0.pt
106,etard_tf64,P08,vlaai,0,etard_tf64:P08:vlaai:seed0,pending,local_checkpoints/gate0_gate2_subject_specific_modelset_etard_full_v1/etard_tf64__P08__vlaai__seed0.pt
107,etard_tf64,P08,happyquokka,0,etard_tf64:P08:happyquokka:seed0,pending,local_checkpoints/gate0_gate2_subject_specific_modelset_etard_full_v1/etard_tf64__P08__happyquokka__seed0.pt
108,etard_tf64,P09,linear,0,etard_tf64:P09:linear:seed0,pending,local_checkpoints/gate0_gate2_subject_specific_modelset_etard_full_v1/etard_tf64__P09__linear__seed0.pt
109,etard_tf64,P09,ridge,0,etard_tf64:P09:ridge:seed0,pending,local_checkpoints/gate0_gate2_subject_specific_modelset_etard_full_v1/etard_tf64__P09__ridge__seed0.pt
110,etard_tf64,P09,lasso,0,etard_tf64:P09:lasso:seed0,pending,local_checkpoints/gate0_gate2_subject_specific_modelset_etard_full_v1/etard_tf64__P09__lasso__seed0.pt
111,etard_tf64,P09,elasticnet,0,etard_tf64:P09:elasticnet:seed0,pending,local_checkpoints/gate0_gate2_subject_specific_modelset_etard_full_v1/etard_tf64__P09__elasticnet__seed0.pt
112,etard_tf64,P09,cca,0,etard_tf64:P09:cca:seed0,pending,local_checkpoints/gate0_gate2_subject_specific_modelset_etard_full_v1/etard_tf64__P09__cca__seed0.pt
113,etard_tf64,P09,fcnn,0,etard_tf64:P09:fcnn:seed0,pending,local_checkpoints/gate0_gate2_subject_specific_modelset_etard_full_v1/etard_tf64__P09__fcnn__seed0.pt
114,etard_tf64,P09,dnn,0,etard_tf64:P09:dnn:seed0,pending,local_checkpoints/gate0_gate2_subject_specific_modelset_etard_full_v1/etard_tf64__P09__dnn__seed0.pt
115,etard_tf64,P09,cnn,0,etard_tf64:P09:cnn:seed0,pending,local_checkpoints/gate0_gate2_subject_specific_modelset_etard_full_v1/etard_tf64__P09__cnn__seed0.pt
116,etard_tf64,P09,eegnet,0,etard_tf64:P09:eegnet:seed0,pending,local_checkpoints/gate0_gate2_subject_specific_modelset_etard_full_v1/etard_tf64__P09__eegnet__seed0.pt
117,etard_tf64,P09,adt,0,etard_tf64:P09:adt:seed0,pending,local_checkpoints/gate0_gate2_subject_specific_modelset_etard_full_v1/etard_tf64__P09__adt__seed0.pt
118,etard_tf64,P09,vlaai,0,etard_tf64:P09:vlaai:seed0,pending,local_checkpoints/gate0_gate2_subject_specific_modelset_etard_full_v1/etard_tf64__P09__vlaai__seed0.pt
119,etard_tf64,P09,happyquokka,0,etard_tf64:P09:happyquokka:seed0,pending,local_checkpoints/gate0_gate2_subject_specific_modelset_etard_full_v1/etard_tf64__P09__happyquokka__seed0.pt
120,etard_tf64,P10,linear,0,etard_tf64:P10:linear:seed0,pending,local_checkpoints/gate0_gate2_subject_specific_modelset_etard_full_v1/etard_tf64__P10__linear__seed0.pt
121,etard_tf64,P10,ridge,0,etard_tf64:P10:ridge:seed0,pending,local_checkpoints/gate0_gate2_subject_specific_modelset_etard_full_v1/etard_tf64__P10__ridge__seed0.pt
122,etard_tf64,P10,lasso,0,etard_tf64:P10:lasso:seed0,pending,local_checkpoints/gate0_gate2_subject_specific_modelset_etard_full_v1/etard_tf64__P10__lasso__seed0.pt
123,etard_tf64,P10,elasticnet,0,etard_tf64:P10:elasticnet:seed0,pending,local_checkpoints/gate0_gate2_subject_specific_modelset_etard_full_v1/etard_tf64__P10__elasticnet__seed0.pt
124,etard_tf64,P10,cca,0,etard_tf64:P10:cca:seed0,pending,local_checkpoints/gate0_gate2_subject_specific_modelset_etard_full_v1/etard_tf64__P10__cca__seed0.pt
125,etard_tf64,P10,fcnn,0,etard_tf64:P10:fcnn:seed0,pending,local_checkpoints/gate0_gate2_subject_specific_modelset_etard_full_v1/etard_tf64__P10__fcnn__seed0.pt
126,etard_tf64,P10,dnn,0,etard_tf64:P10:dnn:seed0,pending,local_checkpoints/gate0_gate2_subject_specific_modelset_etard_full_v1/etard_tf64__P10__dnn__seed0.pt
127,etard_tf64,P10,cnn,0,etard_tf64:P10:cnn:seed0,pending,local_checkpoints/gate0_gate2_subject_specific_modelset_etard_full_v1/etard_tf64__P10__cnn__seed0.pt
128,etard_tf64,P10,eegnet,0,etard_tf64:P10:eegnet:seed0,pending,local_checkpoints/gate0_gate2_subject_specific_modelset_etard_full_v1/etard_tf64__P10__eegnet__seed0.pt
129,etard_tf64,P10,adt,0,etard_tf64:P10:adt:seed0,pending,local_checkpoints/gate0_gate2_subject_specific_modelset_etard_full_v1/etard_tf64__P10__adt__seed0.pt
130,etard_tf64,P10,vlaai,0,etard_tf64:P10:vlaai:seed0,pending,local_checkpoints/gate0_gate2_subject_specific_modelset_etard_full_v1/etard_tf64__P10__vlaai__seed0.pt
131,etard_tf64,P10,happyquokka,0,etard_tf64:P10:happyquokka:seed0,pending,local_checkpoints/gate0_gate2_subject_specific_modelset_etard_full_v1/etard_tf64__P10__happyquokka__seed0.pt
132,etard_tf64,P11,linear,0,etard_tf64:P11:linear:seed0,pending,local_checkpoints/gate0_gate2_subject_specific_modelset_etard_full_v1/etard_tf64__P11__linear__seed0.pt
133,etard_tf64,P11,ridge,0,etard_tf64:P11:ridge:seed0,pending,local_checkpoints/gate0_gate2_subject_specific_modelset_etard_full_v1/etard_tf64__P11__ridge__seed0.pt
134,etard_tf64,P11,lasso,0,etard_tf64:P11:lasso:seed0,pending,local_checkpoints/gate0_gate2_subject_specific_modelset_etard_full_v1/etard_tf64__P11__lasso__seed0.pt
135,etard_tf64,P11,elasticnet,0,etard_tf64:P11:elasticnet:seed0,pending,local_checkpoints/gate0_gate2_subject_specific_modelset_etard_full_v1/etard_tf64__P11__elasticnet__seed0.pt
136,etard_tf64,P11,cca,0,etard_tf64:P11:cca:seed0,pending,local_checkpoints/gate0_gate2_subject_specific_modelset_etard_full_v1/etard_tf64__P11__cca__seed0.pt
137,etard_tf64,P11,fcnn,0,etard_tf64:P11:fcnn:seed0,pending,local_checkpoints/gate0_gate2_subject_specific_modelset_etard_full_v1/etard_tf64__P11__fcnn__seed0.pt
138,etard_tf64,P11,dnn,0,etard_tf64:P11:dnn:seed0,pending,local_checkpoints/gate0_gate2_subject_specific_modelset_etard_full_v1/etard_tf64__P11__dnn__seed0.pt
139,etard_tf64,P11,cnn,0,etard_tf64:P11:cnn:seed0,pending,local_checkpoints/gate0_gate2_subject_specific_modelset_etard_full_v1/etard_tf64__P11__cnn__seed0.pt
140,etard_tf64,P11,eegnet,0,etard_tf64:P11:eegnet:seed0,pending,local_checkpoints/gate0_gate2_subject_specific_modelset_etard_full_v1/etard_tf64__P11__eegnet__seed0.pt
141,etard_tf64,P11,adt,0,etard_tf64:P11:adt:seed0,pending,local_checkpoints/gate0_gate2_subject_specific_modelset_etard_full_v1/etard_tf64__P11__adt__seed0.pt
142,etard_tf64,P11,vlaai,0,etard_tf64:P11:vlaai:seed0,pending,local_checkpoints/gate0_gate2_subject_specific_modelset_etard_full_v1/etard_tf64__P11__vlaai__seed0.pt
143,etard_tf64,P11,happyquokka,0,etard_tf64:P11:happyquokka:seed0,pending,local_checkpoints/gate0_gate2_subject_specific_modelset_etard_full_v1/etard_tf64__P11__happyquokka__seed0.pt
144,etard_tf64,P12,linear,0,etard_tf64:P12:linear:seed0,pending,local_checkpoints/gate0_gate2_subject_specific_modelset_etard_full_v1/etard_tf64__P12__linear__seed0.pt
145,etard_tf64,P12,ridge,0,etard_tf64:P12:ridge:seed0,pending,local_checkpoints/gate0_gate2_subject_specific_modelset_etard_full_v1/etard_tf64__P12__ridge__seed0.pt
146,etard_tf64,P12,lasso,0,etard_tf64:P12:lasso:seed0,pending,local_checkpoints/gate0_gate2_subject_specific_modelset_etard_full_v1/etard_tf64__P12__lasso__seed0.pt
147,etard_tf64,P12,elasticnet,0,etard_tf64:P12:elasticnet:seed0,pending,local_checkpoints/gate0_gate2_subject_specific_modelset_etard_full_v1/etard_tf64__P12__elasticnet__seed0.pt
148,etard_tf64,P12,cca,0,etard_tf64:P12:cca:seed0,pending,local_checkpoints/gate0_gate2_subject_specific_modelset_etard_full_v1/etard_tf64__P12__cca__seed0.pt
149,etard_tf64,P12,fcnn,0,etard_tf64:P12:fcnn:seed0,pending,local_checkpoints/gate0_gate2_subject_specific_modelset_etard_full_v1/etard_tf64__P12__fcnn__seed0.pt
150,etard_tf64,P12,dnn,0,etard_tf64:P12:dnn:seed0,pending,local_checkpoints/gate0_gate2_subject_specific_modelset_etard_full_v1/etard_tf64__P12__dnn__seed0.pt
151,etard_tf64,P12,cnn,0,etard_tf64:P12:cnn:seed0,pending,local_checkpoints/gate0_gate2_subject_specific_modelset_etard_full_v1/etard_tf64__P12__cnn__seed0.pt
152,etard_tf64,P12,eegnet,0,etard_tf64:P12:eegnet:seed0,pending,local_checkpoints/gate0_gate2_subject_specific_modelset_etard_full_v1/etard_tf64__P12__eegnet__seed0.pt
153,etard_tf64,P12,adt,0,etard_tf64:P12:adt:seed0,pending,local_checkpoints/gate0_gate2_subject_specific_modelset_etard_full_v1/etard_tf64__P12__adt__seed0.pt
154,etard_tf64,P12,vlaai,0,etard_tf64:P12:vlaai:seed0,pending,local_checkpoints/gate0_gate2_subject_specific_modelset_etard_full_v1/etard_tf64__P12__vlaai__seed0.pt
155,etard_tf64,P12,happyquokka,0,etard_tf64:P12:happyquokka:seed0,pending,local_checkpoints/gate0_gate2_subject_specific_modelset_etard_full_v1/etard_tf64__P12__happyquokka__seed0.pt
156,etard_tf64,P13,linear,0,etard_tf64:P13:linear:seed0,pending,local_checkpoints/gate0_gate2_subject_specific_modelset_etard_full_v1/etard_tf64__P13__linear__seed0.pt
157,etard_tf64,P13,ridge,0,etard_tf64:P13:ridge:seed0,pending,local_checkpoints/gate0_gate2_subject_specific_modelset_etard_full_v1/etard_tf64__P13__ridge__seed0.pt
158,etard_tf64,P13,lasso,0,etard_tf64:P13:lasso:seed0,pending,local_checkpoints/gate0_gate2_subject_specific_modelset_etard_full_v1/etard_tf64__P13__lasso__seed0.pt
159,etard_tf64,P13,elasticnet,0,etard_tf64:P13:elasticnet:seed0,pending,local_checkpoints/gate0_gate2_subject_specific_modelset_etard_full_v1/etard_tf64__P13__elasticnet__seed0.pt
160,etard_tf64,P13,cca,0,etard_tf64:P13:cca:seed0,pending,local_checkpoints/gate0_gate2_subject_specific_modelset_etard_full_v1/etard_tf64__P13__cca__seed0.pt
161,etard_tf64,P13,fcnn,0,etard_tf64:P13:fcnn:seed0,pending,local_checkpoints/gate0_gate2_subject_specific_modelset_etard_full_v1/etard_tf64__P13__fcnn__seed0.pt
162,etard_tf64,P13,dnn,0,etard_tf64:P13:dnn:seed0,pending,local_checkpoints/gate0_gate2_subject_specific_modelset_etard_full_v1/etard_tf64__P13__dnn__seed0.pt
163,etard_tf64,P13,cnn,0,etard_tf64:P13:cnn:seed0,pending,local_checkpoints/gate0_gate2_subject_specific_modelset_etard_full_v1/etard_tf64__P13__cnn__seed0.pt
164,etard_tf64,P13,eegnet,0,etard_tf64:P13:eegnet:seed0,pending,local_checkpoints/gate0_gate2_subject_specific_modelset_etard_full_v1/etard_tf64__P13__eegnet__seed0.pt
165,etard_tf64,P13,adt,0,etard_tf64:P13:adt:seed0,pending,local_checkpoints/gate0_gate2_subject_specific_modelset_etard_full_v1/etard_tf64__P13__adt__seed0.pt
166,etard_tf64,P13,vlaai,0,etard_tf64:P13:vlaai:seed0,pending,local_checkpoints/gate0_gate2_subject_specific_modelset_etard_full_v1/etard_tf64__P13__vlaai__seed0.pt
167,etard_tf64,P13,happyquokka,0,etard_tf64:P13:happyquokka:seed0,pending,local_checkpoints/gate0_gate2_subject_specific_modelset_etard_full_v1/etard_tf64__P13__happyquokka__seed0.pt
168,etard_tf64,P14,linear,0,etard_tf64:P14:linear:seed0,pending,local_checkpoints/gate0_gate2_subject_specific_modelset_etard_full_v1/etard_tf64__P14__linear__seed0.pt
169,etard_tf64,P14,ridge,0,etard_tf64:P14:ridge:seed0,pending,local_checkpoints/gate0_gate2_subject_specific_modelset_etard_full_v1/etard_tf64__P14__ridge__seed0.pt
170,etard_tf64,P14,lasso,0,etard_tf64:P14:lasso:seed0,pending,local_checkpoints/gate0_gate2_subject_specific_modelset_etard_full_v1/etard_tf64__P14__lasso__seed0.pt
171,etard_tf64,P14,elasticnet,0,etard_tf64:P14:elasticnet:seed0,pending,local_checkpoints/gate0_gate2_subject_specific_modelset_etard_full_v1/etard_tf64__P14__elasticnet__seed0.pt
172,etard_tf64,P14,cca,0,etard_tf64:P14:cca:seed0,pending,local_checkpoints/gate0_gate2_subject_specific_modelset_etard_full_v1/etard_tf64__P14__cca__seed0.pt
173,etard_tf64,P14,fcnn,0,etard_tf64:P14:fcnn:seed0,pending,local_checkpoints/gate0_gate2_subject_specific_modelset_etard_full_v1/etard_tf64__P14__fcnn__seed0.pt
174,etard_tf64,P14,dnn,0,etard_tf64:P14:dnn:seed0,pending,local_checkpoints/gate0_gate2_subject_specific_modelset_etard_full_v1/etard_tf64__P14__dnn__seed0.pt
175,etard_tf64,P14,cnn,0,etard_tf64:P14:cnn:seed0,pending,local_checkpoints/gate0_gate2_subject_specific_modelset_etard_full_v1/etard_tf64__P14__cnn__seed0.pt
176,etard_tf64,P14,eegnet,0,etard_tf64:P14:eegnet:seed0,pending,local_checkpoints/gate0_gate2_subject_specific_modelset_etard_full_v1/etard_tf64__P14__eegnet__seed0.pt
177,etard_tf64,P14,adt,0,etard_tf64:P14:adt:seed0,pending,local_checkpoints/gate0_gate2_subject_specific_modelset_etard_full_v1/etard_tf64__P14__adt__seed0.pt
178,etard_tf64,P14,vlaai,0,etard_tf64:P14:vlaai:seed0,pending,local_checkpoints/gate0_gate2_subject_specific_modelset_etard_full_v1/etard_tf64__P14__vlaai__seed0.pt
179,etard_tf64,P14,happyquokka,0,etard_tf64:P14:happyquokka:seed0,pending,local_checkpoints/gate0_gate2_subject_specific_modelset_etard_full_v1/etard_tf64__P14__happyquokka__seed0.pt
180,etard_tf64,P15,linear,0,etard_tf64:P15:linear:seed0,pending,local_checkpoints/gate0_gate2_subject_specific_modelset_etard_full_v1/etard_tf64__P15__linear__seed0.pt
181,etard_tf64,P15,ridge,0,etard_tf64:P15:ridge:seed0,pending,local_checkpoints/gate0_gate2_subject_specific_modelset_etard_full_v1/etard_tf64__P15__ridge__seed0.pt
182,etard_tf64,P15,lasso,0,etard_tf64:P15:lasso:seed0,pending,local_checkpoints/gate0_gate2_subject_specific_modelset_etard_full_v1/etard_tf64__P15__lasso__seed0.pt
183,etard_tf64,P15,elasticnet,0,etard_tf64:P15:elasticnet:seed0,pending,local_checkpoints/gate0_gate2_subject_specific_modelset_etard_full_v1/etard_tf64__P15__elasticnet__seed0.pt
184,etard_tf64,P15,cca,0,etard_tf64:P15:cca:seed0,pending,local_checkpoints/gate0_gate2_subject_specific_modelset_etard_full_v1/etard_tf64__P15__cca__seed0.pt
185,etard_tf64,P15,fcnn,0,etard_tf64:P15:fcnn:seed0,pending,local_checkpoints/gate0_gate2_subject_specific_modelset_etard_full_v1/etard_tf64__P15__fcnn__seed0.pt
186,etard_tf64,P15,dnn,0,etard_tf64:P15:dnn:seed0,pending,local_checkpoints/gate0_gate2_subject_specific_modelset_etard_full_v1/etard_tf64__P15__dnn__seed0.pt
187,etard_tf64,P15,cnn,0,etard_tf64:P15:cnn:seed0,pending,local_checkpoints/gate0_gate2_subject_specific_modelset_etard_full_v1/etard_tf64__P15__cnn__seed0.pt
188,etard_tf64,P15,eegnet,0,etard_tf64:P15:eegnet:seed0,pending,local_checkpoints/gate0_gate2_subject_specific_modelset_etard_full_v1/etard_tf64__P15__eegnet__seed0.pt
189,etard_tf64,P15,adt,0,etard_tf64:P15:adt:seed0,pending,local_checkpoints/gate0_gate2_subject_specific_modelset_etard_full_v1/etard_tf64__P15__adt__seed0.pt
190,etard_tf64,P15,vlaai,0,etard_tf64:P15:vlaai:seed0,pending,local_checkpoints/gate0_gate2_subject_specific_modelset_etard_full_v1/etard_tf64__P15__vlaai__seed0.pt
191,etard_tf64,P15,happyquokka,0,etard_tf64:P15:happyquokka:seed0,pending,local_checkpoints/gate0_gate2_subject_specific_modelset_etard_full_v1/etard_tf64__P15__happyquokka__seed0.pt
192,etard_tf64,P16,linear,0,etard_tf64:P16:linear:seed0,pending,local_checkpoints/gate0_gate2_subject_specific_modelset_etard_full_v1/etard_tf64__P16__linear__seed0.pt
193,etard_tf64,P16,ridge,0,etard_tf64:P16:ridge:seed0,pending,local_checkpoints/gate0_gate2_subject_specific_modelset_etard_full_v1/etard_tf64__P16__ridge__seed0.pt
194,etard_tf64,P16,lasso,0,etard_tf64:P16:lasso:seed0,pending,local_checkpoints/gate0_gate2_subject_specific_modelset_etard_full_v1/etard_tf64__P16__lasso__seed0.pt
195,etard_tf64,P16,elasticnet,0,etard_tf64:P16:elasticnet:seed0,pending,local_checkpoints/gate0_gate2_subject_specific_modelset_etard_full_v1/etard_tf64__P16__elasticnet__seed0.pt
196,etard_tf64,P16,cca,0,etard_tf64:P16:cca:seed0,pending,local_checkpoints/gate0_gate2_subject_specific_modelset_etard_full_v1/etard_tf64__P16__cca__seed0.pt
197,etard_tf64,P16,fcnn,0,etard_tf64:P16:fcnn:seed0,pending,local_checkpoints/gate0_gate2_subject_specific_modelset_etard_full_v1/etard_tf64__P16__fcnn__seed0.pt
198,etard_tf64,P16,dnn,0,etard_tf64:P16:dnn:seed0,pending,local_checkpoints/gate0_gate2_subject_specific_modelset_etard_full_v1/etard_tf64__P16__dnn__seed0.pt
199,etard_tf64,P16,cnn,0,etard_tf64:P16:cnn:seed0,pending,local_checkpoints/gate0_gate2_subject_specific_modelset_etard_full_v1/etard_tf64__P16__cnn__seed0.pt
200,etard_tf64,P16,eegnet,0,etard_tf64:P16:eegnet:seed0,pending,local_checkpoints/gate0_gate2_subject_specific_modelset_etard_full_v1/etard_tf64__P16__eegnet__seed0.pt
201,etard_tf64,P16,adt,0,etard_tf64:P16:adt:seed0,pending,local_checkpoints/gate0_gate2_subject_specific_modelset_etard_full_v1/etard_tf64__P16__adt__seed0.pt
202,etard_tf64,P16,vlaai,0,etard_tf64:P16:vlaai:seed0,pending,local_checkpoints/gate0_gate2_subject_specific_modelset_etard_full_v1/etard_tf64__P16__vlaai__seed0.pt
203,etard_tf64,P16,happyquokka,0,etard_tf64:P16:happyquokka:seed0,pending,local_checkpoints/gate0_gate2_subject_specific_modelset_etard_full_v1/etard_tf64__P16__happyquokka__seed0.pt
204,etard_tf64,P17,linear,0,etard_tf64:P17:linear:seed0,pending,local_checkpoints/gate0_gate2_subject_specific_modelset_etard_full_v1/etard_tf64__P17__linear__seed0.pt
205,etard_tf64,P17,ridge,0,etard_tf64:P17:ridge:seed0,pending,local_checkpoints/gate0_gate2_subject_specific_modelset_etard_full_v1/etard_tf64__P17__ridge__seed0.pt
206,etard_tf64,P17,lasso,0,etard_tf64:P17:lasso:seed0,pending,local_checkpoints/gate0_gate2_subject_specific_modelset_etard_full_v1/etard_tf64__P17__lasso__seed0.pt
207,etard_tf64,P17,elasticnet,0,etard_tf64:P17:elasticnet:seed0,pending,local_checkpoints/gate0_gate2_subject_specific_modelset_etard_full_v1/etard_tf64__P17__elasticnet__seed0.pt
208,etard_tf64,P17,cca,0,etard_tf64:P17:cca:seed0,pending,local_checkpoints/gate0_gate2_subject_specific_modelset_etard_full_v1/etard_tf64__P17__cca__seed0.pt
209,etard_tf64,P17,fcnn,0,etard_tf64:P17:fcnn:seed0,pending,local_checkpoints/gate0_gate2_subject_specific_modelset_etard_full_v1/etard_tf64__P17__fcnn__seed0.pt
210,etard_tf64,P17,dnn,0,etard_tf64:P17:dnn:seed0,pending,local_checkpoints/gate0_gate2_subject_specific_modelset_etard_full_v1/etard_tf64__P17__dnn__seed0.pt
211,etard_tf64,P17,cnn,0,etard_tf64:P17:cnn:seed0,pending,local_checkpoints/gate0_gate2_subject_specific_modelset_etard_full_v1/etard_tf64__P17__cnn__seed0.pt
212,etard_tf64,P17,eegnet,0,etard_tf64:P17:eegnet:seed0,pending,local_checkpoints/gate0_gate2_subject_specific_modelset_etard_full_v1/etard_tf64__P17__eegnet__seed0.pt
213,etard_tf64,P17,adt,0,etard_tf64:P17:adt:seed0,pending,local_checkpoints/gate0_gate2_subject_specific_modelset_etard_full_v1/etard_tf64__P17__adt__seed0.pt
214,etard_tf64,P17,vlaai,0,etard_tf64:P17:vlaai:seed0,pending,local_checkpoints/gate0_gate2_subject_specific_modelset_etard_full_v1/etard_tf64__P17__vlaai__seed0.pt
215,etard_tf64,P17,happyquokka,0,etard_tf64:P17:happyquokka:seed0,pending,local_checkpoints/gate0_gate2_subject_specific_modelset_etard_full_v1/etard_tf64__P17__happyquokka__seed0.pt
216,etard_tf64,P18,linear,0,etard_tf64:P18:linear:seed0,pending,local_checkpoints/gate0_gate2_subject_specific_modelset_etard_full_v1/etard_tf64__P18__linear__seed0.pt
217,etard_tf64,P18,ridge,0,etard_tf64:P18:ridge:seed0,pending,local_checkpoints/gate0_gate2_subject_specific_modelset_etard_full_v1/etard_tf64__P18__ridge__seed0.pt
218,etard_tf64,P18,lasso,0,etard_tf64:P18:lasso:seed0,pending,local_checkpoints/gate0_gate2_subject_specific_modelset_etard_full_v1/etard_tf64__P18__lasso__seed0.pt
219,etard_tf64,P18,elasticnet,0,etard_tf64:P18:elasticnet:seed0,pending,local_checkpoints/gate0_gate2_subject_specific_modelset_etard_full_v1/etard_tf64__P18__elasticnet__seed0.pt
220,etard_tf64,P18,cca,0,etard_tf64:P18:cca:seed0,pending,local_checkpoints/gate0_gate2_subject_specific_modelset_etard_full_v1/etard_tf64__P18__cca__seed0.pt
221,etard_tf64,P18,fcnn,0,etard_tf64:P18:fcnn:seed0,pending,local_checkpoints/gate0_gate2_subject_specific_modelset_etard_full_v1/etard_tf64__P18__fcnn__seed0.pt
222,etard_tf64,P18,dnn,0,etard_tf64:P18:dnn:seed0,pending,local_checkpoints/gate0_gate2_subject_specific_modelset_etard_full_v1/etard_tf64__P18__dnn__seed0.pt
223,etard_tf64,P18,cnn,0,etard_tf64:P18:cnn:seed0,pending,local_checkpoints/gate0_gate2_subject_specific_modelset_etard_full_v1/etard_tf64__P18__cnn__seed0.pt
224,etard_tf64,P18,eegnet,0,etard_tf64:P18:eegnet:seed0,pending,local_checkpoints/gate0_gate2_subject_specific_modelset_etard_full_v1/etard_tf64__P18__eegnet__seed0.pt
225,etard_tf64,P18,adt,0,etard_tf64:P18:adt:seed0,pending,local_checkpoints/gate0_gate2_subject_specific_modelset_etard_full_v1/etard_tf64__P18__adt__seed0.pt
226,etard_tf64,P18,vlaai,0,etard_tf64:P18:vlaai:seed0,pending,local_checkpoints/gate0_gate2_subject_specific_modelset_etard_full_v1/etard_tf64__P18__vlaai__seed0.pt
227,etard_tf64,P18,happyquokka,0,etard_tf64:P18:happyquokka:seed0,pending,local_checkpoints/gate0_gate2_subject_specific_modelset_etard_full_v1/etard_tf64__P18__happyquokka__seed0.pt
228,etard_tf64,P19,linear,0,etard_tf64:P19:linear:seed0,pending,local_checkpoints/gate0_gate2_subject_specific_modelset_etard_full_v1/etard_tf64__P19__linear__seed0.pt
229,etard_tf64,P19,ridge,0,etard_tf64:P19:ridge:seed0,pending,local_checkpoints/gate0_gate2_subject_specific_modelset_etard_full_v1/etard_tf64__P19__ridge__seed0.pt
230,etard_tf64,P19,lasso,0,etard_tf64:P19:lasso:seed0,pending,local_checkpoints/gate0_gate2_subject_specific_modelset_etard_full_v1/etard_tf64__P19__lasso__seed0.pt
231,etard_tf64,P19,elasticnet,0,etard_tf64:P19:elasticnet:seed0,pending,local_checkpoints/gate0_gate2_subject_specific_modelset_etard_full_v1/etard_tf64__P19__elasticnet__seed0.pt
232,etard_tf64,P19,cca,0,etard_tf64:P19:cca:seed0,pending,local_checkpoints/gate0_gate2_subject_specific_modelset_etard_full_v1/etard_tf64__P19__cca__seed0.pt
233,etard_tf64,P19,fcnn,0,etard_tf64:P19:fcnn:seed0,pending,local_checkpoints/gate0_gate2_subject_specific_modelset_etard_full_v1/etard_tf64__P19__fcnn__seed0.pt
234,etard_tf64,P19,dnn,0,etard_tf64:P19:dnn:seed0,pending,local_checkpoints/gate0_gate2_subject_specific_modelset_etard_full_v1/etard_tf64__P19__dnn__seed0.pt
235,etard_tf64,P19,cnn,0,etard_tf64:P19:cnn:seed0,pending,local_checkpoints/gate0_gate2_subject_specific_modelset_etard_full_v1/etard_tf64__P19__cnn__seed0.pt
236,etard_tf64,P19,eegnet,0,etard_tf64:P19:eegnet:seed0,pending,local_checkpoints/gate0_gate2_subject_specific_modelset_etard_full_v1/etard_tf64__P19__eegnet__seed0.pt
237,etard_tf64,P19,adt,0,etard_tf64:P19:adt:seed0,pending,local_checkpoints/gate0_gate2_subject_specific_modelset_etard_full_v1/etard_tf64__P19__adt__seed0.pt
238,etard_tf64,P19,vlaai,0,etard_tf64:P19:vlaai:seed0,pending,local_checkpoints/gate0_gate2_subject_specific_modelset_etard_full_v1/etard_tf64__P19__vlaai__seed0.pt
239,etard_tf64,P19,happyquokka,0,etard_tf64:P19:happyquokka:seed0,pending,local_checkpoints/gate0_gate2_subject_specific_modelset_etard_full_v1/etard_tf64__P19__happyquokka__seed0.pt
